tick,tick_ns,buildings,units,unfilled_slots,deliveries_total,construction_completions,hungry_units,deaths_total
512,1472042,80,23,99,0,0,0,0
513,7750083,80,23,98,0,0,0,0
514,4699125,80,23,98,2,0,0,0
515,307167,80,23,98,2,0,0,0
516,2779042,80,23,98,3,0,0,0
517,3891916,80,23,98,3,0,0,0
518,272959,80,23,98,3,0,0,0
519,3344750,80,23,98,3,0,0,0
520,549750,80,23,98,3,0,0,0
521,1029875,80,23,98,3,0,0,0
522,2953084,80,23,98,4,1,0,0
523,565416,80,23,98,4,0,0,0
524,411292,80,23,98,4,0,0,0
525,366041,80,23,98,4,0,0,0
526,23106834,80,23,98,4,0,0,0
527,989500,81,23,99,4,0,0,0
528,4513166,81,23,99,4,0,0,0
529,3959667,81,23,99,4,0,0,0
530,318750,81,23,99,4,0,0,0
531,383791,81,23,99,4,0,0,0
532,279583,81,23,99,4,0,0,0
533,13209917,81,23,99,4,0,0,0
534,1484917,81,23,99,4,0,0,0
535,331000,81,23,99,4,0,0,0
536,674750,81,23,99,4,0,0,0
537,2245875,81,23,99,5,0,0,0
538,457167,81,23,99,5,0,0,0
539,625750,81,23,99,5,0,0,0
540,3600417,81,23,99,5,0,0,0
541,486042,81,23,99,5,0,0,0
542,4213250,81,23,99,5,0,0,0
543,603750,81,23,99,5,0,0,0
