config,method,seed,success,tiles,grass_tiles,sand_tiles,water_tiles,shore,free,fit4,um_grass,um_sand,um_water,seconds,hash,min_local_fit4,worst_wheat_distance,worst_wood_distance,viable_teams,wheat_tiles,wood_tiles,stone_tiles,algae_tiles,status
tuned-1,1,20001,1,16384,9407,255,4976,1746,7350,5769,9863,1127,5394,0.002328,7236876312709859385,778,21,10,4,899,679,376,994,ok
tuned-1,1,20001,1,16384,9407,255,4976,1746,7350,5769,9863,1127,5394,0.001573,7236876312709859385,778,21,10,4,899,679,376,994,ok
tuned-1,1,20501,1,16384,9191,321,4792,2080,7325,5597,9725,1360,5299,0.001470,11881546283155097526,301,11,12,4,850,620,285,994,ok
tuned-1,1,20501,1,16384,9191,321,4792,2080,7325,5597,9725,1360,5299,0.001530,11881546283155097526,301,11,12,4,850,620,285,994,ok
tuned-1,1,21000,1,16384,9279,320,4853,1932,7327,5725,9777,1285,5322,0.001400,7751438996836461236,996,9,12,4,869,652,338,991,ok
tuned-1,1,21000,1,16384,9279,320,4853,1932,7327,5725,9777,1285,5322,0.001391,7751438996836461236,996,9,12,4,869,652,338,991,ok
lobby-before-1,1,20001,1,16384,6754,471,6555,2604,4131,2588,7400,1774,7210,0.001396,139748870996220420,368,6,8,4,954,1175,390,1340,ok
lobby-before-1,1,20001,1,16384,6754,471,6555,2604,4131,2588,7400,1774,7210,0.001401,139748870996220420,368,6,8,4,954,1175,390,1340,ok
lobby-before-1,1,20501,1,16384,6840,429,6644,2471,4168,2505,7464,1664,7256,0.001389,4977281537429872268,115,13,9,4,1171,988,412,1343,ok
lobby-before-1,1,20501,1,16384,6840,429,6644,2471,4168,2505,7464,1664,7256,0.001428,4977281537429872268,115,13,9,4,1171,988,412,1343,ok
lobby-before-1,1,21000,1,16384,6891,436,6749,2308,4170,2660,7471,1589,7324,0.001388,6735253612666609590,0,6,11,3,1117,1046,466,1345,ok
lobby-before-1,1,21000,1,16384,6891,436,6749,2308,4170,2660,7471,1589,7324,0.001379,6735253612666609590,0,6,11,3,1117,1046,466,1345,ok
editor-before-1,1,20001,1,16384,6754,471,6555,2604,4131,2588,7400,1774,7210,0.001390,139748870996220420,368,6,8,4,954,1175,390,1340,ok
editor-before-1,1,20001,1,16384,6754,471,6555,2604,4131,2588,7400,1774,7210,0.001398,139748870996220420,368,6,8,4,954,1175,390,1340,ok
editor-before-1,1,20501,1,16384,6840,429,6644,2471,4168,2505,7464,1664,7256,0.001375,4977281537429872268,115,13,9,4,1171,988,412,1343,ok
editor-before-1,1,20501,1,16384,6840,429,6644,2471,4168,2505,7464,1664,7256,0.001377,4977281537429872268,115,13,9,4,1171,988,412,1343,ok
editor-before-1,1,21000,1,16384,6891,436,6749,2308,4170,2660,7471,1589,7324,0.001397,6735253612666609590,0,6,11,3,1117,1046,466,1345,ok
editor-before-1,1,21000,1,16384,6891,436,6749,2308,4170,2660,7471,1589,7324,0.001378,6735253612666609590,0,6,11,3,1117,1046,466,1345,ok
tuned-2,2,20001,1,16384,9513,491,5328,1052,6543,4781,9852,1012,5520,0.001646,4191021934221583078,316,10,8,4,843,949,1073,964,ok
tuned-2,2,20001,1,16384,9513,491,5328,1052,6543,4781,9852,1012,5520,0.001609,4191021934221583078,316,10,8,4,843,949,1073,964,ok
tuned-2,2,20501,1,16384,8808,673,5478,1425,6243,4704,9280,1375,5729,0.001823,8439390956570754190,430,13,9,4,1078,732,652,966,ok
tuned-2,2,20501,1,16384,8808,673,5478,1425,6243,4704,9280,1375,5729,0.001795,8439390956570754190,430,13,9,4,1078,732,652,966,ok
tuned-2,2,21000,1,16384,9262,538,5620,964,6781,4966,9586,1019,5779,0.001847,7066740042546031422,1028,17,17,4,813,886,690,961,ok
tuned-2,2,21000,1,16384,9262,538,5620,964,6781,4966,9586,1019,5779,0.001815,7066740042546031422,1028,17,17,4,813,886,690,961,ok
lobby-before-2,2,20001,1,16384,3072,8100,3866,1346,1364,101,3611,8774,3999,0.001813,777726936184589491,0,100000,100000,0,599,660,349,665,ok
lobby-before-2,2,20001,1,16384,3072,8100,3866,1346,1364,101,3611,8774,3999,0.001818,777726936184589491,0,100000,100000,0,599,660,349,665,ok
lobby-before-2,2,20501,1,16384,3552,7631,3777,1424,1773,368,4027,8344,4013,0.002202,733371916877052600,0,14,23,3,674,598,407,656,ok
lobby-before-2,2,20501,1,16384,3552,7631,3777,1424,1773,368,4027,8344,4013,0.002155,733371916877052600,0,14,23,3,674,598,407,656,ok
lobby-before-2,2,21000,1,16384,2982,8260,3844,1298,1406,361,3465,8907,4012,0.002198,13340943641762820905,14,29,21,3,415,584,480,668,ok
lobby-before-2,2,21000,1,16384,2982,8260,3844,1298,1406,361,3465,8907,4012,0.002154,13340943641762820905,14,29,21,3,415,584,480,668,ok
editor-before-2,2,20001,1,16384,6965,823,7557,1039,3434,1672,7342,1338,7704,0.001867,10391068363342805221,0,22,14,3,1235,1286,905,1309,ok
editor-before-2,2,20001,1,16384,6965,823,7557,1039,3434,1672,7342,1338,7704,0.001854,10391068363342805221,0,22,14,3,1235,1286,905,1309,ok
editor-before-2,2,20501,1,16384,6919,839,7310,1316,3461,2354,7335,1493,7556,0.002228,14819803826116847058,88,20,18,4,1280,1327,753,1309,ok
editor-before-2,2,20501,1,16384,6919,839,7310,1316,3461,2354,7335,1493,7556,0.002177,14819803826116847058,88,20,18,4,1280,1327,753,1309,ok
editor-before-2,2,21000,1,16384,7178,839,7447,920,3950,2491,7486,1294,7604,0.002235,12906189945981137480,0,13,100000,3,1147,1163,819,1304,ok
editor-before-2,2,21000,1,16384,7178,839,7447,920,3950,2491,7486,1294,7604,0.002203,12906189945981137480,0,13,100000,3,1147,1163,819,1304,ok
tuned-3,3,20001,1,16384,8111,543,5707,2023,5510,3988,8634,1553,6197,0.001487,1647481009891192491,647,12,19,4,1133,937,420,1088,ok
tuned-3,3,20001,1,16384,8111,543,5707,2023,5510,3988,8634,1553,6197,0.001477,1647481009891192491,647,12,19,4,1133,937,420,1088,ok
tuned-3,3,20501,1,16384,8068,500,5700,2116,5526,3976,8628,1554,6202,0.001489,6103560747151277960,684,13,17,4,937,1067,440,1084,ok
tuned-3,3,20501,1,16384,8068,500,5700,2116,5526,3976,8628,1554,6202,0.001559,6103560747151277960,684,13,17,4,937,1067,440,1084,ok
tuned-3,3,21000,1,16384,8097,523,5740,2024,5509,4044,8632,1533,6219,0.001571,2495095458094470499,694,13,19,4,1179,864,446,1080,ok
tuned-3,3,21000,1,16384,8097,523,5740,2024,5509,4044,8632,1533,6219,0.001486,2495095458094470499,694,13,19,4,1179,864,446,1080,ok
lobby-before-3,3,20001,1,16384,3291,7028,3449,2616,1677,154,4043,8332,4009,0.001448,30778153418863319,0,3,18,3,672,558,294,668,ok
lobby-before-3,3,20001,1,16384,3291,7028,3449,2616,1677,154,4043,8332,4009,0.001452,30778153418863319,0,3,18,3,672,558,294,668,ok
lobby-before-3,3,20501,1,16384,3287,6992,3424,2681,1680,209,4046,8327,4011,0.001465,3753254073934274828,12,14,6,3,593,617,301,655,ok
lobby-before-3,3,20501,1,16384,3287,6992,3424,2681,1680,209,4046,8327,4011,0.001478,3753254073934274828,12,14,6,3,593,617,301,655,ok
lobby-before-3,3,21000,1,16384,3365,7020,3458,2541,1696,92,4092,8286,4006,0.001436,13644139312617876094,5,17,17,2,743,506,324,666,ok
lobby-before-3,3,21000,1,16384,3365,7020,3458,2541,1696,92,4092,8286,4006,0.001484,13644139312617876094,5,17,17,2,743,506,324,666,ok
editor-before-3,3,20001,1,16384,6834,825,6806,1919,3791,2454,7339,1783,7262,0.001453,9327537520265182553,307,9,16,4,1383,1126,430,1305,ok
editor-before-3,3,20001,1,16384,6834,825,6806,1919,3791,2454,7339,1783,7262,0.001593,9327537520265182553,307,9,16,4,1383,1126,430,1305,ok
editor-before-3,3,20501,1,16384,6771,813,6797,2003,3775,2375,7306,1812,7266,0.001493,10028766091829275786,228,10,13,4,1069,1374,457,1310,ok
editor-before-3,3,20501,1,16384,6771,813,6797,2003,3775,2375,7306,1812,7266,0.001487,10028766091829275786,228,10,13,4,1069,1374,457,1310,ok
editor-before-3,3,21000,1,16384,6817,826,6839,1902,3785,2497,7322,1775,7287,0.001482,1098603811542596322,445,11,20,4,1442,1007,489,1303,ok
editor-before-3,3,21000,1,16384,6817,826,6839,1902,3785,2497,7322,1775,7287,0.001473,1098603811542596322,445,11,20,4,1442,1007,489,1303,ok
tuned-4,4,20001,1,16384,10601,561,3135,2087,9313,7099,11222,1600,3562,0.001400,497665854563038361,1134,12,18,4,509,463,211,635,ok
tuned-4,4,20001,1,16384,10601,561,3135,2087,9313,7099,11222,1600,3562,0.001419,497665854563038361,1134,12,18,4,509,463,211,635,ok
tuned-4,4,20501,1,16384,10764,517,3288,1815,9341,7383,11310,1417,3657,0.001430,15731772034696496212,977,11,8,4,590,502,227,633,ok
tuned-4,4,20501,1,16384,10764,517,3288,1815,9341,7383,11310,1417,3657,0.001409,15731772034696496212,977,11,8,4,590,502,227,633,ok
tuned-4,4,21000,1,16384,10543,544,3085,2212,9333,6965,11204,1646,3534,0.001508,2911654647191736922,765,16,12,4,504,394,220,632,ok
tuned-4,4,21000,1,16384,10543,544,3085,2212,9333,6965,11204,1646,3534,0.001387,2911654647191736922,765,16,12,4,504,394,220,632,ok
lobby-before-4,4,20001,1,16384,3039,6766,3483,3096,1563,12,4060,8319,4005,0.001440,12247847333818220559,0,10,15,0,559,565,264,661,ok
lobby-before-4,4,20001,1,16384,3039,6766,3483,3096,1563,12,4060,8319,4005,0.001436,12247847333818220559,0,10,15,0,559,565,264,661,ok
lobby-before-4,4,20501,1,16384,2982,6748,3487,3167,1547,15,4042,8331,4011,0.001462,13011545707590804797,0,14,2,0,505,575,267,659,ok
lobby-before-4,4,20501,1,16384,2982,6748,3487,3167,1547,15,4042,8331,4011,0.001425,13011545707590804797,0,14,2,0,505,575,267,659,ok
lobby-before-4,4,21000,1,16384,2905,6571,3493,3415,1467,1,4091,8283,4010,0.001499,8387876905500321656,0,9,12,0,524,567,260,668,ok
lobby-before-4,4,21000,1,16384,2905,6571,3493,3415,1467,1,4091,8283,4010,0.001478,8387876905500321656,0,9,12,0,524,567,260,668,ok
editor-before-4,4,20001,1,16384,6405,911,6524,2544,3752,2026,7111,2182,7091,0.001510,534132936854592146,168,12,14,4,1234,969,360,1300,ok
editor-before-4,4,20001,1,16384,6405,911,6524,2544,3752,2026,7111,2182,7091,0.001528,534132936854592146,168,12,14,4,1234,969,360,1300,ok
editor-before-4,4,20501,1,16384,6322,936,6502,2624,3728,1940,7061,2245,7078,0.001488,5215933450958266103,373,4,10,4,952,1162,386,1309,ok
editor-before-4,4,20501,1,16384,6322,936,6502,2624,3728,1940,7061,2245,7078,0.001512,5215933450958266103,373,4,10,4,952,1162,386,1309,ok
editor-before-4,4,21000,1,16384,6229,979,6405,2771,3745,1627,7011,2360,7013,0.001536,18285104726005743729,317,2,11,4,986,1124,281,1305,ok
editor-before-4,4,21000,1,16384,6229,979,6405,2771,3745,1627,7011,2360,7013,0.001600,18285104726005743729,317,2,11,4,986,1124,281,1305,ok
tuned-5,5,20001,1,16384,10708,72,2522,3082,6320,4202,11440,1610,3334,0.008648,8796819546460754914,614,3,14,4,2385,1891,24,0,ok
tuned-5,5,20001,1,16384,10708,72,2522,3082,6320,4202,11440,1610,3334,0.008828,8796819546460754914,614,3,14,4,2385,1891,24,0,ok
tuned-5,5,20501,1,16384,10609,88,2611,3076,6021,3861,11338,1626,3420,0.008630,663015054387950521,410,3,13,4,2535,1940,24,0,ok
tuned-5,5,20501,1,16384,10609,88,2611,3076,6021,3861,11338,1626,3420,0.008840,663015054387950521,410,3,13,4,2535,1940,24,0,ok
tuned-5,5,21000,1,16384,10701,78,2577,3028,5914,3778,11429,1591,3364,0.008798,1014259870969792461,639,3,13,4,2706,1963,24,0,ok
tuned-5,5,21000,1,16384,10701,78,2577,3028,5914,3778,11429,1591,3364,0.008869,1014259870969792461,639,3,13,4,2706,1963,24,0,ok
lobby-before-5,5,20001,1,16384,9947,69,3812,2556,5768,3789,10553,1345,4486,0.008545,14190710552025588584,446,4,19,4,2110,1960,24,942,ok
lobby-before-5,5,20001,1,16384,9947,69,3812,2556,5768,3789,10553,1345,4486,0.008415,14190710552025588584,446,4,19,4,2110,1960,24,942,ok
lobby-before-5,5,20501,1,16384,9352,77,4088,2867,5210,3316,10031,1512,4841,0.008722,892199855710767603,531,5,8,4,2126,1904,24,1022,ok
lobby-before-5,5,20501,1,16384,9352,77,4088,2867,5210,3316,10031,1512,4841,0.008627,892199855710767603,531,5,8,4,2126,1904,24,1022,ok
lobby-before-5,5,21000,1,16384,7608,103,5466,3207,3965,2212,8330,1703,6351,0.009275,5754814952818073591,239,1,15,4,2126,1389,24,1462,ok
lobby-before-5,5,21000,1,16384,7608,103,5466,3207,3965,2212,8330,1703,6351,0.009541,5754814952818073591,239,1,15,4,2126,1389,24,1462,ok
editor-before-5,5,20001,1,16384,9947,69,3812,2556,5768,3789,10553,1345,4486,0.008698,14190710552025588584,446,4,19,4,2110,1960,24,942,ok
editor-before-5,5,20001,1,16384,9947,69,3812,2556,5768,3789,10553,1345,4486,0.009155,14190710552025588584,446,4,19,4,2110,1960,24,942,ok
editor-before-5,5,20501,1,16384,9352,77,4088,2867,5210,3316,10031,1512,4841,0.009750,892199855710767603,531,5,8,4,2126,1904,24,1022,ok
editor-before-5,5,20501,1,16384,9352,77,4088,2867,5210,3316,10031,1512,4841,0.009035,892199855710767603,531,5,8,4,2126,1904,24,1022,ok
editor-before-5,5,21000,1,16384,7608,103,5466,3207,3965,2212,8330,1703,6351,0.009208,5754814952818073591,239,1,15,4,2126,1389,24,1462,ok
editor-before-5,5,21000,1,16384,7608,103,5466,3207,3965,2212,8330,1703,6351,0.008987,5754814952818073591,239,1,15,4,2126,1389,24,1462,ok
tuned-6,6,20001,1,16384,7085,610,5763,2926,4007,2204,7871,2088,6425,0.007089,12304103321104112221,438,2,13,4,1490,1484,24,100,ok
tuned-6,6,20001,1,16384,7085,610,5763,2926,4007,2204,7871,2088,6425,0.007210,12304103321104112221,438,2,13,4,1490,1484,24,100,ok
tuned-6,6,20501,1,16384,6955,659,5636,3134,3944,2204,7770,2249,6365,0.007064,3674653711095529805,508,2,10,4,1477,1430,24,90,ok
tuned-6,6,20501,1,16384,6955,659,5636,3134,3944,2204,7770,2249,6365,0.007214,3674653711095529805,508,2,10,4,1477,1430,24,90,ok
tuned-6,6,21000,1,16384,6927,545,6085,2827,3930,2045,7710,1969,6705,0.007156,17506490176901605375,402,2,11,4,1432,1461,24,97,ok
tuned-6,6,21000,1,16384,6927,545,6085,2827,3930,2045,7710,1969,6705,0.007244,17506490176901605375,402,2,11,4,1432,1461,24,97,ok
lobby-before-6,6,20001,1,16384,5402,516,7609,2857,3022,1303,6173,1952,8259,0.006771,19701426042986187,295,2,9,4,1168,1108,24,100,ok
lobby-before-6,6,20001,1,16384,5402,516,7609,2857,3022,1303,6173,1952,8259,0.006865,19701426042986187,295,2,9,4,1168,1108,24,100,ok
lobby-before-6,6,20501,1,16384,5251,558,7672,2903,2908,1304,6018,2028,8338,0.006811,4106201817023728705,264,1,7,4,1098,1141,24,87,ok
lobby-before-6,6,20501,1,16384,5251,558,7672,2903,2908,1304,6018,2028,8338,0.006918,4106201817023728705,264,1,7,4,1098,1141,24,87,ok
lobby-before-6,6,21000,1,16384,5298,578,7814,2694,2941,1312,5967,1943,8474,0.006836,5698171167958595975,308,4,9,4,1137,1116,24,100,ok
lobby-before-6,6,21000,1,16384,5298,578,7814,2694,2941,1312,5967,1943,8474,0.006990,5698171167958595975,308,4,9,4,1137,1116,24,100,ok
editor-before-6,6,20001,1,16384,5402,516,7609,2857,3022,1303,6173,1952,8259,0.007029,19701426042986187,295,2,9,4,1168,1108,24,100,ok
editor-before-6,6,20001,1,16384,5402,516,7609,2857,3022,1303,6173,1952,8259,0.007937,19701426042986187,295,2,9,4,1168,1108,24,100,ok
editor-before-6,6,20501,1,16384,5251,558,7672,2903,2908,1304,6018,2028,8338,0.006858,4106201817023728705,264,1,7,4,1098,1141,24,87,ok
editor-before-6,6,20501,1,16384,5251,558,7672,2903,2908,1304,6018,2028,8338,0.007200,4106201817023728705,264,1,7,4,1098,1141,24,87,ok
editor-before-6,6,21000,1,16384,5298,578,7814,2694,2941,1312,5967,1943,8474,0.006863,5698171167958595975,308,4,9,4,1137,1116,24,100,ok
editor-before-6,6,21000,1,16384,5298,578,7814,2694,2941,1312,5967,1943,8474,0.006979,5698171167958595975,308,4,9,4,1137,1116,24,100,ok
tuned-7,7,20001,1,16384,6446,1278,3638,5022,5697,2287,7787,3802,4795,0.005222,6563962122386061614,179,15,39,3,331,228,110,131,ok
tuned-7,7,20001,1,16384,6446,1278,3638,5022,5697,2287,7787,3802,4795,0.005296,6563962122386061614,179,15,39,3,331,228,110,131,ok
tuned-7,7,20501,1,16384,6244,1524,3129,5487,5447,1849,7760,4287,4337,0.005743,1418512893133932774,205,10,16,4,326,225,166,98,ok
tuned-7,7,20501,1,16384,6244,1524,3129,5487,5447,1849,7760,4287,4337,0.005536,1418512893133932774,205,10,16,4,326,225,166,98,ok
tuned-7,7,21000,1,16384,6222,1371,3664,5127,5372,2055,7587,3964,4833,0.005407,17338642348570544084,180,14,15,4,397,189,184,153,ok
tuned-7,7,21000,1,16384,6222,1371,3664,5127,5372,2055,7587,3964,4833,0.005309,17338642348570544084,180,14,15,4,397,189,184,153,ok
lobby-before-7,7,20001,1,16384,3497,4870,3062,4955,2899,611,4685,7427,4272,0.013620,6962223087073903337,57,3,22,4,269,122,127,35,ok
lobby-before-7,7,20001,1,16384,3497,4870,3062,4955,2899,611,4685,7427,4272,0.013592,6962223087073903337,57,3,22,4,269,122,127,35,ok
lobby-before-7,7,20501,1,16384,3481,4487,3125,5291,2944,701,4716,7208,4460,0.013966,18143681547157580530,22,32,33,3,197,159,101,80,ok
lobby-before-7,7,20501,1,16384,3481,4487,3125,5291,2944,701,4716,7208,4460,0.013952,18143681547157580530,22,32,33,3,197,159,101,80,ok
lobby-before-7,7,21000,1,16384,3237,4886,3023,5238,2646,609,4474,7604,4306,0.014231,10301581356321984124,37,25,52,2,269,78,164,108,ok
lobby-before-7,7,21000,1,16384,3237,4886,3023,5238,2646,609,4474,7604,4306,0.014275,10301581356321984124,37,25,52,2,269,78,164,108,ok
editor-before-7,7,20001,1,16384,6045,889,5642,3808,5144,2305,6992,2802,6590,0.010337,5441348822240026548,305,7,25,4,459,166,196,141,ok
editor-before-7,7,20001,1,16384,6045,889,5642,3808,5144,2305,6992,2802,6590,0.010486,5441348822240026548,305,7,25,4,459,166,196,141,ok
editor-before-7,7,20501,1,16384,5829,1032,5310,4213,4946,1932,6885,3150,6349,0.010867,14008927447823689640,146,18,26,4,437,204,162,146,ok
editor-before-7,7,20501,1,16384,5829,1032,5310,4213,4946,1932,6885,3150,6349,0.010648,14008927447823689640,146,18,26,4,437,204,162,146,ok
editor-before-7,7,21000,1,16384,5645,1148,4939,4652,4856,1760,6821,3488,6075,0.011232,6682433128163296705,167,15,17,4,350,179,180,172,ok
editor-before-7,7,21000,1,16384,5645,1148,4939,4652,4856,1760,6821,3488,6075,0.011326,6682433128163296705,167,15,17,4,350,179,180,172,ok
tuned-8,8,20001,1,16384,6097,860,6796,2631,4444,2579,6616,2177,7591,0.001910,12470849552339653959,454,5,6,4,679,890,4,98,ok
tuned-8,8,20001,1,16384,6097,860,6796,2631,4444,2579,6616,2177,7591,0.001921,12470849552339653959,454,5,6,4,679,890,4,98,ok
tuned-8,8,20501,1,16384,5849,730,7228,2577,4247,2435,6337,2020,8027,0.001817,13215987932306007685,448,5,6,4,613,905,4,100,ok
tuned-8,8,20501,1,16384,5849,730,7228,2577,4247,2435,6337,2020,8027,0.001939,13215987932306007685,448,5,6,4,613,905,4,100,ok
tuned-8,8,21000,1,16384,7152,831,5801,2600,5423,3292,7682,2135,6567,0.002315,12476311811325000347,537,5,6,4,756,889,4,75,ok
tuned-8,8,21000,1,16384,7152,831,5801,2600,5423,3292,7682,2135,6567,0.002304,12476311811325000347,537,5,6,4,756,889,4,75,ok
lobby-before-8,8,20001,1,16384,3697,660,9899,2128,2771,1406,4073,1726,10585,0.001664,4180245149111131741,220,4,5,4,408,434,4,99,ok
lobby-before-8,8,20001,1,16384,3697,660,9899,2128,2771,1406,4073,1726,10585,0.001676,4180245149111131741,220,4,5,4,408,434,4,99,ok
lobby-before-8,8,20501,1,16384,3712,568,10100,2004,2645,1228,4096,1569,10719,0.001582,9611178156836289621,279,4,5,4,437,546,4,99,ok
lobby-before-8,8,20501,1,16384,3712,568,10100,2004,2645,1228,4096,1569,10719,0.001591,9611178156836289621,279,4,5,4,437,546,4,99,ok
lobby-before-8,8,21000,1,16384,4512,752,8699,2421,3522,1874,4984,1962,9438,0.002234,6698919977238265756,321,4,5,4,407,499,4,75,ok
lobby-before-8,8,21000,1,16384,4512,752,8699,2421,3522,1874,4984,1962,9438,0.002118,6698919977238265756,321,4,5,4,407,499,4,75,ok
editor-before-8,8,20001,1,16384,3697,660,9899,2128,2771,1406,4073,1726,10585,0.001670,4180245149111131741,220,4,5,4,408,434,4,99,ok
editor-before-8,8,20001,1,16384,3697,660,9899,2128,2771,1406,4073,1726,10585,0.001669,4180245149111131741,220,4,5,4,408,434,4,99,ok
editor-before-8,8,20501,1,16384,3712,568,10100,2004,2645,1228,4096,1569,10719,0.001578,9611178156836289621,279,4,5,4,437,546,4,99,ok
editor-before-8,8,20501,1,16384,3712,568,10100,2004,2645,1228,4096,1569,10719,0.001563,9611178156836289621,279,4,5,4,437,546,4,99,ok
editor-before-8,8,21000,1,16384,4512,752,8699,2421,3522,1874,4984,1962,9438,0.002103,6698919977238265756,321,4,5,4,407,499,4,75,ok
editor-before-8,8,21000,1,16384,4512,752,8699,2421,3522,1874,4984,1962,9438,0.002220,6698919977238265756,321,4,5,4,407,499,4,75,ok
