stage,config,method,attempts,successes,all_teams_proxy,grass_mean_pct,free_mean_pct
sweep,m1-baseline,1,32,32,24,41.6778564453125,25.34923553466797
sweep,m1-000,1,32,32,30,61.87267303466797,51.827239990234375
sweep,m1-001,1,32,32,27,51.32942199707031,35.90049743652344
sweep,m1-002,1,32,32,31,58.69312286376953,46.25053405761719
sweep,m1-003,1,32,32,32,60.47649383544922,51.39484405517578
sweep,m1-004,1,32,32,31,48.78654479980469,35.66913604736328
sweep,m1-005,1,32,32,22,48.696327209472656,32.06043243408203
sweep,m1-006,1,32,32,32,69.34852600097656,61.747169494628906
sweep,m1-007,1,32,32,30,51.68895721435547,39.6636962890625
sweep,m1-008,1,32,32,31,66.91455841064453,57.563018798828125
sweep,m1-009,1,32,32,26,46.14238739013672,31.863784790039062
sweep,m1-010,1,32,32,32,65.9566879272461,57.31239318847656
sweep,m1-011,1,32,32,30,72.98450469970703,66.44363403320312
sweep,m1-012,1,32,32,32,68.19000244140625,61.21959686279297
sweep,m1-013,1,32,32,32,56.563758850097656,44.58293914794922
sweep,m1-014,1,32,32,30,61.226654052734375,49.741172790527344
sweep,m1-015,1,32,32,31,56.21223449707031,45.74108123779297
sweep,m1-016,1,32,32,30,55.15327453613281,44.341468811035156
sweep,m1-017,1,32,32,32,57.63397216796875,46.051788330078125
sweep,m1-018,1,32,31,27,73.74720419606855,66.80790070564517
sweep,m1-019,1,32,32,27,53.173255920410156,39.870643615722656
sweep,m1-020,1,32,32,28,50.282859802246094,35.79120635986328
sweep,m1-021,1,32,32,30,55.788612365722656,43.51024627685547
sweep,m1-022,1,32,32,26,47.61848449707031,31.995582580566406
sweep,m1-023,1,32,32,31,54.35314178466797,43.27983856201172
sweep,m1-024,1,32,32,31,58.80718231201172,49.184417724609375
sweep,m1-025,1,32,32,31,64.66045379638672,56.7901611328125
sweep,m1-026,1,32,32,30,64.53723907470703,55.462646484375
sweep,m1-027,1,32,32,26,57.628822326660156,44.7784423828125
sweep,m1-028,1,32,32,25,56.83708190917969,43.70460510253906
sweep,m1-029,1,32,32,31,71.89254760742188,65.84968566894531
sweep,m1-030,1,32,32,32,63.20629119873047,54.95033264160156
sweep,m1-031,1,32,32,24,54.216957092285156,40.023231506347656
sweep,m1-032,1,32,32,29,60.172271728515625,49.53269958496094
sweep,m1-033,1,32,32,31,62.86430358886719,52.00843811035156
sweep,m1-034,1,32,31,30,65.48501291582662,55.65520255796371
sweep,m1-035,1,32,31,31,70.21838772681451,62.083188949092744
sweep,m2-baseline,2,32,28,13,43.246895926339285,23.040335518973215
sweep,m2-000,2,32,24,10,50.654093424479164,33.35240681966146
sweep,m2-001,2,32,32,25,54.31480407714844,40.50121307373047
sweep,m2-002,2,32,29,26,63.93011685075431,52.367322198275865
sweep,m2-003,2,32,30,15,67.52970377604167,60.505167643229164
sweep,m2-004,2,32,25,10,60.531494140625,45.630859375
sweep,m2-005,2,32,32,29,66.31126403808594,56.98585510253906
sweep,m2-006,2,32,32,12,75.37689208984375,69.83165740966797
sweep,m2-007,2,32,31,25,49.03072234122984,32.02494959677419
sweep,m2-008,2,32,30,9,78.3209228515625,73.4490966796875
sweep,m2-009,2,32,28,14,56.107875279017854,40.6219482421875
sweep,m2-010,2,32,23,7,60.76978600543478,47.00503141983695
sweep,m2-011,2,32,25,8,70.500244140625,62.0078125
sweep,m2-012,2,32,31,8,66.88901839717742,58.72034872731855
sweep,m2-013,2,32,30,20,62.295328776041664,51.248575846354164
sweep,m2-014,2,32,27,11,69.98358832465277,61.43211082175926
sweep,m2-015,2,32,31,8,71.01794827368951,63.572446761592744
sweep,m2-016,2,32,32,25,53.455162048339844,40.35835266113281
sweep,m2-017,2,32,32,24,58.41865539550781,49.24888610839844
sweep,m2-018,2,32,29,7,69.76907664331897,61.21068494073276
sweep,m2-019,2,32,32,23,65.07301330566406,55.326271057128906
sweep,m2-020,2,32,27,15,70.38076895254629,63.565628616898145
sweep,m2-021,2,32,28,4,67.73311070033482,59.47178431919643
sweep,m2-022,2,32,32,26,64.24293518066406,54.15458679199219
sweep,m2-023,2,32,20,8,71.220703125,63.14422607421875
sweep,m2-024,2,32,29,16,74.22548491379311,67.79258991109914
sweep,m2-025,2,32,31,8,74.03958228326613,66.8551537298387
sweep,m2-026,2,32,29,11,67.2986260775862,59.14727572737069
sweep,m2-027,2,32,27,10,49.465603298611114,31.76020869502315
sweep,m2-028,2,32,22,12,50.81065784801137,32.81527432528409
sweep,m2-029,2,32,30,21,55.812784830729164,42.0953369140625
sweep,m2-030,2,32,27,11,56.362123842592595,40.903275101273145
sweep,m2-031,2,32,32,26,66.16630554199219,58.5968017578125
sweep,m2-032,2,32,32,25,58.856773376464844,46.66423797607422
sweep,m2-033,2,32,32,22,48.949623107910156,33.380889892578125
sweep,m2-034,2,32,32,28,55.871009826660156,40.525054931640625
sweep,m2-035,2,32,32,7,69.97661590576172,61.36341094970703
sweep,m2-036,2,32,25,6,61.765869140625,48.693359375
sweep,m2-037,2,32,32,28,58.44154357910156,47.45349884033203
sweep,m2-038,2,32,26,11,56.36878380408654,40.03530649038461
sweep,m2-039,2,32,29,6,63.031847723599135,51.1651400862069
sweep,m2-040,2,32,23,12,65.30124830163044,54.149594514266305
sweep,m2-041,2,32,27,8,62.37227828414352,49.459951895254626
sweep,m2-042,2,32,30,25,60.5474853515625,47.23876953125
sweep,m2-043,2,32,32,20,58.65211486816406,49.437713623046875
sweep,m2-044,2,32,22,6,59.37056107954545,44.69049627130682
sweep,m2-045,2,32,32,28,60.68134307861328,50.226783752441406
sweep,m2-046,2,32,29,23,63.7811068830819,53.063122979525865
sweep,m2-047,2,32,23,6,56.169858186141305,40.49470320991848
sweep,m2-048,2,32,28,7,60.526602608816965,47.985403878348215
sweep,m2-049,2,32,30,8,74.92390950520833,69.00899251302083
sweep,m2-050,2,32,32,25,53.640174865722656,41.87297821044922
sweep,m2-051,2,32,29,17,66.56599373653017,56.97484509698276
sweep,m2-052,2,32,25,6,77.80322265625,71.74169921875
sweep,m2-053,2,32,26,7,56.26737154447115,39.910888671875
sweep,m2-054,2,32,28,6,71.21516636439732,61.677769252232146
sweep,m2-055,2,32,26,16,62.65517014723558,51.56179574819711
sweep,m2-056,2,32,32,24,52.66876220703125,42.189788818359375
sweep,m2-057,2,32,26,8,71.6869647686298,64.7918701171875
sweep,m2-058,2,32,22,8,59.87548828125,46.01801091974432
sweep,m2-059,2,32,31,5,71.31209834929436,63.868959488407256
sweep,m2-060,2,32,24,10,67.0977274576823,56.382242838541664
sweep,m2-061,2,32,23,5,61.44223420516305,48.49110478940217
sweep,m2-062,2,32,32,25,57.398223876953125,48.36864471435547
sweep,m2-063,2,32,26,5,60.00319260817308,46.09938401442308
sweep,m2-064,2,32,25,14,60.509033203125,46.844970703125
sweep,m2-065,2,32,23,7,75.72764521059783,69.80617357336956
sweep,m2-066,2,32,26,8,56.28427358774039,40.97031813401442
sweep,m2-067,2,32,29,7,77.1497002963362,71.0644952182112
sweep,m2-068,2,32,32,24,59.398460388183594,47.33467102050781
sweep,m2-069,2,32,29,24,61.03263065732759,47.860402074353445
sweep,m2-070,2,32,31,10,70.62338552167338,61.11292685231855
sweep,m2-071,2,32,28,12,65.49791608537946,55.208914620535715
sweep,m3-baseline,3,32,32,31,40.93170166015625,22.878456115722656
sweep,m3-000,3,32,32,32,51.46903991699219,40.28759002685547
sweep,m3-001,3,32,32,31,55.805397033691406,48.502349853515625
sweep,m3-002,3,32,32,31,51.514625549316406,40.05756378173828
sweep,m3-003,3,32,32,31,47.9888916015625,32.33661651611328
sweep,m3-004,3,32,32,31,41.815948486328125,26.105880737304688
sweep,m3-005,3,32,32,32,49.55940246582031,34.45453643798828
sweep,m3-006,3,32,32,31,51.033782958984375,40.967369079589844
sweep,m3-007,3,32,32,31,46.955299377441406,34.22698974609375
sweep,m3-008,3,32,32,31,59.569358825683594,53.736114501953125
sweep,m3-009,3,32,32,30,43.2373046875,26.207733154296875
sweep,m3-010,3,32,32,32,53.05347442626953,40.22960662841797
sweep,m3-011,3,32,32,32,55.00164031982422,46.91638946533203
sweep,m3-012,3,32,32,31,47.625160217285156,34.991455078125
sweep,m3-013,3,32,32,31,45.96977233886719,33.117103576660156
sweep,m3-014,3,32,32,30,61.26441955566406,54.580116271972656
sweep,m3-015,3,32,32,31,43.99089813232422,27.770233154296875
sweep,m3-016,3,32,32,31,48.421478271484375,34.35516357421875
sweep,m3-017,3,32,32,32,44.85187530517578,28.464508056640625
sweep,m3-018,3,32,32,32,53.075218200683594,40.45677185058594
sweep,m3-019,3,32,32,32,53.02391052246094,40.463829040527344
sweep,m3-020,3,32,32,32,57.83882141113281,47.91831970214844
sweep,m3-021,3,32,32,32,57.79438018798828,47.890472412109375
sweep,m3-022,3,32,32,31,52.56195068359375,41.67652130126953
sweep,m3-023,3,32,32,31,39.60990905761719,22.19829559326172
sweep,m3-024,3,32,32,30,40.306854248046875,21.680450439453125
sweep,m3-025,3,32,32,31,43.16577911376953,26.185226440429688
sweep,m3-026,3,32,32,31,59.821510314941406,52.947235107421875
sweep,m3-027,3,32,32,32,48.363494873046875,34.35688018798828
sweep,m3-028,3,32,32,32,53.03802490234375,40.19584655761719
sweep,m3-029,3,32,32,32,56.14604949951172,47.54962921142578
sweep,m3-030,3,32,32,31,43.88313293457031,25.54168701171875
sweep,m3-031,3,32,32,32,55.345726013183594,46.11072540283203
sweep,m3-032,3,32,32,28,38.306427001953125,22.082901000976562
sweep,m3-033,3,32,32,32,56.916236877441406,46.375465393066406
sweep,m3-034,3,32,32,29,40.35987854003906,21.67377471923828
sweep,m3-035,3,32,32,31,50.96912384033203,41.3848876953125
sweep,m3-036,3,32,32,31,38.99688720703125,21.55017852783203
sweep,m3-037,3,32,32,32,38.256263732910156,22.06707000732422
sweep,m3-038,3,32,32,32,51.47743225097656,39.888763427734375
sweep,m3-039,3,32,32,31,48.08502197265625,34.35535430908203
sweep,m3-040,3,32,32,31,46.55914306640625,32.22332000732422
sweep,m3-041,3,32,32,32,56.622314453125,47.33467102050781
sweep,m3-042,3,32,32,32,57.82203674316406,47.88818359375
sweep,m3-043,3,32,32,30,39.008331298828125,21.545791625976562
sweep,m3-044,3,32,32,30,61.49768829345703,53.534889221191406
sweep,m3-045,3,32,32,31,51.49078369140625,39.897918701171875
sweep,m3-046,3,32,32,32,52.53887176513672,40.830230712890625
sweep,m3-047,3,32,32,29,61.48719787597656,53.542137145996094
sweep,m3-048,3,32,32,30,40.368080139160156,21.668052673339844
sweep,m3-049,3,32,32,31,41.748046875,26.067543029785156
sweep,m3-050,3,32,32,32,55.83362579345703,48.545265197753906
sweep,m3-051,3,32,32,31,46.92363739013672,34.246063232421875
sweep,m3-052,3,32,32,32,56.183624267578125,47.53437042236328
sweep,m3-053,3,32,32,32,57.421302795410156,49.04441833496094
sweep,m3-054,3,32,32,31,46.608734130859375,32.224082946777344
sweep,m3-055,3,32,32,32,56.580543518066406,47.32074737548828
sweep,m3-056,3,32,32,31,59.522247314453125,53.72333526611328
sweep,m3-057,3,32,32,32,52.52819061279297,41.17546081542969
sweep,m3-058,3,32,32,30,42.47913360595703,25.4150390625
sweep,m3-059,3,32,32,28,39.01939392089844,21.560096740722656
sweep,m3-060,3,32,32,31,48.07167053222656,32.33470916748047
sweep,m3-061,3,32,32,32,49.04041290283203,35.11333465576172
sweep,m3-062,3,32,32,32,56.21757507324219,47.56603240966797
sweep,m3-063,3,32,32,31,53.070831298828125,40.46287536621094
sweep,m3-064,3,32,32,32,49.09477233886719,35.11505126953125
sweep,m3-065,3,32,32,31,61.23218536376953,54.563331604003906
sweep,m3-066,3,32,32,32,55.77831268310547,48.52619171142578
sweep,m3-067,3,32,32,32,48.88191223144531,33.576011657714844
sweep,m3-068,3,32,32,31,45.928382873535156,33.11023712158203
sweep,m3-069,3,32,32,30,43.433380126953125,28.339767456054688
sweep,m3-070,3,32,32,32,47.61371612548828,35.02063751220703
sweep,m3-071,3,32,32,31,47.487449645996094,33.483314514160156
sweep,m4-baseline,4,32,32,28,38.373756408691406,22.818374633789062
sweep,m4-000,4,32,32,19,67.48180389404297,58.82301330566406
sweep,m4-001,4,32,32,30,69.22607421875,64.46075439453125
sweep,m4-002,4,32,32,30,75.3946304321289,72.18894958496094
sweep,m4-003,4,32,32,30,63.07830810546875,53.838157653808594
sweep,m4-004,4,32,32,29,65.44380187988281,57.182884216308594
sweep,m4-005,4,32,32,32,56.30626678466797,48.81725311279297
sweep,m4-006,4,32,32,30,58.64543914794922,49.251365661621094
sweep,m4-007,4,32,32,30,69.00005340576172,62.45536804199219
sweep,m4-008,4,32,32,32,50.905418395996094,41.51897430419922
sweep,m4-009,4,32,32,31,60.27069091796875,52.036285400390625
sweep,m4-010,4,32,32,30,62.850189208984375,55.03368377685547
sweep,m4-011,4,32,32,29,65.2608871459961,58.736419677734375
sweep,m4-012,4,32,32,32,56.68525695800781,47.79243469238281
sweep,m4-013,4,32,32,25,53.655433654785156,40.43598175048828
sweep,m4-014,4,32,32,30,59.01603698730469,48.02055358886719
sweep,m4-015,4,32,32,28,69.08206939697266,63.707733154296875
sweep,m4-016,4,32,32,29,67.05303192138672,62.40501403808594
sweep,m4-017,4,32,32,29,69.42405700683594,64.70394134521484
sweep,m4-018,4,32,32,30,67.25883483886719,61.52229309082031
sweep,m4-019,4,32,32,32,60.37445068359375,54.08172607421875
sweep,m4-020,4,32,32,19,71.21353149414062,62.410545349121094
sweep,m4-021,4,32,32,31,57.9498291015625,51.35078430175781
sweep,m4-022,4,32,32,32,63.118934631347656,56.432342529296875
sweep,m4-023,4,32,32,30,58.8653564453125,47.92613983154297
sweep,m4-024,4,32,32,30,67.29278564453125,61.85111999511719
sweep,m4-025,4,32,32,27,58.524131774902344,49.15618896484375
sweep,m4-026,4,32,32,30,67.19741821289062,62.43267059326172
sweep,m4-027,4,32,32,12,78.72085571289062,74.45430755615234
sweep,m4-028,4,32,32,24,62.425994873046875,50.363922119140625
sweep,m4-029,4,32,32,31,62.832069396972656,55.048561096191406
sweep,m4-030,4,32,32,27,55.33580780029297,41.6717529296875
sweep,m4-031,4,32,32,31,60.87226867675781,53.400421142578125
sweep,m4-032,4,32,32,31,51.471519470214844,40.37132263183594
sweep,m4-033,4,32,32,23,67.30518341064453,57.122039794921875
sweep,m4-034,4,32,32,32,51.47991180419922,40.415000915527344
sweep,m4-035,4,32,32,26,53.780555725097656,40.51399230957031
sweep,m4-036,4,32,32,16,74.89433288574219,68.1924819946289
sweep,m4-037,4,32,32,32,74.8880386352539,70.99113464355469
sweep,m4-038,4,32,32,30,69.00272369384766,62.18585968017578
sweep,m4-039,4,32,32,30,69.19727325439453,62.30430603027344
sweep,m4-040,4,32,32,21,67.57354736328125,58.94184112548828
sweep,m4-041,4,32,32,15,71.53816223144531,65.10295867919922
sweep,m4-042,4,32,32,32,63.22765350341797,57.73506164550781
sweep,m4-043,4,32,32,23,67.36392974853516,58.73832702636719
sweep,m4-044,4,32,32,13,78.22589874267578,72.46723175048828
sweep,m4-045,4,32,32,31,71.69971466064453,67.18597412109375
sweep,m4-046,4,32,32,32,67.15736389160156,61.702919006347656
sweep,m4-047,4,32,32,18,78.01876068115234,72.32303619384766
sweep,m4-048,4,32,32,31,67.32444763183594,63.050270080566406
sweep,m4-049,4,32,32,32,53.223228454589844,41.750335693359375
sweep,m4-050,4,32,32,26,73.51608276367188,69.65599060058594
sweep,m4-051,4,32,32,29,63.092803955078125,57.703208923339844
sweep,m4-052,4,32,32,17,71.4242935180664,64.99214172363281
sweep,m4-053,4,32,32,15,75.48160552978516,70.3399658203125
sweep,m4-054,4,32,32,31,58.02764892578125,51.3519287109375
sweep,m4-055,4,32,32,32,71.8404769897461,68.25370788574219
sweep,m4-056,4,32,32,23,67.49629974365234,57.26661682128906
sweep,m4-057,4,32,32,13,75.69007873535156,70.52249908447266
sweep,m4-058,4,32,32,27,61.01341247558594,49.36046600341797
sweep,m4-059,4,32,32,31,51.24645233154297,40.29655456542969
sweep,m4-060,4,32,32,30,60.57472229003906,50.33607482910156
sweep,m4-061,4,32,32,25,62.609100341796875,52.18696594238281
sweep,m4-062,4,32,32,29,69.16770935058594,62.30792999267578
sweep,m4-063,4,32,32,19,71.1202621459961,63.83171081542969
sweep,m4-064,4,32,32,25,62.499046325683594,52.056312561035156
sweep,m4-065,4,32,32,15,71.32606506347656,64.91203308105469
sweep,m4-066,4,32,32,30,60.40515899658203,50.24433135986328
sweep,m4-067,4,32,32,32,57.76348114013672,51.16310119628906
sweep,m4-068,4,32,32,30,60.959434509277344,47.95246124267578
sweep,m4-069,4,32,32,31,60.538482666015625,50.35057067871094
sweep,m4-070,4,32,32,24,61.18144989013672,48.13728332519531
sweep,m4-071,4,32,32,31,60.63194274902344,54.276084899902344
sweep,m5-baseline,5,32,32,32,57.908058166503906,32.98664093017578
sweep,m6-baseline,6,32,32,32,32.39288330078125,17.96550750732422
sweep,m7-baseline,7,32,32,15,34.915733337402344,29.869461059570312
sweep,m7-000,7,32,27,26,59.158890335648145,53.17428023726852
sweep,m7-001,7,32,26,24,59.70811110276442,53.77995417668269
sweep,m7-002,7,32,31,27,45.15715568296371,39.58602413054435
sweep,m7-003,7,32,30,28,59.894612630208336,53.938395182291664
sweep,m7-004,7,32,4,4,82.42950439453125,76.1260986328125
sweep,m7-005,7,32,9,9,72.67591688368056,66.51136610243056
sweep,m7-006,7,32,29,26,54.739485115840516,48.8531704606681
sweep,m7-007,7,32,31,22,46.074848790322584,40.504898563508064
sweep,m7-008,7,32,27,24,49.08311631944444,43.312807436342595
sweep,m7-009,7,32,32,26,47.759246826171875,42.06123352050781
sweep,m7-010,7,32,27,25,56.45209418402778,50.4993580005787
sweep,m7-011,7,32,28,24,48.979404994419646,43.351309640066965
sweep,m7-012,7,32,29,28,58.2647915544181,52.38857926993534
sweep,m7-013,7,32,13,13,67.90630634014423,61.74504206730769
sweep,m7-014,7,32,22,21,61.63662997159091,55.53255948153409
sweep,m7-015,7,32,6,6,76.123046875,69.89949544270833
sweep,m7-016,7,32,9,9,72.38226996527777,66.12887912326389
sweep,m7-017,7,32,5,5,74.9951171875,68.775634765625
sweep,m7-018,7,32,19,19,58.209228515625,52.24609375
sweep,m7-019,7,32,23,21,59.75394870923913,53.714652683423914
sweep,m7-020,7,32,8,8,72.85842895507812,66.632080078125
sweep,m7-021,7,32,27,26,58.31931785300926,52.36364293981482
sweep,m7-022,7,32,9,9,72.38226996527777,66.12887912326389
sweep,m7-023,7,32,25,24,64.789794921875,58.7880859375
sweep,m7-024,7,32,12,11,68.05216471354167,61.91558837890625
sweep,m7-025,7,32,18,18,68.17660861545139,62.004597981770836
sweep,m7-026,7,32,16,16,65.23857116699219,59.1033935546875
sweep,m7-027,7,32,21,20,65.29395693824405,59.149169921875
sweep,m7-028,7,32,12,11,68.05216471354167,61.91558837890625
sweep,m7-029,7,32,29,26,55.23450127963362,49.346081963900865
sweep,m7-030,7,32,32,27,43.28022003173828,37.76283264160156
sweep,m7-031,7,32,27,24,57.0384837962963,51.053195529513886
sweep,m7-032,7,32,28,26,54.138401576450896,48.27510288783482
sweep,m7-033,7,32,5,5,73.94775390625,67.68310546875
sweep,m7-034,7,32,30,24,46.910807291666664,41.297810872395836
sweep,m7-035,7,32,31,26,54.793228641633064,48.876362462197584
sweep,m7-036,7,32,23,22,61.43506920855978,55.38595448369565
sweep,m7-037,7,32,18,18,68.7103271484375,62.65801323784722
sweep,m7-038,7,32,21,20,62.87783668154762,56.92778087797619
sweep,m7-039,7,32,18,16,63.970947265625,57.82402886284722
sweep,m7-040,7,32,24,24,65.86710611979167,59.829203287760414
sweep,m7-041,7,32,30,29,57.961629231770836,52.037760416666664
sweep,m7-042,7,32,5,5,73.994140625,67.711181640625
sweep,m7-043,7,32,11,11,71.05213512073864,64.94972922585227
sweep,m7-044,7,32,25,25,56.78076171875,50.7412109375
sweep,m7-045,7,32,30,24,46.800740559895836,41.1279296875
sweep,m7-046,7,32,28,26,52.256992885044646,46.384102957589285
sweep,m7-047,7,32,18,17,66.95421006944444,60.79271104600694
sweep,m7-048,7,32,27,25,60.41915328414352,54.446976273148145
sweep,m7-049,7,32,6,6,73.8922119140625,67.67679850260417
sweep,m7-050,7,32,30,25,50.135294596354164,44.329630533854164
sweep,m7-051,7,32,20,19,63.310546875,57.2515869140625
sweep,m7-052,7,32,4,4,76.98516845703125,70.72601318359375
sweep,m7-053,7,32,22,21,64.85512473366477,58.80237926136363
sweep,m7-054,7,32,30,25,54.130859375,48.285929361979164
sweep,m7-055,7,32,4,4,74.7344970703125,68.44329833984375
sweep,m7-056,7,32,29,28,53.19845265355603,47.348127693965516
sweep,m7-057,7,32,21,21,63.32484654017857,57.33642578125
sweep,m7-058,7,32,11,11,67.75568181818181,61.67658025568182
sweep,m7-059,7,32,26,24,62.02650803786058,55.98825307992789
sweep,m7-060,7,32,24,22,55.904388427734375,50.058746337890625
sweep,m7-061,7,32,31,29,51.00353610131048,45.331598097278224
sweep,m7-062,7,32,23,18,61.47593622622283,55.457339079483695
sweep,m7-063,7,32,17,17,69.14170209099265,63.01951688878677
sweep,m7-064,7,32,28,25,53.802708217075896,47.938319614955354
sweep,m7-065,7,32,29,24,54.04873551993534,48.16115806842672
sweep,m7-066,7,32,16,16,62.456512451171875,56.407928466796875
sweep,m7-067,7,32,12,12,66.00087483723958,59.87548828125
sweep,m7-068,7,32,31,28,53.882426600302416,48.02974577872984
sweep,m7-069,7,32,22,20,59.52842018821023,53.63186922940341
sweep,m7-070,7,32,5,5,76.947021484375,70.6591796875
sweep,m7-071,7,32,21,20,59.560430617559526,53.59991164434524
sweep,m8-baseline,8,32,32,32,24.933433532714844,18.548583984375
sweep,m8-000,8,32,32,32,39.12029266357422,28.679847717285156
sweep,m8-001,8,32,32,32,28.156089782714844,20.503807067871094
sweep,m8-002,8,32,32,32,35.237884521484375,24.6826171875
sweep,m8-003,8,32,32,32,35.21080017089844,24.65648651123047
sweep,m8-004,8,32,32,32,47.91698455810547,34.04197692871094
sweep,m8-005,8,32,32,32,52.70404815673828,36.82212829589844
sweep,m8-006,8,32,32,32,39.089393615722656,28.64990234375
sweep,m8-007,8,32,32,32,52.67143249511719,36.791038513183594
sweep,m8-008,8,32,32,32,24.933433532714844,18.548583984375
sweep,m8-009,8,32,32,32,35.26763916015625,24.71332550048828
sweep,m8-010,8,32,32,32,52.634429931640625,36.754798889160156
sweep,m8-011,8,32,32,32,24.959564208984375,18.573951721191406
sweep,m8-012,8,32,32,32,47.88818359375,34.01203155517578
sweep,m8-013,8,32,32,32,28.18145751953125,20.52783966064453
sweep,m8-014,8,32,32,32,28.130149841308594,20.482826232910156
sweep,m8-015,8,32,32,32,47.94578552246094,34.06181335449219
sweep,m8-016,8,32,32,32,39.15271759033203,28.711318969726562
sweep,m8-017,8,32,32,32,24.911117553710938,18.5272216796875
new-controls,m5-width3,5,64,61,61,81.91338210809427,48.162141393442624
new-controls,m5-width4,5,64,63,63,72.3264663938492,41.91381060887897
new-controls,m5-width5,5,64,63,61,63.815356057787696,36.62651909722222
new-controls,m5-width6,5,64,62,62,56.236020980342744,31.750980500252016
new-controls,m5-width7,5,64,64,64,48.90155792236328,27.200698852539062
new-controls,m5-width8,5,64,63,62,42.647298177083336,23.36328900049603
new-controls,m5-width9,5,64,62,62,36.749267578125,19.79251984627016
new-controls,m5-width10,5,64,63,63,31.613982669890873,16.743590339781747
new-controls,m6-size35-width3,6,64,64,63,17.45166778564453,9.026336669921875
new-controls,m6-size35-width4,6,64,64,63,19.280719757080078,10.608863830566406
new-controls,m6-size35-width5,6,64,64,64,21.783447265625,12.753009796142578
new-controls,m6-size35-width6,6,64,64,63,24.060630798339844,14.507770538330078
new-controls,m6-size35-width7,6,64,64,64,25.776958465576172,15.690135955810547
new-controls,m6-size40-width3,6,64,64,63,19.93722915649414,10.344219207763672
new-controls,m6-size40-width4,6,64,64,64,21.757221221923828,11.94915771484375
new-controls,m6-size40-width5,6,64,64,64,24.166488647460938,13.968086242675781
new-controls,m6-size40-width6,6,64,64,64,26.389122009277344,15.73476791381836
new-controls,m6-size40-width7,6,64,64,64,28.08542251586914,16.834259033203125
new-controls,m6-size45-width3,6,64,64,64,25.04405975341797,13.1927490234375
new-controls,m6-size45-width4,6,64,64,63,26.782703399658203,14.699268341064453
new-controls,m6-size45-width5,6,64,64,64,29.024982452392578,16.567134857177734
new-controls,m6-size45-width6,6,64,64,64,31.075382232666016,18.146610260009766
new-controls,m6-size45-width7,6,64,64,64,32.695579528808594,19.176959991455078
new-controls,m6-size50-width3,6,64,64,64,30.739498138427734,16.50371551513672
new-controls,m6-size50-width4,6,64,64,64,32.39574432373047,17.958831787109375
new-controls,m6-size50-width5,6,64,64,64,34.51652526855469,19.669437408447266
new-controls,m6-size50-width6,6,64,64,64,36.48262023925781,21.20361328125
new-controls,m6-size50-width7,6,64,64,64,38.06171417236328,22.20745086669922
new-controls,m6-size55-width3,6,64,64,64,33.716392517089844,18.278789520263672
new-controls,m6-size55-width4,6,64,64,64,35.31990051269531,19.655704498291016
new-controls,m6-size55-width5,6,64,64,64,37.26987838745117,21.280479431152344
new-controls,m6-size55-width6,6,64,64,64,39.0934944152832,22.576618194580078
new-controls,m6-size55-width7,6,64,64,64,40.53688049316406,23.49090576171875
new-controls,m6-size60-width3,6,64,64,64,40.695858001708984,22.609329223632812
new-controls,m6-size60-width4,6,64,64,64,42.253875732421875,24.01103973388672
new-controls,m6-size60-width5,6,64,64,64,44.080543518066406,25.406742095947266
new-controls,m6-size60-width6,6,64,64,64,45.7768440246582,26.656723022460938
new-controls,m6-size60-width7,6,64,64,64,47.1684455871582,27.44894027709961
new-controls,m6-size65-width3,6,64,64,64,44.67201232910156,25.133705139160156
new-controls,m6-size65-width4,6,64,64,64,46.18377685546875,26.4801025390625
new-controls,m6-size65-width5,6,64,64,64,47.93233871459961,27.756118774414062
new-controls,m6-size65-width6,6,64,64,64,49.57141876220703,28.981494903564453
new-controls,m6-size65-width7,6,64,64,64,50.89826583862305,29.786109924316406
shortlist,m1-013,1,128,128,117,56.56876564025879,44.6528434753418
shortlist,m1-017,1,128,128,117,57.62786865234375,46.1184024810791
shortlist,m1-030,1,128,128,128,63.07783126831055,54.86273765563965
shortlist,m2-045,2,128,128,112,61.148977279663086,50.32906532287598
shortlist,m2-034,2,128,127,108,55.94958207738681,40.80320343257874
shortlist,m2-005,2,128,128,113,66.63956642150879,57.328033447265625
shortlist,m3-067,3,128,128,124,48.9837646484375,33.58421325683594
shortlist,m3-064,3,128,128,124,49.169063568115234,35.12778282165527
shortlist,m3-070,3,128,128,128,47.57728576660156,35.02092361450195
shortlist,m4-049,4,128,128,120,53.346872329711914,41.69583320617676
shortlist,m4-067,4,128,128,125,57.83810615539551,51.21803283691406
shortlist,m7-009,7,128,124,91,47.82685310609879,42.088711646295366
shortlist,m7-030,7,128,125,106,43.461572265625,37.995556640625
shortlist,m8-size60,8,128,128,128,35.6968879699707,25.08068084716797
shortlist,m8-size65,8,128,128,128,39.64657783508301,28.995847702026367
shortlist,m8-size70,8,128,128,128,48.406267166137695,34.27309989929199
shortlist,m5-width5,5,128,122,120,65.19585281121927,37.86801197489754
shortlist,m5-width6,5,128,126,126,57.409522646949405,32.84776475694444
shortlist,m6-size60-bridge4,6,128,128,128,41.97506904602051,23.80051612854004
shortlist,m6-size60-bridge5,6,128,128,128,43.75038146972656,25.229358673095703
shortlist,m6-size65-bridge4,6,128,128,128,46.11058235168457,26.483440399169922
shortlist,m4-lake15-density10-smooth6,4,128,128,117,65.29173851013184,55.954790115356445
shortlist,m4-lake15-density10-smooth8,4,128,128,112,65.71578979492188,56.06842041015625
shortlist,m4-lake15-density25-smooth6,4,128,128,118,64.94154930114746,56.24871253967285
shortlist,m4-lake15-density25-smooth8,4,128,128,112,65.03057479858398,56.28714561462402
shortlist,m4-lake25-density10-smooth6,4,128,128,104,67.1882152557373,57.14221000671387
shortlist,m4-lake25-density10-smooth8,4,128,128,92,67.30127334594727,57.23533630371094
shortlist,m4-lake25-density25-smooth6,4,128,128,122,65.3536319732666,57.09800720214844
shortlist,m4-lake25-density25-smooth8,4,128,128,120,65.45906066894531,57.170820236206055
shortlist,m4-lake35-density10-smooth6,4,128,128,77,67.43035316467285,57.18522071838379
shortlist,m4-lake35-density10-smooth8,4,128,128,67,67.53072738647461,57.24301338195801
shortlist,m4-lake35-density25-smooth6,4,128,128,120,65.4520034790039,57.152605056762695
shortlist,m4-lake35-density25-smooth8,4,128,128,120,65.56477546691895,57.20086097717285
neutral-controls,m5-width5-extra0,5,128,128,126,75.43792724609375,48.78125190734863
neutral-controls,m5-width5-extra1,5,128,128,127,70.99609375,42.63315200805664
neutral-controls,m5-width5-extra2,5,128,128,128,67.91772842407227,39.690589904785156
neutral-controls,m5-width5-extra3,5,128,128,127,65.39139747619629,37.39972114562988
neutral-controls,m5-width5-extra4,5,128,127,127,63.55831116203248,35.86550735113189
neutral-controls,m5-width5-extra5,5,128,127,127,61.523341381643704,34.40311461921752
neutral-controls,m5-width5-extra6,5,128,123,123,58.407766450711385,31.785273358104675
neutral-controls,m5-width5-extra7,5,128,126,125,56.35443793402778,30.212596106150794
neutral-controls,m5-width5-extra8,5,128,120,120,54.628448486328125,28.962504069010418
neutral-controls,m5-width6-extra0,5,128,128,126,69.84844207763672,44.498348236083984
neutral-controls,m5-width6-extra1,5,128,128,125,64.17312622070312,37.8145694732666
neutral-controls,m5-width6-extra2,5,128,128,127,60.672903060913086,34.85403060913086
neutral-controls,m5-width6-extra3,5,128,126,126,57.760668557787696,32.424490792410715
neutral-controls,m5-width6-extra4,5,128,128,126,55.62777519226074,30.875539779663086
neutral-controls,m5-width6-extra5,5,128,123,123,53.307510003810975,29.333347227515244
neutral-controls,m5-width6-extra6,5,128,125,125,49.77900390625,26.66220703125
neutral-controls,m5-width6-extra7,5,128,125,124,47.47919921875,25.035888671875
neutral-controls,m5-width6-extra8,5,128,125,125,45.629248046875,23.698828125
neutral-controls,m5-width7-extra0,5,128,128,127,64.53442573547363,40.470266342163086
neutral-controls,m5-width7-extra1,5,128,128,128,57.74998664855957,33.33573341369629
neutral-controls,m5-width7-extra2,5,128,128,127,53.939104080200195,30.3896427154541
neutral-controls,m5-width7-extra3,5,128,126,126,50.742303757440474,28.010050455729168
neutral-controls,m5-width7-extra4,5,128,127,127,48.44773660494587,26.38915054441437
neutral-controls,m5-width7-extra5,5,128,127,126,45.82038939468504,24.79478730930118
neutral-controls,m5-width7-extra6,5,128,123,123,42.14993608676321,22.20191025152439
neutral-controls,m5-width7-extra7,5,128,124,124,39.7184802639869,20.568355437247984
neutral-controls,m5-width7-extra8,5,128,124,124,37.81885946950605,19.297938193044356
legacy-shortlist,m7-w40-g50-s3-b0,7,64,63,40,39.442661830357146,34.29429796006944
legacy-shortlist,m7-w40-g50-s3-b4,7,64,64,42,35.886573791503906,30.94034194946289
legacy-shortlist,m7-w40-g50-s4-b0,7,64,62,36,40.913637222782256,35.52639868951613
legacy-shortlist,m7-w40-g50-s4-b4,7,64,64,52,39.56804275512695,34.265708923339844
legacy-shortlist,m7-w40-g50-s6-b0,7,64,62,44,43.62655147429435,37.995467647429436
legacy-shortlist,m7-w40-g50-s6-b4,7,64,64,49,41.28704071044922,35.91804504394531
legacy-shortlist,m7-w40-g60-s3-b0,7,64,55,41,43.44959605823863,38.00537109375
legacy-shortlist,m7-w40-g60-s3-b4,7,64,64,55,41.066932678222656,35.73617935180664
legacy-shortlist,m7-w40-g60-s4-b0,7,64,62,52,46.757261214717744,41.12095986643145
legacy-shortlist,m7-w40-g60-s4-b4,7,64,62,52,44.110698084677416,38.68132560483871
legacy-shortlist,m7-w40-g60-s6-b0,7,64,60,53,49.158121744791664,43.327840169270836
legacy-shortlist,m7-w40-g60-s6-b4,7,64,60,44,46.429951985677086,40.78338623046875
legacy-shortlist,m7-w40-g70-s3-b0,7,64,54,47,49.98564543547454,44.29106535734954
legacy-shortlist,m7-w40-g70-s3-b4,7,64,60,56,45.282185872395836,39.822794596354164
legacy-shortlist,m7-w40-g70-s4-b0,7,64,56,49,51.78037370954241,46.02290562220982
legacy-shortlist,m7-w40-g70-s4-b4,7,64,62,56,49.614690965221776,43.85356287802419
legacy-shortlist,m7-w40-g70-s6-b0,7,64,53,46,53.33793208284198,47.484775759139154
legacy-shortlist,m7-w40-g70-s6-b4,7,64,58,51,52.27818982354526,46.427233465786635
legacy-shortlist,m7-w50-g50-s3-b0,7,64,63,33,32.32421875,27.58973136780754
legacy-shortlist,m7-w50-g50-s3-b4,7,64,64,32,30.12552261352539,25.473976135253906
legacy-shortlist,m7-w50-g50-s4-b0,7,64,64,45,35.83650588989258,30.622291564941406
legacy-shortlist,m7-w50-g50-s4-b4,7,64,64,28,33.652400970458984,28.74126434326172
legacy-shortlist,m7-w50-g50-s6-b0,7,64,64,40,37.25385665893555,31.921005249023438
legacy-shortlist,m7-w50-g50-s6-b4,7,64,64,35,35.88695526123047,30.650901794433594
legacy-shortlist,m7-w50-g60-s3-b0,7,64,61,31,36.842921522797134,31.825031217981557
legacy-shortlist,m7-w50-g60-s3-b4,7,64,64,40,35.80617904663086,30.809879302978516
legacy-shortlist,m7-w50-g60-s4-b0,7,64,63,45,39.94043743799603,34.57244388640873
legacy-shortlist,m7-w50-g60-s4-b4,7,64,64,46,38.66434097290039,33.355712890625
legacy-shortlist,m7-w50-g60-s6-b0,7,64,61,40,41.535524462090166,36.101594518442624
legacy-shortlist,m7-w50-g60-s6-b4,7,64,63,47,40.53877573164682,35.09618365575397
legacy-shortlist,m7-w50-g70-s3-b0,7,64,61,44,41.02252897669057,35.72537781762295
legacy-shortlist,m7-w50-g70-s3-b4,7,64,61,48,40.359547099129095,35.13213611039959
legacy-shortlist,m7-w50-g70-s4-b0,7,64,61,43,45.0255347079918,39.49945168417008
legacy-shortlist,m7-w50-g70-s4-b4,7,64,63,51,41.93047417534722,36.47925967261905
legacy-shortlist,m7-w50-g70-s6-b0,7,64,59,41,45.61446884931144,39.991579217425844
legacy-shortlist,m7-w50-g70-s6-b4,7,64,63,47,44.78546626984127,39.1846671937004
range-checks,range-concrete-w5-e0,5,64,64,61,75.33903121948242,48.6668586730957
range-checks,range-concrete-w5-e6,5,64,63,63,58.41829814608135,31.83535621279762
range-checks,range-concrete-w8-e0,5,64,64,64,59.40103530883789,36.670780181884766
range-checks,range-concrete-w8-e6,5,64,63,63,35.38973369295635,18.36179703000992
range-checks,range-isles-s45-w3,6,64,64,64,24.81679916381836,13.062286376953125
range-checks,range-isles-s45-w6,6,64,64,64,30.801010131835938,17.945003509521484
range-checks,range-isles-s65-w3,6,64,64,64,44.34013366699219,24.997997283935547
range-checks,range-isles-s65-w6,6,64,64,64,49.04623031616211,28.64522933959961
range-checks,range-lakes-s10-d10,4,64,64,60,64.96334075927734,56.017208099365234
range-checks,range-lakes-s10-d50,4,64,64,56,61.95993423461914,53.69596481323242
range-checks,range-lakes-s40-d10,4,64,64,33,67.43650436401367,57.21607208251953
range-checks,range-lakes-s40-d50,4,64,64,62,63.79518508911133,56.54458999633789
context-checks,size64-teams4-m1,1,32,28,28,54.91856166294643,42.80482700892857
context-checks,size128-teams2-m1,1,32,32,0,56.43959045410156,44.756126403808594
context-checks,size128-teams8-m1,1,32,32,0,56.479644775390625,44.184303283691406
context-checks,size256-teams4-m1,1,32,32,27,56.83794021606445,45.06707191467285
context-checks,size64-teams4-m2,2,32,16,13,53.58734130859375,39.1326904296875
context-checks,size128-teams2-m2,2,32,32,0,55.83171844482422,40.80085754394531
context-checks,size128-teams8-m2,2,32,21,0,55.886695498511905,40.371268136160715
context-checks,size256-teams4-m2,2,32,32,10,56.73723220825195,41.1595344543457
context-checks,size64-teams4-m3,3,32,32,30,42.42095947265625,31.146240234375
context-checks,size128-teams2-m3,3,32,32,0,50.83942413330078,33.88996124267578
context-checks,size128-teams8-m3,3,32,32,0,46.36554718017578,32.995033264160156
context-checks,size256-teams4-m3,3,32,32,5,52.26120948791504,34.22422409057617
context-checks,size64-teams4-m4,4,32,31,31,64.76972026209677,55.192319808467744
context-checks,size128-teams2-m4,4,32,32,0,65.37322998046875,57.330894470214844
context-checks,size128-teams8-m4,4,32,32,0,65.4001235961914,56.67915344238281
context-checks,size256-teams4-m4,4,32,32,28,65.52104949951172,57.649898529052734
context-checks,size64-teams4-m5,5,32,30,9,38.998209635416664,17.43408203125
context-checks,size128-teams2-m5,5,32,32,0,70.36056518554688,43.344879150390625
context-checks,size128-teams8-m5,5,32,32,0,57.088279724121094,29.144287109375
context-checks,size256-teams4-m5,5,32,32,6,81.69288635253906,59.87496376037598
context-checks,size64-teams4-m6,6,32,32,32,54.84466552734375,28.466796875
context-checks,size128-teams2-m6,6,32,32,0,37.14427947998047,22.910690307617188
context-checks,size128-teams8-m6,6,32,32,0,51.72538757324219,29.98504638671875
context-checks,size256-teams4-m6,6,32,32,19,34.91568565368652,24.39746856689453
context-checks,size64-teams4-m7,7,32,17,13,39.70875459558823,23.486328125
context-checks,size128-teams2-m7,7,32,31,0,40.208188949092744,37.285786290322584
context-checks,size128-teams8-m7,7,32,22,0,40.37198153409091,30.767822265625
context-checks,size256-teams4-m7,7,32,32,32,40.05556106567383,38.50393295288086
context-checks,size64-teams4-m8,8,32,32,32,41.231536865234375,29.62188720703125
context-checks,size128-teams2-m8,8,32,32,0,42.449951171875,29.840660095214844
context-checks,size128-teams8-m8,8,32,32,0,38.65776062011719,27.73284912109375
context-checks,size256-teams4-m8,8,32,32,32,44.65489387512207,31.314659118652344
