forced_park,frames,ticks,elapsed_ms,frame_p50_us,frame_p95_us,scene_age_p95_ms,input_p50_us,input_p95_us,run
1,119,5354,5008,28784.6,72598.7,135,457.107,2516.98,combined-frame-2cpu-1
0,92,4502,5044,45237.4,148063,271,128.789,292.108,combined-frame-2cpu-1
1,76,2746,5006,45764.4,70170.7,139,654.326,4891.01,combined-frame-2cpu-2
0,145,7535,5026,28008.5,69648.2,134,120.199,219.649,combined-frame-2cpu-2
1,144,6772,5031,25104.7,37870.4,76,390.267,1290.02,combined-frame-2cpu-3
0,166,5732,5015,21984.8,46277,134,82.23,207.018,combined-frame-2cpu-3
1,242,9567,5001,16643.8,25129.2,47,348.998,1002.24,combined-frame-4cpu-1
0,258,8445,5019,16865.5,24866.6,50,89.809,140.959,combined-frame-4cpu-1
1,188,7891,5018,20399.9,30429,59,387.338,1425.76,combined-frame-4cpu-2
0,256,9550,5014,16533.5,25526.3,52,98.659,160.009,combined-frame-4cpu-2
1,250,8881,5015,15819.7,22682.2,45,368.448,1013.15,combined-frame-4cpu-3
0,279,8944,5009,15351.5,22127,43,91.889,161.349,combined-frame-4cpu-3
