pattern,catalog,mode,repeat,ms,cpu_ms,prepare_ms,draw_ms,rebuilds,cache_bytes,source_bytes
0,0,cold,0,13.6214,13.5182,0,0,4,4771232,262144
0,1,cold,0,14.2204,14.0637,0,0,4,4771232,262144
0,1,cold,1,13.2964,13.1019,0,0,4,4771232,262144
0,0,cold,1,12.9469,12.8408,0,0,4,4771232,262144
0,0,cold,2,13.0078,12.9071,0,0,4,4771232,262144
0,1,cold,2,13.2378,13.0778,0,0,4,4771232,262144
0,1,cold,3,13.0192,12.9077,0,0,4,4771232,262144
0,0,cold,3,13.0027,12.8613,0,0,4,4771232,262144
0,0,cold,4,13.1689,13.0399,0,0,4,4771232,262144
0,1,cold,4,13.2794,13.1344,0,0,4,4771232,262144
0,1,cold,5,13.088,12.9514,0,0,4,4771232,262144
0,0,cold,5,13.059,12.9438,0,0,4,4771232,262144
0,0,cold,6,12.9189,12.815,0,0,4,4771232,262144
0,1,cold,6,13.4063,13.2111,0,0,4,4771232,262144
0,1,cold,7,12.8651,12.774,0,0,4,4771232,262144
0,0,cold,7,13.1984,13.0089,0,0,4,4771232,262144
0,0,warm,0,0.368088,0.362284,0.0116338,0.356319,0,4771232,262144
0,1,warm,0,0.468527,0.460221,0.0163074,0.452067,0,4771232,262144
0,1,warm,1,0.516624,0.507188,0.0184921,0.497954,0,4771232,262144
0,0,warm,1,0.419265,0.41195,0.0135049,0.405584,0,4771232,262144
0,0,warm,2,0.575664,0.564936,0.0191722,0.55628,0,4771232,262144
0,1,warm,2,0.484757,0.475947,0.017158,0.467449,0,4771232,262144
0,1,warm,3,0.406306,0.399449,0.0143402,0.391836,0,4771232,262144
0,0,warm,3,0.438159,0.430565,0.0139656,0.423998,0,4771232,262144
0,0,warm,4,0.472126,0.463828,0.0154393,0.456507,0,4771232,262144
0,1,warm,4,0.490799,0.481798,0.0171199,0.473492,0,4771232,262144
0,1,warm,5,0.423537,0.416148,0.0146873,0.408721,0,4771232,262144
0,0,warm,5,0.393961,0.387403,0.0123976,0.381412,0,4771232,262144
0,0,warm,6,0.396444,0.389878,0.0126712,0.383628,0,4771232,262144
0,1,warm,6,0.428675,0.421283,0.0148454,0.413696,0,4771232,262144
0,1,warm,7,0.409636,0.402759,0.0144212,0.395049,0,4771232,262144
0,0,warm,7,0.520852,0.510573,0.0170315,0.503646,0,4771232,262144
0,0,warm,8,0.623209,0.609689,0.0204062,0.602568,0,4771232,262144
0,1,warm,8,0.409578,0.402517,0.0141375,0.395307,0,4771232,262144
0,1,warm,9,0.398184,0.39158,0.0138896,0.384186,0,4771232,262144
0,0,warm,9,0.386609,0.3801,0.0121473,0.374329,0,4771232,262144
0,0,warm,10,0.48582,0.477095,0.0153777,0.470232,0,4771232,262144
0,1,warm,10,0.573651,0.562706,0.0198233,0.553638,0,4771232,262144
0,1,warm,11,0.710628,0.696214,0.0239464,0.686433,0,4771232,262144
0,0,warm,11,0.679105,0.666103,0.0213253,0.657519,0,4771232,262144
0,0,moving,0,0.64327,0.63116,0.02113,0.621944,0,4771232,262144
0,1,moving,0,0.784212,0.769013,0.0258514,0.75811,0,4771232,262144
0,1,moving,1,0.751658,0.73724,0.024938,0.726489,0,4771232,262144
0,0,moving,1,0.707015,0.693551,0.022753,0.684058,0,4771232,262144
0,0,moving,2,0.698311,0.6848,0.0228266,0.675245,0,4771232,262144
0,1,moving,2,0.437907,0.430449,0.014898,0.422872,0,4771232,262144
0,1,moving,3,0.671593,0.658805,0.0227538,0.648626,0,4771232,262144
0,0,moving,3,0.718145,0.704135,0.0233099,0.694593,0,4771232,262144
0,0,moving,4,0.645237,0.633526,0.0210642,0.623963,0,4771232,262144
0,1,moving,4,0.673352,0.660973,0.0223353,0.650795,0,4771232,262144
0,1,moving,5,0.650519,0.638266,0.0219223,0.628348,0,4771232,262144
0,0,moving,5,0.620371,0.60841,0.0204307,0.599731,0,4771232,262144
0,0,moving,6,0.535911,0.525726,0.0173005,0.5184,0,4771232,262144
0,1,moving,6,0.410254,0.403287,0.0142097,0.395855,0,4771232,262144
0,1,moving,7,0.394066,0.388011,0.0135735,0.380353,0,4771232,262144
0,0,moving,7,0.404904,0.398429,0.0123561,0.392458,0,4771232,262144
0,0,moving,8,0.390269,0.383887,0.0122611,0.377908,0,4771232,262144
0,1,moving,8,0.504555,0.495465,0.0168443,0.487517,0,4771232,262144
0,1,moving,9,0.625408,0.613706,0.020395,0.604778,0,4771232,262144
0,0,moving,9,0.805883,0.788782,0.0266646,0.778967,0,4771232,262144
0,0,moving,10,0.688879,0.675183,0.0220997,0.666565,0,4771232,262144
0,1,moving,10,0.621666,0.609591,0.0209729,0.600448,0,4771232,262144
0,1,moving,11,0.730576,0.716545,0.0241238,0.706197,0,4771232,262144
0,0,moving,11,0.765308,0.750965,0.0252015,0.7399,0,4771232,262144
1,0,cold,0,34.2713,33.8836,0,0,4,4771232,262144
1,1,cold,0,36.7025,36.3212,0,0,4,4771232,262144
1,1,cold,1,37.412,37.0068,0,0,4,4771232,262144
1,0,cold,1,32.4139,32.0025,0,0,4,4771232,262144
1,0,cold,2,30.7247,30.4084,0,0,4,4771232,262144
1,1,cold,2,35.0772,34.6635,0,0,4,4771232,262144
1,1,cold,3,36.4118,35.9525,0,0,4,4771232,262144
1,0,cold,3,31.9936,31.6489,0,0,4,4771232,262144
1,0,cold,4,32.5422,32.1637,0,0,4,4771232,262144
1,1,cold,4,33.8963,33.4848,0,0,4,4771232,262144
1,1,cold,5,38.0695,37.6563,0,0,4,4771232,262144
1,0,cold,5,30.2604,29.9366,0,0,4,4771232,262144
1,0,cold,6,32.0703,31.6344,0,0,4,4771232,262144
1,1,cold,6,37.7849,37.3658,0,0,4,4771232,262144
1,1,cold,7,36.1374,35.794,0,0,4,4771232,262144
1,0,cold,7,31.7706,31.4053,0,0,4,4771232,262144
1,0,warm,0,0.79668,0.781585,0.0224266,0.774148,0,4771232,262144
1,1,warm,0,0.640632,0.628917,0.0178679,0.622649,0,4771232,262144
1,1,warm,1,0.731661,0.717967,0.0210558,0.710483,0,4771232,262144
1,0,warm,1,0.744502,0.730863,0.0209921,0.723383,0,4771232,262144
1,0,warm,2,0.693921,0.681189,0.0192494,0.674579,0,4771232,262144
1,1,warm,2,0.656999,0.644669,0.0185648,0.638288,0,4771232,262144
1,1,warm,3,0.643057,0.631174,0.0180722,0.624848,0,4771232,262144
1,0,warm,3,0.633465,0.621868,0.0176463,0.615726,0,4771232,262144
1,0,warm,4,0.557384,0.547666,0.0153846,0.541927,0,4771232,262144
1,1,warm,4,0.575286,0.565112,0.0157367,0.559442,0,4771232,262144
1,1,warm,5,0.90513,0.887963,0.025711,0.879289,0,4771232,262144
1,0,warm,5,0.772519,0.758077,0.0216227,0.750788,0,4771232,262144
1,0,warm,6,0.710552,0.697531,0.0197752,0.690684,0,4771232,262144
1,1,warm,6,0.706968,0.693841,0.0198008,0.687043,0,4771232,262144
1,1,warm,7,0.495364,0.487043,0.0134454,0.481829,0,4771232,262144
1,0,warm,7,0.585198,0.574898,0.0161129,0.569001,0,4771232,262144
1,0,warm,8,0.727091,0.713766,0.0200216,0.706967,0,4771232,262144
1,1,warm,8,0.687169,0.674435,0.0190685,0.667972,0,4771232,262144
1,1,warm,9,0.781142,0.766088,0.0223662,0.758639,0,4771232,262144
1,0,warm,9,0.71642,0.703432,0.019351,0.696956,0,4771232,262144
1,0,warm,10,0.861704,0.845156,0.0232193,0.838378,0,4771232,262144
1,1,warm,10,0.794465,0.779463,0.0219845,0.772354,0,4771232,262144
1,1,warm,11,0.79468,0.779327,0.0223533,0.772201,0,4771232,262144
1,0,warm,11,0.788053,0.773486,0.0219703,0.766005,0,4771232,262144
1,0,moving,0,0.839472,0.823667,0.0253042,0.814076,0,4771232,262144
1,1,moving,0,0.898007,0.880572,0.0260508,0.871861,0,4771232,262144
1,1,moving,1,0.877331,0.859988,0.0255774,0.851655,0,4771232,262144
1,0,moving,1,0.799178,0.783817,0.0232551,0.775837,0,4771232,262144
1,0,moving,2,0.8267,0.811054,0.0242343,0.802374,0,4771232,262144
1,1,moving,2,0.803614,0.787866,0.0255837,0.77791,0,4771232,262144
1,1,moving,3,0.784403,0.768711,0.0243175,0.759989,0,4771232,262144
1,0,moving,3,0.749129,0.734479,0.0223507,0.726685,0,4771232,262144
1,0,moving,4,0.760724,0.746031,0.0229916,0.73763,0,4771232,262144
1,1,moving,4,0.801992,0.786328,0.024321,0.777568,0,4771232,262144
1,1,moving,5,0.767516,0.752356,0.0237883,0.743613,0,4771232,262144
1,0,moving,5,0.828575,0.812577,0.0243258,0.80415,0,4771232,262144
1,0,moving,6,0.834635,0.818315,0.0245986,0.809902,0,4771232,262144
1,1,moving,6,0.791909,0.776629,0.0233195,0.768492,0,4771232,262144
1,1,moving,7,0.711818,0.698697,0.0215172,0.690209,0,4771232,262144
1,0,moving,7,0.786877,0.772047,0.0232556,0.76355,0,4771232,262144
1,0,moving,8,0.797298,0.782324,0.0233728,0.773856,0,4771232,262144
1,1,moving,8,0.852449,0.836338,0.0252229,0.827105,0,4771232,262144
1,1,moving,9,0.842875,0.827229,0.0248054,0.817982,0,4771232,262144
1,0,moving,9,0.575024,0.565265,0.016578,0.558392,0,4771232,262144
1,0,moving,10,0.622118,0.610774,0.0181642,0.603874,0,4771232,262144
1,1,moving,10,0.641103,0.62967,0.0188252,0.622191,0,4771232,262144
1,1,moving,11,0.603563,0.592924,0.0174819,0.586015,0,4771232,262144
1,0,moving,11,0.55664,0.547259,0.0162012,0.540355,0,4771232,262144
2,0,cold,0,76.8255,76.0537,0,0,4,4771232,262144
2,1,cold,0,72.7936,72.182,0,0,4,4771232,262144
2,1,cold,1,72.49,71.8796,0,0,4,4771232,262144
2,0,cold,1,81.9905,81.3338,0,0,4,4771232,262144
2,0,cold,2,81.9912,81.228,0,0,4,4771232,262144
2,1,cold,2,85.2454,84.2831,0,0,4,4771232,262144
2,1,cold,3,87.093,86.3769,0,0,4,4771232,262144
2,0,cold,3,82.2871,81.4064,0,0,4,4771232,262144
2,0,cold,4,84.8986,84.0578,0,0,4,4771232,262144
2,1,cold,4,87.0808,86.1729,0,0,4,4771232,262144
2,1,cold,5,86.4711,85.6347,0,0,4,4771232,262144
2,0,cold,5,83.9048,83.0438,0,0,4,4771232,262144
2,0,cold,6,81.834,81.0067,0,0,4,4771232,262144
2,1,cold,6,86.5031,85.6017,0,0,4,4771232,262144
2,1,cold,7,89.0095,88.0319,0,0,4,4771232,262144
2,0,cold,7,79.9893,79.215,0,0,4,4771232,262144
2,0,warm,0,0.297804,0.293269,0.0103328,0.287318,0,4771232,262144
2,1,warm,0,0.273691,0.269626,0.0116991,0.261918,0,4771232,262144
2,1,warm,1,0.27847,0.274327,0.0116017,0.266765,0,4771232,262144
2,0,warm,1,0.291572,0.28715,0.00994834,0.281448,0,4771232,262144
2,0,warm,2,0.415597,0.40887,0.0137952,0.401644,0,4771232,262144
2,1,warm,2,0.585869,0.575076,0.0226595,0.563055,0,4771232,262144
2,1,warm,3,0.580671,0.569714,0.0223782,0.558069,0,4771232,262144
2,0,warm,3,0.378362,0.371976,0.0127969,0.365387,0,4771232,262144
2,0,warm,4,0.431421,0.423573,0.0145617,0.416646,0,4771232,262144
2,1,warm,4,0.283487,0.279083,0.0118182,0.271578,0,4771232,262144
2,1,warm,5,0.338601,0.332906,0.0136763,0.324799,0,4771232,262144
2,0,warm,5,0.353202,0.347596,0.0118076,0.341216,0,4771232,262144
2,0,warm,6,0.327464,0.322444,0.0111721,0.316124,0,4771232,262144
2,1,warm,6,0.316121,0.310817,0.0131181,0.302898,0,4771232,262144
2,1,warm,7,0.284265,0.280038,0.0118896,0.272259,0,4771232,262144
2,0,warm,7,0.309937,0.305261,0.0107201,0.299016,0,4771232,262144
2,0,warm,8,0.31369,0.308961,0.0103705,0.303169,0,4771232,262144
2,1,warm,8,0.282322,0.278157,0.0117232,0.27049,0,4771232,262144
2,1,warm,9,0.27723,0.27325,0.0116582,0.265472,0,4771232,262144
2,0,warm,9,0.304393,0.299911,0.010307,0.293917,0,4771232,262144
2,0,warm,10,0.310016,0.305407,0.0103502,0.2994,0,4771232,262144
2,1,warm,10,0.278689,0.274459,0.0115425,0.267024,0,4771232,262144
2,1,warm,11,0.278006,0.273667,0.0115275,0.266356,0,4771232,262144
2,0,warm,11,0.314908,0.310129,0.0103849,0.304342,0,4771232,262144
2,0,moving,0,0.364114,0.357824,0.0131684,0.350777,0,4771232,262144
2,1,moving,0,0.359754,0.353963,0.0141927,0.345495,0,4771232,262144
2,1,moving,1,0.362607,0.356691,0.0142361,0.348264,0,4771232,262144
2,0,moving,1,0.352305,0.346376,0.0127788,0.339368,0,4771232,262144
2,0,moving,2,0.350607,0.344617,0.0129641,0.337487,0,4771232,262144
2,1,moving,2,0.355613,0.349937,0.0141595,0.341385,0,4771232,262144
2,1,moving,3,0.363063,0.357313,0.0140986,0.348857,0,4771232,262144
2,0,moving,3,0.359042,0.352833,0.0128782,0.345997,0,4771232,262144
2,0,moving,4,0.351664,0.345778,0.0130509,0.33838,0,4771232,262144
2,1,moving,4,0.361287,0.355624,0.0139542,0.347267,0,4771232,262144
2,1,moving,5,0.362446,0.356719,0.014261,0.348094,0,4771232,262144
2,0,moving,5,0.359545,0.353539,0.013174,0.346213,0,4771232,262144
2,0,moving,6,0.336342,0.331055,0.0123141,0.323881,0,4771232,262144
2,1,moving,6,0.345384,0.340366,0.0133945,0.33193,0,4771232,262144
2,1,moving,7,0.341274,0.336277,0.0130409,0.328156,0,4771232,262144
2,0,moving,7,0.353191,0.347343,0.0129874,0.340048,0,4771232,262144
2,0,moving,8,0.357666,0.351505,0.0131618,0.34435,0,4771232,262144
2,1,moving,8,0.34569,0.340297,0.0136153,0.332014,0,4771232,262144
2,1,moving,9,0.355294,0.34951,0.0143974,0.340834,0,4771232,262144
2,0,moving,9,0.352244,0.346506,0.0129533,0.339108,0,4771232,262144
2,0,moving,10,0.374646,0.368351,0.0135101,0.360971,0,4771232,262144
2,1,moving,10,0.337533,0.332839,0.0129995,0.324476,0,4771232,262144
2,1,moving,11,0.335731,0.330989,0.0131736,0.322498,0,4771232,262144
2,0,moving,11,0.339529,0.334106,0.0124332,0.32695,0,4771232,262144
