study,control,value,seed,width,height,teams,ok,detail,tel:gauntlet.court.radial-width,tel:gauntlet.gate.width,tiles:stone,tel:gauntlet.home.tower-level,tiles:wheat,tiles:wood,tiles:algae,tiles:cherry,tel:gauntlet.partition.width,tel:gauntlet.home.towers,tel:gauntlet.home.farm-area,tel:gauntlet.court.wheat,tiles:orange,tiles:prune,sites4x4
baseline,,0,1,256,256,4,True,,34.56,7.0,4636,1.0,2742,200,326,20,2.0,2.0,4753.0,67.5,20,20,7501
ablation,court-size,80,1,256,256,4,True,,30.0,7.0,4576,1.0,2870,200,375,20,2.0,2.0,5333.0,35.5,20,20,6287
ablation,court-size,90,1,256,256,4,True,,31.104,7.0,4592,1.0,2810,200,371,20,2.0,2.0,5194.0,35.5,20,20,6613
ablation,court-size,110,1,256,256,4,True,,38.016000000000005,7.0,4728,1.0,2572,200,314,20,2.0,2.0,4297.0,76.0,20,20,7975
ablation,court-size,120,1,256,256,4,True,,41.47200000000001,7.0,4728,1.0,2356,200,285,20,2.0,2.0,3809.0,76.0,20,20,8393
ablation,gate-width,5,1,256,256,4,True,,34.56,5.0,4692,1.0,2742,200,326,20,2.0,2.0,4753.0,67.5,20,20,7785
ablation,gate-width,9,1,256,256,4,True,,34.56,9.0,4576,1.0,2742,200,326,20,2.0,2.0,4753.0,67.5,20,20,7255
ablation,partition-wall,1,1,256,256,4,True,,34.56,7.0,4496,1.0,2742,200,326,20,1.0,2.0,4753.0,67.5,20,20,7607
ablation,partition-wall,3,1,256,256,4,True,,34.56,7.0,4728,1.0,2736,200,326,20,3.0,2.0,4753.0,66.0,20,20,7471
ablation,starting-towers,0,1,256,256,4,True,,34.56,7.0,4636,0.0,2742,200,326,20,2.0,0.0,4753.0,67.5,20,20,7585
ablation,starting-towers,2,1,256,256,4,True,,34.56,7.0,4636,2.0,2742,200,326,20,2.0,2.0,4753.0,67.5,20,20,7513
ablation,starting-towers,3,1,256,256,4,True,,34.56,7.0,4636,3.0,2742,200,326,20,2.0,2.0,4753.0,67.5,20,20,7537
ablation,wheat-amount,0,1,256,256,4,True,,34.56,7.0,4636,1.0,360,200,326,20,2.0,2.0,4753.0,0.0,20,20,8960
ablation,wheat-amount,25,1,256,256,4,True,,34.56,7.0,4636,1.0,964,200,326,20,2.0,2.0,4753.0,19.0,20,20,8597
ablation,wheat-amount,50,1,256,256,4,True,,34.56,7.0,4636,1.0,1568,200,326,20,2.0,2.0,4753.0,38.0,20,20,8241
ablation,wheat-amount,75,1,256,256,4,True,,34.56,7.0,4636,1.0,2172,200,326,20,2.0,2.0,4753.0,57.0,20,20,7867
ablation,wheat-amount,125,1,256,256,4,True,,34.56,7.0,4636,1.0,3270,200,326,20,2.0,2.0,4753.0,67.5,20,20,7138
ablation,wheat-amount,150,1,256,256,4,True,,34.56,7.0,4636,1.0,3798,200,326,20,2.0,2.0,4753.0,67.5,20,20,6783
ablation,wheat-amount,175,1,256,256,4,True,,34.56,7.0,4636,1.0,4326,200,326,20,2.0,2.0,4753.0,67.5,20,20,6451
ablation,wheat-amount,200,1,256,256,4,True,,34.56,7.0,4636,1.0,4854,200,326,20,2.0,2.0,4753.0,67.5,20,20,6215
ablation,wheat-amount,225,1,256,256,4,True,,34.56,7.0,4636,1.0,5382,200,326,20,2.0,2.0,4753.0,67.5,20,20,6132
ablation,wheat-amount,250,1,256,256,4,True,,34.56,7.0,4636,1.0,5910,200,326,20,2.0,2.0,4753.0,67.5,20,20,6091
ablation,wheat-amount,275,1,256,256,4,True,,34.56,7.0,4636,1.0,6201,200,326,20,2.0,2.0,4753.0,67.5,20,20,6075
ablation,wheat-amount,300,1,256,256,4,True,,34.56,7.0,4636,1.0,6201,200,326,20,2.0,2.0,4753.0,67.5,20,20,6075
ablation,wood-amount,0,1,256,256,4,True,,34.56,7.0,4636,1.0,2742,120,326,20,2.0,2.0,4753.0,67.5,20,20,7580
ablation,wood-amount,25,1,256,256,4,True,,34.56,7.0,4636,1.0,2742,140,326,20,2.0,2.0,4753.0,67.5,20,20,7560
ablation,wood-amount,50,1,256,256,4,True,,34.56,7.0,4636,1.0,2742,160,326,20,2.0,2.0,4753.0,67.5,20,20,7540
ablation,wood-amount,75,1,256,256,4,True,,34.56,7.0,4636,1.0,2742,180,326,20,2.0,2.0,4753.0,67.5,20,20,7517
ablation,wood-amount,125,1,256,256,4,True,,34.56,7.0,4636,1.0,2742,220,326,20,2.0,2.0,4753.0,67.5,20,20,7481
ablation,wood-amount,150,1,256,256,4,True,,34.56,7.0,4636,1.0,2742,240,326,20,2.0,2.0,4753.0,67.5,20,20,7463
ablation,wood-amount,175,1,256,256,4,True,,34.56,7.0,4636,1.0,2742,260,326,20,2.0,2.0,4753.0,67.5,20,20,7442
ablation,wood-amount,200,1,256,256,4,True,,34.56,7.0,4636,1.0,2742,280,326,20,2.0,2.0,4753.0,67.5,20,20,7426
ablation,wood-amount,225,1,256,256,4,True,,34.56,7.0,4636,1.0,2742,300,326,20,2.0,2.0,4753.0,67.5,20,20,7407
ablation,wood-amount,250,1,256,256,4,True,,34.56,7.0,4636,1.0,2742,320,326,20,2.0,2.0,4753.0,67.5,20,20,7391
ablation,wood-amount,275,1,256,256,4,True,,34.56,7.0,4636,1.0,2742,340,326,20,2.0,2.0,4753.0,67.5,20,20,7372
ablation,wood-amount,300,1,256,256,4,True,,34.56,7.0,4636,1.0,2742,360,326,20,2.0,2.0,4753.0,67.5,20,20,7354
ablation,algae-amount,0,1,256,256,4,True,,34.56,7.0,4636,1.0,2742,200,0,20,2.0,2.0,4753.0,67.5,20,20,7501
ablation,algae-amount,25,1,256,256,4,True,,34.56,7.0,4636,1.0,2742,200,78,20,2.0,2.0,4753.0,67.5,20,20,7501
ablation,algae-amount,50,1,256,256,4,True,,34.56,7.0,4636,1.0,2742,200,160,20,2.0,2.0,4753.0,67.5,20,20,7501
ablation,algae-amount,75,1,256,256,4,True,,34.56,7.0,4636,1.0,2742,200,238,20,2.0,2.0,4753.0,67.5,20,20,7501
ablation,algae-amount,125,1,256,256,4,True,,34.56,7.0,4636,1.0,2742,200,406,20,2.0,2.0,4753.0,67.5,20,20,7501
ablation,algae-amount,150,1,256,256,4,True,,34.56,7.0,4636,1.0,2742,200,495,20,2.0,2.0,4753.0,67.5,20,20,7501
ablation,algae-amount,175,1,256,256,4,True,,34.56,7.0,4636,1.0,2742,200,582,20,2.0,2.0,4753.0,67.5,20,20,7501
ablation,algae-amount,200,1,256,256,4,True,,34.56,7.0,4636,1.0,2742,200,660,20,2.0,2.0,4753.0,67.5,20,20,7501
ablation,algae-amount,225,1,256,256,4,True,,34.56,7.0,4636,1.0,2742,200,743,20,2.0,2.0,4753.0,67.5,20,20,7501
ablation,algae-amount,250,1,256,256,4,True,,34.56,7.0,4636,1.0,2742,200,827,20,2.0,2.0,4753.0,67.5,20,20,7501
ablation,algae-amount,275,1,256,256,4,True,,34.56,7.0,4636,1.0,2742,200,908,20,2.0,2.0,4753.0,67.5,20,20,7501
ablation,algae-amount,300,1,256,256,4,True,,34.56,7.0,4636,1.0,2742,200,983,20,2.0,2.0,4753.0,67.5,20,20,7501
ablation,fruit-amount,0,1,256,256,4,True,,34.56,7.0,4636,1.0,2742,200,326,0,2.0,2.0,4753.0,67.5,0,0,7636
ablation,fruit-amount,25,1,256,256,4,True,,34.56,7.0,4636,1.0,2742,200,326,4,2.0,2.0,4753.0,67.5,4,4,7614
ablation,fruit-amount,50,1,256,256,4,True,,34.56,7.0,4636,1.0,2742,200,326,12,2.0,2.0,4753.0,67.5,12,12,7562
ablation,fruit-amount,75,1,256,256,4,True,,34.56,7.0,4636,1.0,2742,200,326,16,2.0,2.0,4753.0,67.5,16,16,7533
ablation,fruit-amount,125,1,256,256,4,True,,34.56,7.0,4636,1.0,2742,200,326,24,2.0,2.0,4753.0,67.5,24,24,7480
ablation,fruit-amount,150,1,256,256,4,True,,34.56,7.0,4636,1.0,2742,200,326,32,2.0,2.0,4753.0,67.5,32,32,7438
ablation,fruit-amount,175,1,256,256,4,True,,34.56,7.0,4636,1.0,2742,200,326,36,2.0,2.0,4753.0,67.5,36,36,7420
ablation,fruit-amount,200,1,256,256,4,True,,34.56,7.0,4636,1.0,2742,200,326,40,2.0,2.0,4753.0,67.5,40,40,7408
ablation,fruit-amount,225,1,256,256,4,True,,34.56,7.0,4636,1.0,2742,200,326,44,2.0,2.0,4753.0,67.5,44,44,7396
ablation,fruit-amount,250,1,256,256,4,True,,34.56,7.0,4636,1.0,2742,200,326,52,2.0,2.0,4753.0,67.5,52,52,7372
ablation,fruit-amount,275,1,256,256,4,True,,34.56,7.0,4636,1.0,2742,200,326,56,2.0,2.0,4753.0,67.5,56,56,7360
ablation,fruit-amount,300,1,256,256,4,True,,34.56,7.0,4636,1.0,2742,200,326,60,2.0,2.0,4753.0,67.5,60,60,7348
baseline,,0,2,256,256,4,True,,34.56,7.0,4536,1.0,2693,200,316,20,2.0,2.0,4754.0,55.25,20,20,7085
ablation,court-size,80,2,256,256,4,True,,30.0,7.0,4484,1.0,2949,200,353,20,2.0,2.0,5330.0,55.25,20,20,5468
ablation,court-size,90,2,256,256,4,True,,31.104,7.0,4508,1.0,2885,200,347,20,2.0,2.0,5187.0,55.25,20,20,5840
ablation,court-size,110,2,256,256,4,True,,38.016000000000005,7.0,4668,1.0,2485,200,311,20,2.0,2.0,4286.0,55.25,20,20,8023
ablation,court-size,120,2,256,256,4,True,,41.47200000000001,7.0,4668,1.0,2293,200,291,20,2.0,2.0,3814.0,60.25,20,20,8905
ablation,gate-width,5,2,256,256,4,True,,34.56,5.0,4600,1.0,2693,200,316,20,2.0,2.0,4754.0,55.25,20,20,7341
ablation,gate-width,9,2,256,256,4,True,,34.56,9.0,4472,1.0,2693,200,316,20,2.0,2.0,4754.0,55.25,20,20,6837
ablation,partition-wall,1,2,256,256,4,True,,34.56,7.0,4420,1.0,2693,200,316,20,1.0,2.0,4754.0,55.25,20,20,7172
ablation,partition-wall,3,2,256,256,4,True,,34.56,7.0,4644,1.0,2692,200,316,20,3.0,2.0,4754.0,55.0,20,20,7049
ablation,starting-towers,0,2,256,256,4,True,,34.56,7.0,4536,0.0,2693,200,316,20,2.0,0.0,4754.0,55.25,20,20,7165
ablation,starting-towers,2,2,256,256,4,True,,34.56,7.0,4536,2.0,2693,200,316,20,2.0,2.0,4754.0,55.25,20,20,7097
ablation,starting-towers,3,2,256,256,4,True,,34.56,7.0,4536,3.0,2693,200,316,20,2.0,2.0,4754.0,55.25,20,20,7131
ablation,wheat-amount,0,2,256,256,4,True,,34.56,7.0,4536,1.0,360,200,316,20,2.0,2.0,4754.0,0.0,20,20,8401
ablation,wheat-amount,25,2,256,256,4,True,,34.56,7.0,4536,1.0,964,200,316,20,2.0,2.0,4754.0,19.0,20,20,8060
ablation,wheat-amount,50,2,256,256,4,True,,34.56,7.0,4536,1.0,1568,200,316,20,2.0,2.0,4754.0,38.0,20,20,7719
ablation,wheat-amount,75,2,256,256,4,True,,34.56,7.0,4536,1.0,2159,200,316,20,2.0,2.0,4754.0,53.75,20,20,7390
ablation,wheat-amount,125,2,256,256,4,True,,34.56,7.0,4536,1.0,3221,200,316,20,2.0,2.0,4754.0,55.25,20,20,6785
ablation,wheat-amount,150,2,256,256,4,True,,34.56,7.0,4536,1.0,3749,200,316,20,2.0,2.0,4754.0,55.25,20,20,6579
ablation,wheat-amount,175,2,256,256,4,True,,34.56,7.0,4536,1.0,4277,200,316,20,2.0,2.0,4754.0,55.25,20,20,6410
ablation,wheat-amount,200,2,256,256,4,True,,34.56,7.0,4536,1.0,4805,200,316,20,2.0,2.0,4754.0,55.25,20,20,6329
ablation,wheat-amount,225,2,256,256,4,True,,34.56,7.0,4536,1.0,5333,200,316,20,2.0,2.0,4754.0,55.25,20,20,6234
ablation,wheat-amount,250,2,256,256,4,True,,34.56,7.0,4536,1.0,5757,200,316,20,2.0,2.0,4754.0,55.25,20,20,6214
ablation,wheat-amount,275,2,256,256,4,True,,34.56,7.0,4536,1.0,5757,200,316,20,2.0,2.0,4754.0,55.25,20,20,6214
ablation,wheat-amount,300,2,256,256,4,True,,34.56,7.0,4536,1.0,5757,200,316,20,2.0,2.0,4754.0,55.25,20,20,6214
ablation,wood-amount,0,2,256,256,4,True,,34.56,7.0,4536,1.0,2693,120,316,20,2.0,2.0,4754.0,55.25,20,20,7149
ablation,wood-amount,25,2,256,256,4,True,,34.56,7.0,4536,1.0,2693,140,316,20,2.0,2.0,4754.0,55.25,20,20,7129
ablation,wood-amount,50,2,256,256,4,True,,34.56,7.0,4536,1.0,2693,160,316,20,2.0,2.0,4754.0,55.25,20,20,7113
ablation,wood-amount,75,2,256,256,4,True,,34.56,7.0,4536,1.0,2693,180,316,20,2.0,2.0,4754.0,55.25,20,20,7099
ablation,wood-amount,125,2,256,256,4,True,,34.56,7.0,4536,1.0,2693,220,316,20,2.0,2.0,4754.0,55.25,20,20,7072
ablation,wood-amount,150,2,256,256,4,True,,34.56,7.0,4536,1.0,2693,240,316,20,2.0,2.0,4754.0,55.25,20,20,7058
ablation,wood-amount,175,2,256,256,4,True,,34.56,7.0,4536,1.0,2693,260,316,20,2.0,2.0,4754.0,55.25,20,20,7044
ablation,wood-amount,200,2,256,256,4,True,,34.56,7.0,4536,1.0,2693,280,316,20,2.0,2.0,4754.0,55.25,20,20,7035
ablation,wood-amount,225,2,256,256,4,True,,34.56,7.0,4536,1.0,2693,300,316,20,2.0,2.0,4754.0,55.25,20,20,7024
ablation,wood-amount,250,2,256,256,4,True,,34.56,7.0,4536,1.0,2693,320,316,20,2.0,2.0,4754.0,55.25,20,20,7018
ablation,wood-amount,275,2,256,256,4,True,,34.56,7.0,4536,1.0,2693,340,316,20,2.0,2.0,4754.0,55.25,20,20,7005
ablation,wood-amount,300,2,256,256,4,True,,34.56,7.0,4536,1.0,2693,360,316,20,2.0,2.0,4754.0,55.25,20,20,7001
ablation,algae-amount,0,2,256,256,4,True,,34.56,7.0,4536,1.0,2693,200,0,20,2.0,2.0,4754.0,55.25,20,20,7085
ablation,algae-amount,25,2,256,256,4,True,,34.56,7.0,4536,1.0,2693,200,70,20,2.0,2.0,4754.0,55.25,20,20,7085
ablation,algae-amount,50,2,256,256,4,True,,34.56,7.0,4536,1.0,2693,200,149,20,2.0,2.0,4754.0,55.25,20,20,7085
ablation,algae-amount,75,2,256,256,4,True,,34.56,7.0,4536,1.0,2693,200,226,20,2.0,2.0,4754.0,55.25,20,20,7085
ablation,algae-amount,125,2,256,256,4,True,,34.56,7.0,4536,1.0,2693,200,397,20,2.0,2.0,4754.0,55.25,20,20,7085
ablation,algae-amount,150,2,256,256,4,True,,34.56,7.0,4536,1.0,2693,200,475,20,2.0,2.0,4754.0,55.25,20,20,7085
ablation,algae-amount,175,2,256,256,4,True,,34.56,7.0,4536,1.0,2693,200,551,20,2.0,2.0,4754.0,55.25,20,20,7085
ablation,algae-amount,200,2,256,256,4,True,,34.56,7.0,4536,1.0,2693,200,628,20,2.0,2.0,4754.0,55.25,20,20,7085
ablation,algae-amount,225,2,256,256,4,True,,34.56,7.0,4536,1.0,2693,200,711,20,2.0,2.0,4754.0,55.25,20,20,7085
ablation,algae-amount,250,2,256,256,4,True,,34.56,7.0,4536,1.0,2693,200,788,20,2.0,2.0,4754.0,55.25,20,20,7085
ablation,algae-amount,275,2,256,256,4,True,,34.56,7.0,4536,1.0,2693,200,862,20,2.0,2.0,4754.0,55.25,20,20,7085
ablation,algae-amount,300,2,256,256,4,True,,34.56,7.0,4536,1.0,2693,200,934,20,2.0,2.0,4754.0,55.25,20,20,7085
ablation,fruit-amount,0,2,256,256,4,True,,34.56,7.0,4536,1.0,2693,200,316,0,2.0,2.0,4754.0,55.25,0,0,7173
ablation,fruit-amount,25,2,256,256,4,True,,34.56,7.0,4536,1.0,2693,200,316,4,2.0,2.0,4754.0,55.25,4,4,7157
ablation,fruit-amount,50,2,256,256,4,True,,34.56,7.0,4536,1.0,2693,200,316,12,2.0,2.0,4754.0,55.25,12,12,7122
ablation,fruit-amount,75,2,256,256,4,True,,34.56,7.0,4536,1.0,2693,200,316,16,2.0,2.0,4754.0,55.25,16,16,7101
ablation,fruit-amount,125,2,256,256,4,True,,34.56,7.0,4536,1.0,2693,200,316,24,2.0,2.0,4754.0,55.25,24,24,7063
ablation,fruit-amount,150,2,256,256,4,True,,34.56,7.0,4536,1.0,2693,200,316,32,2.0,2.0,4754.0,55.25,32,32,7021
ablation,fruit-amount,175,2,256,256,4,True,,34.56,7.0,4536,1.0,2693,200,316,36,2.0,2.0,4754.0,55.25,36,36,7004
ablation,fruit-amount,200,2,256,256,4,True,,34.56,7.0,4536,1.0,2693,200,316,40,2.0,2.0,4754.0,55.25,40,40,6980
ablation,fruit-amount,225,2,256,256,4,True,,34.56,7.0,4536,1.0,2693,200,316,44,2.0,2.0,4754.0,55.25,44,44,6968
ablation,fruit-amount,250,2,256,256,4,True,,34.56,7.0,4536,1.0,2693,200,316,52,2.0,2.0,4754.0,55.25,52,52,6938
ablation,fruit-amount,275,2,256,256,4,True,,34.56,7.0,4536,1.0,2693,200,316,56,2.0,2.0,4754.0,55.25,56,56,6923
ablation,fruit-amount,300,2,256,256,4,True,,34.56,7.0,4536,1.0,2693,200,316,60,2.0,2.0,4754.0,55.25,60,60,6908
baseline,,0,3,256,256,4,True,,34.56,7.0,4596,1.0,2578,200,321,20,2.0,2.0,4761.0,25.5,20,20,7592
ablation,court-size,80,3,256,256,4,True,,30.0,7.0,4532,1.0,2830,200,365,20,2.0,2.0,5328.0,25.5,20,20,5941
ablation,court-size,90,3,256,256,4,True,,31.104,7.0,4556,1.0,2766,200,359,20,2.0,2.0,5189.0,25.5,20,20,6286
ablation,court-size,110,3,256,256,4,True,,38.016000000000005,7.0,4688,1.0,2366,200,303,20,2.0,2.0,4288.0,25.5,20,20,8549
ablation,court-size,120,3,256,256,4,True,,41.47200000000001,7.0,4684,1.0,2174,200,295,20,2.0,2.0,3815.0,30.5,20,20,9395
ablation,gate-width,5,3,256,256,4,True,,34.56,5.0,4652,1.0,2578,200,321,20,2.0,2.0,4761.0,25.5,20,20,7868
ablation,gate-width,9,3,256,256,4,True,,34.56,9.0,4536,1.0,2578,200,321,20,2.0,2.0,4761.0,25.5,20,20,7321
ablation,partition-wall,1,3,256,256,4,True,,34.56,7.0,4504,1.0,2578,200,321,20,1.0,2.0,4761.0,25.5,20,20,7670
ablation,partition-wall,3,3,256,256,4,True,,34.56,7.0,4720,1.0,2578,200,321,20,3.0,2.0,4761.0,25.5,20,20,7498
ablation,starting-towers,0,3,256,256,4,True,,34.56,7.0,4596,0.0,2578,200,321,20,2.0,0.0,4761.0,25.5,20,20,7676
ablation,starting-towers,2,3,256,256,4,True,,34.56,7.0,4596,2.0,2578,200,321,20,2.0,2.0,4761.0,25.5,20,20,7602
ablation,starting-towers,3,3,256,256,4,True,,34.56,7.0,4596,3.0,2578,200,321,20,2.0,2.0,4761.0,25.5,20,20,7640
ablation,wheat-amount,0,3,256,256,4,True,,34.56,7.0,4596,1.0,360,200,321,20,2.0,2.0,4761.0,0.0,20,20,8936
ablation,wheat-amount,25,3,256,256,4,True,,34.56,7.0,4596,1.0,964,200,321,20,2.0,2.0,4761.0,19.0,20,20,8601
ablation,wheat-amount,50,3,256,256,4,True,,34.56,7.0,4596,1.0,1522,200,321,20,2.0,2.0,4761.0,25.5,20,20,8276
ablation,wheat-amount,75,3,256,256,4,True,,34.56,7.0,4596,1.0,2050,200,321,20,2.0,2.0,4761.0,25.5,20,20,7930
ablation,wheat-amount,125,3,256,256,4,True,,34.56,7.0,4596,1.0,3106,200,321,20,2.0,2.0,4761.0,25.5,20,20,7250
ablation,wheat-amount,150,3,256,256,4,True,,34.56,7.0,4596,1.0,3638,200,321,20,2.0,2.0,4761.0,25.5,20,20,6942
ablation,wheat-amount,175,3,256,256,4,True,,34.56,7.0,4596,1.0,4166,200,321,20,2.0,2.0,4761.0,25.5,20,20,6759
ablation,wheat-amount,200,3,256,256,4,True,,34.56,7.0,4596,1.0,4694,200,321,20,2.0,2.0,4761.0,25.5,20,20,6643
ablation,wheat-amount,225,3,256,256,4,True,,34.56,7.0,4596,1.0,5222,200,321,20,2.0,2.0,4761.0,25.5,20,20,6574
ablation,wheat-amount,250,3,256,256,4,True,,34.56,7.0,4596,1.0,5718,200,321,20,2.0,2.0,4761.0,25.5,20,20,6536
ablation,wheat-amount,275,3,256,256,4,True,,34.56,7.0,4596,1.0,5751,200,321,20,2.0,2.0,4761.0,25.5,20,20,6536
ablation,wheat-amount,300,3,256,256,4,True,,34.56,7.0,4596,1.0,5751,200,321,20,2.0,2.0,4761.0,25.5,20,20,6536
ablation,wood-amount,0,3,256,256,4,True,,34.56,7.0,4596,1.0,2578,120,321,20,2.0,2.0,4761.0,25.5,20,20,7655
ablation,wood-amount,25,3,256,256,4,True,,34.56,7.0,4596,1.0,2578,140,321,20,2.0,2.0,4761.0,25.5,20,20,7640
ablation,wood-amount,50,3,256,256,4,True,,34.56,7.0,4596,1.0,2578,160,321,20,2.0,2.0,4761.0,25.5,20,20,7624
ablation,wood-amount,75,3,256,256,4,True,,34.56,7.0,4596,1.0,2578,180,321,20,2.0,2.0,4761.0,25.5,20,20,7609
ablation,wood-amount,125,3,256,256,4,True,,34.56,7.0,4596,1.0,2578,220,321,20,2.0,2.0,4761.0,25.5,20,20,7580
ablation,wood-amount,150,3,256,256,4,True,,34.56,7.0,4596,1.0,2578,240,321,20,2.0,2.0,4761.0,25.5,20,20,7564
ablation,wood-amount,175,3,256,256,4,True,,34.56,7.0,4596,1.0,2578,260,321,20,2.0,2.0,4761.0,25.5,20,20,7555
ablation,wood-amount,200,3,256,256,4,True,,34.56,7.0,4596,1.0,2578,280,321,20,2.0,2.0,4761.0,25.5,20,20,7540
ablation,wood-amount,225,3,256,256,4,True,,34.56,7.0,4596,1.0,2578,300,321,20,2.0,2.0,4761.0,25.5,20,20,7525
ablation,wood-amount,250,3,256,256,4,True,,34.56,7.0,4596,1.0,2578,320,321,20,2.0,2.0,4761.0,25.5,20,20,7515
ablation,wood-amount,275,3,256,256,4,True,,34.56,7.0,4596,1.0,2578,340,321,20,2.0,2.0,4761.0,25.5,20,20,7500
ablation,wood-amount,300,3,256,256,4,True,,34.56,7.0,4596,1.0,2578,360,321,20,2.0,2.0,4761.0,25.5,20,20,7494
ablation,algae-amount,0,3,256,256,4,True,,34.56,7.0,4596,1.0,2578,200,0,20,2.0,2.0,4761.0,25.5,20,20,7592
ablation,algae-amount,25,3,256,256,4,True,,34.56,7.0,4596,1.0,2578,200,86,20,2.0,2.0,4761.0,25.5,20,20,7592
ablation,algae-amount,50,3,256,256,4,True,,34.56,7.0,4596,1.0,2578,200,164,20,2.0,2.0,4761.0,25.5,20,20,7592
ablation,algae-amount,75,3,256,256,4,True,,34.56,7.0,4596,1.0,2578,200,244,20,2.0,2.0,4761.0,25.5,20,20,7592
ablation,algae-amount,125,3,256,256,4,True,,34.56,7.0,4596,1.0,2578,200,390,20,2.0,2.0,4761.0,25.5,20,20,7592
ablation,algae-amount,150,3,256,256,4,True,,34.56,7.0,4596,1.0,2578,200,470,20,2.0,2.0,4761.0,25.5,20,20,7592
ablation,algae-amount,175,3,256,256,4,True,,34.56,7.0,4596,1.0,2578,200,549,20,2.0,2.0,4761.0,25.5,20,20,7592
ablation,algae-amount,200,3,256,256,4,True,,34.56,7.0,4596,1.0,2578,200,633,20,2.0,2.0,4761.0,25.5,20,20,7592
ablation,algae-amount,225,3,256,256,4,True,,34.56,7.0,4596,1.0,2578,200,707,20,2.0,2.0,4761.0,25.5,20,20,7592
ablation,algae-amount,250,3,256,256,4,True,,34.56,7.0,4596,1.0,2578,200,775,20,2.0,2.0,4761.0,25.5,20,20,7592
ablation,algae-amount,275,3,256,256,4,True,,34.56,7.0,4596,1.0,2578,200,847,20,2.0,2.0,4761.0,25.5,20,20,7592
ablation,algae-amount,300,3,256,256,4,True,,34.56,7.0,4596,1.0,2578,200,917,20,2.0,2.0,4761.0,25.5,20,20,7592
ablation,fruit-amount,0,3,256,256,4,True,,34.56,7.0,4596,1.0,2578,200,321,0,2.0,2.0,4761.0,25.5,0,0,7708
ablation,fruit-amount,25,3,256,256,4,True,,34.56,7.0,4596,1.0,2578,200,321,4,2.0,2.0,4761.0,25.5,4,4,7682
ablation,fruit-amount,50,3,256,256,4,True,,34.56,7.0,4596,1.0,2578,200,321,12,2.0,2.0,4761.0,25.5,12,12,7628
ablation,fruit-amount,75,3,256,256,4,True,,34.56,7.0,4596,1.0,2578,200,321,16,2.0,2.0,4761.0,25.5,16,16,7610
ablation,fruit-amount,125,3,256,256,4,True,,34.56,7.0,4596,1.0,2578,200,321,24,2.0,2.0,4761.0,25.5,24,24,7574
ablation,fruit-amount,150,3,256,256,4,True,,34.56,7.0,4596,1.0,2578,200,321,32,2.0,2.0,4761.0,25.5,32,32,7542
ablation,fruit-amount,175,3,256,256,4,True,,34.56,7.0,4596,1.0,2578,200,321,36,2.0,2.0,4761.0,25.5,36,36,7522
ablation,fruit-amount,200,3,256,256,4,True,,34.56,7.0,4596,1.0,2578,200,321,40,2.0,2.0,4761.0,25.5,40,40,7506
ablation,fruit-amount,225,3,256,256,4,True,,34.56,7.0,4596,1.0,2578,200,321,44,2.0,2.0,4761.0,25.5,44,44,7488
ablation,fruit-amount,250,3,256,256,4,True,,34.56,7.0,4596,1.0,2578,200,321,52,2.0,2.0,4761.0,25.5,52,52,7450
ablation,fruit-amount,275,3,256,256,4,True,,34.56,7.0,4596,1.0,2578,200,321,56,2.0,2.0,4761.0,25.5,56,56,7437
ablation,fruit-amount,300,3,256,256,4,True,,34.56,7.0,4596,1.0,2578,200,321,60,2.0,2.0,4761.0,25.5,60,60,7418
baseline,,0,4,256,256,4,True,,34.56,7.0,4520,1.0,2709,200,336,20,2.0,2.0,4760.0,59.25,20,20,7219
ablation,court-size,80,4,256,256,4,True,,30.0,7.0,4456,1.0,2961,200,344,20,2.0,2.0,5327.0,59.25,20,20,5713
ablation,court-size,90,4,256,256,4,True,,31.104,7.0,4460,1.0,2901,200,356,20,2.0,2.0,5191.0,59.25,20,20,6042
ablation,court-size,110,4,256,256,4,True,,38.016000000000005,7.0,4632,1.0,2572,200,308,20,2.0,2.0,4293.0,76.0,20,20,7942
ablation,court-size,120,4,256,256,4,True,,41.47200000000001,7.0,4636,1.0,2356,200,305,20,2.0,2.0,3814.0,76.0,20,20,8503
ablation,gate-width,5,4,256,256,4,True,,34.56,5.0,4576,1.0,2709,200,336,20,2.0,2.0,4760.0,59.25,20,20,7488
ablation,gate-width,9,4,256,256,4,True,,34.56,9.0,4452,1.0,2709,200,336,20,2.0,2.0,4760.0,59.25,20,20,6937
ablation,partition-wall,1,4,256,256,4,True,,34.56,7.0,4396,1.0,2711,200,336,20,1.0,2.0,4760.0,59.75,20,20,7276
ablation,partition-wall,3,4,256,256,4,True,,34.56,7.0,4624,1.0,2709,200,336,20,3.0,2.0,4760.0,59.25,20,20,7153
ablation,starting-towers,0,4,256,256,4,True,,34.56,7.0,4520,0.0,2709,200,336,20,2.0,0.0,4760.0,59.25,20,20,7304
ablation,starting-towers,2,4,256,256,4,True,,34.56,7.0,4520,2.0,2709,200,336,20,2.0,2.0,4760.0,59.25,20,20,7254
ablation,starting-towers,3,4,256,256,4,True,,34.56,7.0,4520,3.0,2709,200,336,20,2.0,2.0,4760.0,59.25,20,20,7272
ablation,wheat-amount,0,4,256,256,4,True,,34.56,7.0,4520,1.0,360,200,336,20,2.0,2.0,4760.0,0.0,20,20,8566
ablation,wheat-amount,25,4,256,256,4,True,,34.56,7.0,4520,1.0,964,200,336,20,2.0,2.0,4760.0,19.0,20,20,8221
ablation,wheat-amount,50,4,256,256,4,True,,34.56,7.0,4520,1.0,1568,200,336,20,2.0,2.0,4760.0,38.0,20,20,7865
ablation,wheat-amount,75,4,256,256,4,True,,34.56,7.0,4520,1.0,2166,200,336,20,2.0,2.0,4760.0,55.5,20,20,7562
ablation,wheat-amount,125,4,256,256,4,True,,34.56,7.0,4520,1.0,3237,200,336,20,2.0,2.0,4760.0,59.25,20,20,6931
ablation,wheat-amount,150,4,256,256,4,True,,34.56,7.0,4520,1.0,3765,200,336,20,2.0,2.0,4760.0,59.25,20,20,6708
ablation,wheat-amount,175,4,256,256,4,True,,34.56,7.0,4520,1.0,4293,200,336,20,2.0,2.0,4760.0,59.25,20,20,6539
ablation,wheat-amount,200,4,256,256,4,True,,34.56,7.0,4520,1.0,4821,200,336,20,2.0,2.0,4760.0,59.25,20,20,6457
ablation,wheat-amount,225,4,256,256,4,True,,34.56,7.0,4520,1.0,5349,200,336,20,2.0,2.0,4760.0,59.25,20,20,6364
ablation,wheat-amount,250,4,256,256,4,True,,34.56,7.0,4520,1.0,5802,200,336,20,2.0,2.0,4760.0,59.25,20,20,6344
ablation,wheat-amount,275,4,256,256,4,True,,34.56,7.0,4520,1.0,5807,200,336,20,2.0,2.0,4760.0,59.25,20,20,6344
ablation,wheat-amount,300,4,256,256,4,True,,34.56,7.0,4520,1.0,5807,200,336,20,2.0,2.0,4760.0,59.25,20,20,6344
ablation,wood-amount,0,4,256,256,4,True,,34.56,7.0,4520,1.0,2709,120,336,20,2.0,2.0,4760.0,59.25,20,20,7300
ablation,wood-amount,25,4,256,256,4,True,,34.56,7.0,4520,1.0,2709,140,336,20,2.0,2.0,4760.0,59.25,20,20,7278
ablation,wood-amount,50,4,256,256,4,True,,34.56,7.0,4520,1.0,2709,160,336,20,2.0,2.0,4760.0,59.25,20,20,7260
ablation,wood-amount,75,4,256,256,4,True,,34.56,7.0,4520,1.0,2709,180,336,20,2.0,2.0,4760.0,59.25,20,20,7236
ablation,wood-amount,125,4,256,256,4,True,,34.56,7.0,4520,1.0,2709,220,336,20,2.0,2.0,4760.0,59.25,20,20,7205
ablation,wood-amount,150,4,256,256,4,True,,34.56,7.0,4520,1.0,2709,240,336,20,2.0,2.0,4760.0,59.25,20,20,7187
ablation,wood-amount,175,4,256,256,4,True,,34.56,7.0,4520,1.0,2709,260,336,20,2.0,2.0,4760.0,59.25,20,20,7174
ablation,wood-amount,200,4,256,256,4,True,,34.56,7.0,4520,1.0,2709,280,336,20,2.0,2.0,4760.0,59.25,20,20,7163
ablation,wood-amount,225,4,256,256,4,True,,34.56,7.0,4520,1.0,2709,300,336,20,2.0,2.0,4760.0,59.25,20,20,7155
ablation,wood-amount,250,4,256,256,4,True,,34.56,7.0,4520,1.0,2709,320,336,20,2.0,2.0,4760.0,59.25,20,20,7148
ablation,wood-amount,275,4,256,256,4,True,,34.56,7.0,4520,1.0,2709,340,336,20,2.0,2.0,4760.0,59.25,20,20,7134
ablation,wood-amount,300,4,256,256,4,True,,34.56,7.0,4520,1.0,2709,360,336,20,2.0,2.0,4760.0,59.25,20,20,7131
ablation,algae-amount,0,4,256,256,4,True,,34.56,7.0,4520,1.0,2709,200,0,20,2.0,2.0,4760.0,59.25,20,20,7219
ablation,algae-amount,25,4,256,256,4,True,,34.56,7.0,4520,1.0,2709,200,87,20,2.0,2.0,4760.0,59.25,20,20,7219
ablation,algae-amount,50,4,256,256,4,True,,34.56,7.0,4520,1.0,2709,200,167,20,2.0,2.0,4760.0,59.25,20,20,7219
ablation,algae-amount,75,4,256,256,4,True,,34.56,7.0,4520,1.0,2709,200,251,20,2.0,2.0,4760.0,59.25,20,20,7219
ablation,algae-amount,125,4,256,256,4,True,,34.56,7.0,4520,1.0,2709,200,416,20,2.0,2.0,4760.0,59.25,20,20,7219
ablation,algae-amount,150,4,256,256,4,True,,34.56,7.0,4520,1.0,2709,200,494,20,2.0,2.0,4760.0,59.25,20,20,7219
ablation,algae-amount,175,4,256,256,4,True,,34.56,7.0,4520,1.0,2709,200,562,20,2.0,2.0,4760.0,59.25,20,20,7219
ablation,algae-amount,200,4,256,256,4,True,,34.56,7.0,4520,1.0,2709,200,641,20,2.0,2.0,4760.0,59.25,20,20,7219
ablation,algae-amount,225,4,256,256,4,True,,34.56,7.0,4520,1.0,2709,200,711,20,2.0,2.0,4760.0,59.25,20,20,7219
ablation,algae-amount,250,4,256,256,4,True,,34.56,7.0,4520,1.0,2709,200,784,20,2.0,2.0,4760.0,59.25,20,20,7219
ablation,algae-amount,275,4,256,256,4,True,,34.56,7.0,4520,1.0,2709,200,857,20,2.0,2.0,4760.0,59.25,20,20,7219
ablation,algae-amount,300,4,256,256,4,True,,34.56,7.0,4520,1.0,2709,200,923,20,2.0,2.0,4760.0,59.25,20,20,7219
ablation,fruit-amount,0,4,256,256,4,True,,34.56,7.0,4520,1.0,2709,200,336,0,2.0,2.0,4760.0,59.25,0,0,7312
ablation,fruit-amount,25,4,256,256,4,True,,34.56,7.0,4520,1.0,2709,200,336,4,2.0,2.0,4760.0,59.25,4,4,7298
ablation,fruit-amount,50,4,256,256,4,True,,34.56,7.0,4520,1.0,2709,200,336,12,2.0,2.0,4760.0,59.25,12,12,7250
ablation,fruit-amount,75,4,256,256,4,True,,34.56,7.0,4520,1.0,2709,200,336,16,2.0,2.0,4760.0,59.25,16,16,7232
ablation,fruit-amount,125,4,256,256,4,True,,34.56,7.0,4520,1.0,2709,200,336,24,2.0,2.0,4760.0,59.25,24,24,7201
ablation,fruit-amount,150,4,256,256,4,True,,34.56,7.0,4520,1.0,2709,200,336,32,2.0,2.0,4760.0,59.25,32,32,7171
ablation,fruit-amount,175,4,256,256,4,True,,34.56,7.0,4520,1.0,2709,200,336,36,2.0,2.0,4760.0,59.25,36,36,7159
ablation,fruit-amount,200,4,256,256,4,True,,34.56,7.0,4520,1.0,2709,200,336,40,2.0,2.0,4760.0,59.25,40,40,7141
ablation,fruit-amount,225,4,256,256,4,True,,34.56,7.0,4520,1.0,2709,200,336,44,2.0,2.0,4760.0,59.25,44,44,7129
ablation,fruit-amount,250,4,256,256,4,True,,34.56,7.0,4520,1.0,2709,200,336,52,2.0,2.0,4760.0,59.25,52,52,7099
ablation,fruit-amount,275,4,256,256,4,True,,34.56,7.0,4520,1.0,2709,200,336,56,2.0,2.0,4760.0,59.25,56,56,7084
ablation,fruit-amount,300,4,256,256,4,True,,34.56,7.0,4520,1.0,2709,200,336,60,2.0,2.0,4760.0,59.25,60,60,7063
baseline,,0,5,256,256,4,True,,34.56,7.0,4576,1.0,2559,200,331,20,2.0,2.0,4757.0,21.75,20,20,7502
ablation,court-size,80,5,256,256,4,True,,30.0,7.0,4540,1.0,2811,200,364,20,2.0,2.0,5327.0,21.75,20,20,5913
ablation,court-size,90,5,256,256,4,True,,31.104,7.0,4536,1.0,2751,200,347,20,2.0,2.0,5185.0,21.75,20,20,6290
ablation,court-size,110,5,256,256,4,True,,38.016000000000005,7.0,4704,1.0,2351,200,309,20,2.0,2.0,4291.0,21.75,20,20,8471
ablation,court-size,120,5,256,256,4,True,,41.47200000000001,7.0,4696,1.0,2174,200,299,20,2.0,2.0,3818.0,29.5,20,20,9175
ablation,gate-width,5,5,256,256,4,True,,34.56,5.0,4632,1.0,2559,200,331,20,2.0,2.0,4757.0,21.75,20,20,7795
ablation,gate-width,9,5,256,256,4,True,,34.56,9.0,4520,1.0,2559,200,331,20,2.0,2.0,4757.0,21.75,20,20,7217
ablation,partition-wall,1,5,256,256,4,True,,34.56,7.0,4464,1.0,2559,200,331,20,1.0,2.0,4757.0,21.75,20,20,7584
ablation,partition-wall,3,5,256,256,4,True,,34.56,7.0,4688,1.0,2555,200,331,20,3.0,2.0,4757.0,20.75,20,20,7405
ablation,starting-towers,0,5,256,256,4,True,,34.56,7.0,4576,0.0,2559,200,331,20,2.0,0.0,4757.0,21.75,20,20,7594
ablation,starting-towers,2,5,256,256,4,True,,34.56,7.0,4576,2.0,2559,200,331,20,2.0,2.0,4757.0,21.75,20,20,7532
ablation,starting-towers,3,5,256,256,4,True,,34.56,7.0,4576,3.0,2559,200,331,20,2.0,2.0,4757.0,21.75,20,20,7558
ablation,wheat-amount,0,5,256,256,4,True,,34.56,7.0,4576,1.0,360,200,331,20,2.0,2.0,4757.0,0.0,20,20,8838
ablation,wheat-amount,25,5,256,256,4,True,,34.56,7.0,4576,1.0,964,200,331,20,2.0,2.0,4757.0,19.0,20,20,8499
ablation,wheat-amount,50,5,256,256,4,True,,34.56,7.0,4576,1.0,1503,200,331,20,2.0,2.0,4757.0,21.75,20,20,8163
ablation,wheat-amount,75,5,256,256,4,True,,34.56,7.0,4576,1.0,2031,200,331,20,2.0,2.0,4757.0,21.75,20,20,7837
ablation,wheat-amount,125,5,256,256,4,True,,34.56,7.0,4576,1.0,3087,200,331,20,2.0,2.0,4757.0,21.75,20,20,7183
ablation,wheat-amount,150,5,256,256,4,True,,34.56,7.0,4576,1.0,3615,200,331,20,2.0,2.0,4757.0,21.75,20,20,6954
ablation,wheat-amount,175,5,256,256,4,True,,34.56,7.0,4576,1.0,4143,200,331,20,2.0,2.0,4757.0,21.75,20,20,6744
ablation,wheat-amount,200,5,256,256,4,True,,34.56,7.0,4576,1.0,4671,200,331,20,2.0,2.0,4757.0,21.75,20,20,6667
ablation,wheat-amount,225,5,256,256,4,True,,34.56,7.0,4576,1.0,5199,200,331,20,2.0,2.0,4757.0,21.75,20,20,6582
ablation,wheat-amount,250,5,256,256,4,True,,34.56,7.0,4576,1.0,5684,200,331,20,2.0,2.0,4757.0,21.75,20,20,6547
ablation,wheat-amount,275,5,256,256,4,True,,34.56,7.0,4576,1.0,5707,200,331,20,2.0,2.0,4757.0,21.75,20,20,6547
ablation,wheat-amount,300,5,256,256,4,True,,34.56,7.0,4576,1.0,5707,200,331,20,2.0,2.0,4757.0,21.75,20,20,6547
ablation,wood-amount,0,5,256,256,4,True,,34.56,7.0,4576,1.0,2559,120,331,20,2.0,2.0,4757.0,21.75,20,20,7579
ablation,wood-amount,25,5,256,256,4,True,,34.56,7.0,4576,1.0,2559,140,331,20,2.0,2.0,4757.0,21.75,20,20,7557
ablation,wood-amount,50,5,256,256,4,True,,34.56,7.0,4576,1.0,2559,160,331,20,2.0,2.0,4757.0,21.75,20,20,7538
ablation,wood-amount,75,5,256,256,4,True,,34.56,7.0,4576,1.0,2559,180,331,20,2.0,2.0,4757.0,21.75,20,20,7524
ablation,wood-amount,125,5,256,256,4,True,,34.56,7.0,4576,1.0,2559,220,331,20,2.0,2.0,4757.0,21.75,20,20,7488
ablation,wood-amount,150,5,256,256,4,True,,34.56,7.0,4576,1.0,2559,240,331,20,2.0,2.0,4757.0,21.75,20,20,7480
ablation,wood-amount,175,5,256,256,4,True,,34.56,7.0,4576,1.0,2559,260,331,20,2.0,2.0,4757.0,21.75,20,20,7468
ablation,wood-amount,200,5,256,256,4,True,,34.56,7.0,4576,1.0,2559,280,331,20,2.0,2.0,4757.0,21.75,20,20,7456
ablation,wood-amount,225,5,256,256,4,True,,34.56,7.0,4576,1.0,2559,300,331,20,2.0,2.0,4757.0,21.75,20,20,7447
ablation,wood-amount,250,5,256,256,4,True,,34.56,7.0,4576,1.0,2559,320,331,20,2.0,2.0,4757.0,21.75,20,20,7442
ablation,wood-amount,275,5,256,256,4,True,,34.56,7.0,4576,1.0,2559,340,331,20,2.0,2.0,4757.0,21.75,20,20,7429
ablation,wood-amount,300,5,256,256,4,True,,34.56,7.0,4576,1.0,2559,360,331,20,2.0,2.0,4757.0,21.75,20,20,7423
ablation,algae-amount,0,5,256,256,4,True,,34.56,7.0,4576,1.0,2559,200,0,20,2.0,2.0,4757.0,21.75,20,20,7502
ablation,algae-amount,25,5,256,256,4,True,,34.56,7.0,4576,1.0,2559,200,82,20,2.0,2.0,4757.0,21.75,20,20,7502
ablation,algae-amount,50,5,256,256,4,True,,34.56,7.0,4576,1.0,2559,200,161,20,2.0,2.0,4757.0,21.75,20,20,7502
ablation,algae-amount,75,5,256,256,4,True,,34.56,7.0,4576,1.0,2559,200,249,20,2.0,2.0,4757.0,21.75,20,20,7502
ablation,algae-amount,125,5,256,256,4,True,,34.56,7.0,4576,1.0,2559,200,412,20,2.0,2.0,4757.0,21.75,20,20,7502
ablation,algae-amount,150,5,256,256,4,True,,34.56,7.0,4576,1.0,2559,200,496,20,2.0,2.0,4757.0,21.75,20,20,7502
ablation,algae-amount,175,5,256,256,4,True,,34.56,7.0,4576,1.0,2559,200,578,20,2.0,2.0,4757.0,21.75,20,20,7502
ablation,algae-amount,200,5,256,256,4,True,,34.56,7.0,4576,1.0,2559,200,658,20,2.0,2.0,4757.0,21.75,20,20,7502
ablation,algae-amount,225,5,256,256,4,True,,34.56,7.0,4576,1.0,2559,200,730,20,2.0,2.0,4757.0,21.75,20,20,7502
ablation,algae-amount,250,5,256,256,4,True,,34.56,7.0,4576,1.0,2559,200,803,20,2.0,2.0,4757.0,21.75,20,20,7502
ablation,algae-amount,275,5,256,256,4,True,,34.56,7.0,4576,1.0,2559,200,865,20,2.0,2.0,4757.0,21.75,20,20,7502
ablation,algae-amount,300,5,256,256,4,True,,34.56,7.0,4576,1.0,2559,200,933,20,2.0,2.0,4757.0,21.75,20,20,7502
ablation,fruit-amount,0,5,256,256,4,True,,34.56,7.0,4576,1.0,2559,200,331,0,2.0,2.0,4757.0,21.75,0,0,7622
ablation,fruit-amount,25,5,256,256,4,True,,34.56,7.0,4576,1.0,2559,200,331,4,2.0,2.0,4757.0,21.75,4,4,7586
ablation,fruit-amount,50,5,256,256,4,True,,34.56,7.0,4576,1.0,2559,200,331,12,2.0,2.0,4757.0,21.75,12,12,7546
ablation,fruit-amount,75,5,256,256,4,True,,34.56,7.0,4576,1.0,2559,200,331,16,2.0,2.0,4757.0,21.75,16,16,7522
ablation,fruit-amount,125,5,256,256,4,True,,34.56,7.0,4576,1.0,2559,200,331,24,2.0,2.0,4757.0,21.75,24,24,7486
ablation,fruit-amount,150,5,256,256,4,True,,34.56,7.0,4576,1.0,2559,200,331,32,2.0,2.0,4757.0,21.75,32,32,7451
ablation,fruit-amount,175,5,256,256,4,True,,34.56,7.0,4576,1.0,2559,200,331,36,2.0,2.0,4757.0,21.75,36,36,7431
ablation,fruit-amount,200,5,256,256,4,True,,34.56,7.0,4576,1.0,2559,200,331,40,2.0,2.0,4757.0,21.75,40,40,7417
ablation,fruit-amount,225,5,256,256,4,True,,34.56,7.0,4576,1.0,2559,200,331,44,2.0,2.0,4757.0,21.75,44,44,7400
ablation,fruit-amount,250,5,256,256,4,True,,34.56,7.0,4576,1.0,2559,200,331,52,2.0,2.0,4757.0,21.75,52,52,7361
ablation,fruit-amount,275,5,256,256,4,True,,34.56,7.0,4576,1.0,2559,200,331,56,2.0,2.0,4757.0,21.75,56,56,7349
ablation,fruit-amount,300,5,256,256,4,True,,34.56,7.0,4576,1.0,2559,200,331,60,2.0,2.0,4757.0,21.75,60,60,7334
baseline,,0,6,256,256,4,True,,34.56,7.0,4616,1.0,2608,200,303,20,2.0,2.0,4754.0,34.0,20,20,7739
ablation,court-size,80,6,256,256,4,True,,30.0,7.0,4580,1.0,2864,200,363,20,2.0,2.0,5332.0,34.0,20,20,6291
ablation,court-size,90,6,256,256,4,True,,31.104,7.0,4592,1.0,2804,200,360,20,2.0,2.0,5193.0,34.0,20,20,6601
ablation,court-size,110,6,256,256,4,True,,38.016000000000005,7.0,4724,1.0,2404,200,292,20,2.0,2.0,4297.0,34.0,20,20,8618
ablation,court-size,120,6,256,256,4,True,,41.47200000000001,7.0,4716,1.0,2207,200,282,20,2.0,2.0,3809.0,38.75,20,20,9559
ablation,gate-width,5,6,256,256,4,True,,34.56,5.0,4676,1.0,2608,200,303,20,2.0,2.0,4754.0,34.0,20,20,8040
ablation,gate-width,9,6,256,256,4,True,,34.56,9.0,4560,1.0,2608,200,303,20,2.0,2.0,4754.0,34.0,20,20,7465
ablation,partition-wall,1,6,256,256,4,True,,34.56,7.0,4488,1.0,2614,200,303,20,1.0,2.0,4754.0,35.5,20,20,7791
ablation,partition-wall,3,6,256,256,4,True,,34.56,7.0,4712,1.0,2608,200,303,20,3.0,2.0,4754.0,34.0,20,20,7653
ablation,starting-towers,0,6,256,256,4,True,,34.56,7.0,4616,0.0,2608,200,303,20,2.0,0.0,4754.0,34.0,20,20,7823
ablation,starting-towers,2,6,256,256,4,True,,34.56,7.0,4616,2.0,2608,200,303,20,2.0,2.0,4754.0,34.0,20,20,7747
ablation,starting-towers,3,6,256,256,4,True,,34.56,7.0,4616,3.0,2608,200,303,20,2.0,2.0,4754.0,34.0,20,20,7791
ablation,wheat-amount,0,6,256,256,4,True,,34.56,7.0,4616,1.0,360,200,303,20,2.0,2.0,4754.0,0.0,20,20,9189
ablation,wheat-amount,25,6,256,256,4,True,,34.56,7.0,4616,1.0,964,200,303,20,2.0,2.0,4754.0,19.0,20,20,8836
ablation,wheat-amount,50,6,256,256,4,True,,34.56,7.0,4616,1.0,1551,200,303,20,2.0,2.0,4754.0,33.75,20,20,8466
ablation,wheat-amount,75,6,256,256,4,True,,34.56,7.0,4616,1.0,2080,200,303,20,2.0,2.0,4754.0,34.0,20,20,8111
ablation,wheat-amount,125,6,256,256,4,True,,34.56,7.0,4616,1.0,3136,200,303,20,2.0,2.0,4754.0,34.0,20,20,7371
ablation,wheat-amount,150,6,256,256,4,True,,34.56,7.0,4616,1.0,3664,200,303,20,2.0,2.0,4754.0,34.0,20,20,7030
ablation,wheat-amount,175,6,256,256,4,True,,34.56,7.0,4616,1.0,4192,200,303,20,2.0,2.0,4754.0,34.0,20,20,6676
ablation,wheat-amount,200,6,256,256,4,True,,34.56,7.0,4616,1.0,4720,200,303,20,2.0,2.0,4754.0,34.0,20,20,6452
ablation,wheat-amount,225,6,256,256,4,True,,34.56,7.0,4616,1.0,5248,200,303,20,2.0,2.0,4754.0,34.0,20,20,6353
ablation,wheat-amount,250,6,256,256,4,True,,34.56,7.0,4616,1.0,5776,200,303,20,2.0,2.0,4754.0,34.0,20,20,6325
ablation,wheat-amount,275,6,256,256,4,True,,34.56,7.0,4616,1.0,6061,200,303,20,2.0,2.0,4754.0,34.0,20,20,6317
ablation,wheat-amount,300,6,256,256,4,True,,34.56,7.0,4616,1.0,6061,200,303,20,2.0,2.0,4754.0,34.0,20,20,6317
ablation,wood-amount,0,6,256,256,4,True,,34.56,7.0,4616,1.0,2608,120,303,20,2.0,2.0,4754.0,34.0,20,20,7822
ablation,wood-amount,25,6,256,256,4,True,,34.56,7.0,4616,1.0,2608,140,303,20,2.0,2.0,4754.0,34.0,20,20,7802
ablation,wood-amount,50,6,256,256,4,True,,34.56,7.0,4616,1.0,2608,160,303,20,2.0,2.0,4754.0,34.0,20,20,7780
ablation,wood-amount,75,6,256,256,4,True,,34.56,7.0,4616,1.0,2608,180,303,20,2.0,2.0,4754.0,34.0,20,20,7757
ablation,wood-amount,125,6,256,256,4,True,,34.56,7.0,4616,1.0,2608,220,303,20,2.0,2.0,4754.0,34.0,20,20,7713
ablation,wood-amount,150,6,256,256,4,True,,34.56,7.0,4616,1.0,2608,240,303,20,2.0,2.0,4754.0,34.0,20,20,7699
ablation,wood-amount,175,6,256,256,4,True,,34.56,7.0,4616,1.0,2608,260,303,20,2.0,2.0,4754.0,34.0,20,20,7680
ablation,wood-amount,200,6,256,256,4,True,,34.56,7.0,4616,1.0,2608,280,303,20,2.0,2.0,4754.0,34.0,20,20,7666
ablation,wood-amount,225,6,256,256,4,True,,34.56,7.0,4616,1.0,2608,300,303,20,2.0,2.0,4754.0,34.0,20,20,7651
ablation,wood-amount,250,6,256,256,4,True,,34.56,7.0,4616,1.0,2608,320,303,20,2.0,2.0,4754.0,34.0,20,20,7635
ablation,wood-amount,275,6,256,256,4,True,,34.56,7.0,4616,1.0,2608,340,303,20,2.0,2.0,4754.0,34.0,20,20,7617
ablation,wood-amount,300,6,256,256,4,True,,34.56,7.0,4616,1.0,2608,360,303,20,2.0,2.0,4754.0,34.0,20,20,7596
ablation,algae-amount,0,6,256,256,4,True,,34.56,7.0,4616,1.0,2608,200,0,20,2.0,2.0,4754.0,34.0,20,20,7739
ablation,algae-amount,25,6,256,256,4,True,,34.56,7.0,4616,1.0,2608,200,79,20,2.0,2.0,4754.0,34.0,20,20,7739
ablation,algae-amount,50,6,256,256,4,True,,34.56,7.0,4616,1.0,2608,200,150,20,2.0,2.0,4754.0,34.0,20,20,7739
ablation,algae-amount,75,6,256,256,4,True,,34.56,7.0,4616,1.0,2608,200,222,20,2.0,2.0,4754.0,34.0,20,20,7739
ablation,algae-amount,125,6,256,256,4,True,,34.56,7.0,4616,1.0,2608,200,386,20,2.0,2.0,4754.0,34.0,20,20,7739
ablation,algae-amount,150,6,256,256,4,True,,34.56,7.0,4616,1.0,2608,200,472,20,2.0,2.0,4754.0,34.0,20,20,7739
ablation,algae-amount,175,6,256,256,4,True,,34.56,7.0,4616,1.0,2608,200,549,20,2.0,2.0,4754.0,34.0,20,20,7739
ablation,algae-amount,200,6,256,256,4,True,,34.56,7.0,4616,1.0,2608,200,618,20,2.0,2.0,4754.0,34.0,20,20,7739
ablation,algae-amount,225,6,256,256,4,True,,34.56,7.0,4616,1.0,2608,200,703,20,2.0,2.0,4754.0,34.0,20,20,7739
ablation,algae-amount,250,6,256,256,4,True,,34.56,7.0,4616,1.0,2608,200,777,20,2.0,2.0,4754.0,34.0,20,20,7739
ablation,algae-amount,275,6,256,256,4,True,,34.56,7.0,4616,1.0,2608,200,853,20,2.0,2.0,4754.0,34.0,20,20,7739
ablation,algae-amount,300,6,256,256,4,True,,34.56,7.0,4616,1.0,2608,200,925,20,2.0,2.0,4754.0,34.0,20,20,7739
ablation,fruit-amount,0,6,256,256,4,True,,34.56,7.0,4616,1.0,2608,200,303,0,2.0,2.0,4754.0,34.0,0,0,7900
ablation,fruit-amount,25,6,256,256,4,True,,34.56,7.0,4616,1.0,2608,200,303,4,2.0,2.0,4754.0,34.0,4,4,7872
ablation,fruit-amount,50,6,256,256,4,True,,34.56,7.0,4616,1.0,2608,200,303,12,2.0,2.0,4754.0,34.0,12,12,7801
ablation,fruit-amount,75,6,256,256,4,True,,34.56,7.0,4616,1.0,2608,200,303,16,2.0,2.0,4754.0,34.0,16,16,7771
ablation,fruit-amount,125,6,256,256,4,True,,34.56,7.0,4616,1.0,2608,200,303,24,2.0,2.0,4754.0,34.0,24,24,7716
ablation,fruit-amount,150,6,256,256,4,True,,34.56,7.0,4616,1.0,2608,200,303,32,2.0,2.0,4754.0,34.0,32,32,7656
ablation,fruit-amount,175,6,256,256,4,True,,34.56,7.0,4616,1.0,2608,200,303,36,2.0,2.0,4754.0,34.0,36,36,7635
ablation,fruit-amount,200,6,256,256,4,True,,34.56,7.0,4616,1.0,2608,200,303,40,2.0,2.0,4754.0,34.0,40,40,7617
ablation,fruit-amount,225,6,256,256,4,True,,34.56,7.0,4616,1.0,2608,200,303,44,2.0,2.0,4754.0,34.0,44,44,7599
ablation,fruit-amount,250,6,256,256,4,True,,34.56,7.0,4616,1.0,2608,200,303,52,2.0,2.0,4754.0,34.0,52,52,7572
ablation,fruit-amount,275,6,256,256,4,True,,34.56,7.0,4616,1.0,2608,200,303,56,2.0,2.0,4754.0,34.0,56,56,7560
ablation,fruit-amount,300,6,256,256,4,True,,34.56,7.0,4616,1.0,2608,200,303,60,2.0,2.0,4754.0,34.0,60,60,7548
baseline,,0,7,256,256,4,True,,34.56,7.0,4636,1.0,2749,200,335,20,2.0,2.0,4753.0,69.25,20,20,7451
ablation,court-size,80,7,256,256,4,True,,30.0,7.0,4576,1.0,2873,200,374,20,2.0,2.0,5329.0,36.25,20,20,6256
ablation,court-size,90,7,256,256,4,True,,31.104,7.0,4600,1.0,2809,200,369,20,2.0,2.0,5191.0,36.25,20,20,6583
ablation,court-size,110,7,256,256,4,True,,38.016000000000005,7.0,4748,1.0,2572,200,319,20,2.0,2.0,4294.0,76.0,20,20,7886
ablation,court-size,120,7,256,256,4,True,,41.47200000000001,7.0,4732,1.0,2356,200,316,20,2.0,2.0,3809.0,76.0,20,20,8377
ablation,gate-width,5,7,256,256,4,True,,34.56,5.0,4696,1.0,2749,200,335,20,2.0,2.0,4753.0,69.25,20,20,7696
ablation,gate-width,9,7,256,256,4,True,,34.56,9.0,4576,1.0,2749,200,335,20,2.0,2.0,4753.0,69.25,20,20,7208
ablation,partition-wall,1,7,256,256,4,True,,34.56,7.0,4484,1.0,2749,200,335,20,1.0,2.0,4753.0,69.25,20,20,7562
ablation,partition-wall,3,7,256,256,4,True,,34.56,7.0,4708,1.0,2749,200,335,20,3.0,2.0,4753.0,69.25,20,20,7381
ablation,starting-towers,0,7,256,256,4,True,,34.56,7.0,4636,0.0,2749,200,335,20,2.0,0.0,4753.0,69.25,20,20,7535
ablation,starting-towers,2,7,256,256,4,True,,34.56,7.0,4636,2.0,2749,200,335,20,2.0,2.0,4753.0,69.25,20,20,7463
ablation,starting-towers,3,7,256,256,4,True,,34.56,7.0,4636,3.0,2749,200,335,20,2.0,2.0,4753.0,69.25,20,20,7487
ablation,wheat-amount,0,7,256,256,4,True,,34.56,7.0,4636,1.0,360,200,335,20,2.0,2.0,4753.0,0.0,20,20,8895
ablation,wheat-amount,25,7,256,256,4,True,,34.56,7.0,4636,1.0,964,200,335,20,2.0,2.0,4753.0,19.0,20,20,8543
ablation,wheat-amount,50,7,256,256,4,True,,34.56,7.0,4636,1.0,1568,200,335,20,2.0,2.0,4753.0,38.0,20,20,8183
ablation,wheat-amount,75,7,256,256,4,True,,34.56,7.0,4636,1.0,2172,200,335,20,2.0,2.0,4753.0,57.0,20,20,7828
ablation,wheat-amount,125,7,256,256,4,True,,34.56,7.0,4636,1.0,3277,200,335,20,2.0,2.0,4753.0,69.25,20,20,7081
ablation,wheat-amount,150,7,256,256,4,True,,34.56,7.0,4636,1.0,3805,200,335,20,2.0,2.0,4753.0,69.25,20,20,6725
ablation,wheat-amount,175,7,256,256,4,True,,34.56,7.0,4636,1.0,4333,200,335,20,2.0,2.0,4753.0,69.25,20,20,6356
ablation,wheat-amount,200,7,256,256,4,True,,34.56,7.0,4636,1.0,4861,200,335,20,2.0,2.0,4753.0,69.25,20,20,6154
ablation,wheat-amount,225,7,256,256,4,True,,34.56,7.0,4636,1.0,5389,200,335,20,2.0,2.0,4753.0,69.25,20,20,6053
ablation,wheat-amount,250,7,256,256,4,True,,34.56,7.0,4636,1.0,5917,200,335,20,2.0,2.0,4753.0,69.25,20,20,6021
ablation,wheat-amount,275,7,256,256,4,True,,34.56,7.0,4636,1.0,6232,200,335,20,2.0,2.0,4753.0,69.25,20,20,6009
ablation,wheat-amount,300,7,256,256,4,True,,34.56,7.0,4636,1.0,6232,200,335,20,2.0,2.0,4753.0,69.25,20,20,6009
ablation,wood-amount,0,7,256,256,4,True,,34.56,7.0,4636,1.0,2749,120,335,20,2.0,2.0,4753.0,69.25,20,20,7530
ablation,wood-amount,25,7,256,256,4,True,,34.56,7.0,4636,1.0,2749,140,335,20,2.0,2.0,4753.0,69.25,20,20,7508
ablation,wood-amount,50,7,256,256,4,True,,34.56,7.0,4636,1.0,2749,160,335,20,2.0,2.0,4753.0,69.25,20,20,7489
ablation,wood-amount,75,7,256,256,4,True,,34.56,7.0,4636,1.0,2749,180,335,20,2.0,2.0,4753.0,69.25,20,20,7470
ablation,wood-amount,125,7,256,256,4,True,,34.56,7.0,4636,1.0,2749,220,335,20,2.0,2.0,4753.0,69.25,20,20,7427
ablation,wood-amount,150,7,256,256,4,True,,34.56,7.0,4636,1.0,2749,240,335,20,2.0,2.0,4753.0,69.25,20,20,7415
ablation,wood-amount,175,7,256,256,4,True,,34.56,7.0,4636,1.0,2749,260,335,20,2.0,2.0,4753.0,69.25,20,20,7395
ablation,wood-amount,200,7,256,256,4,True,,34.56,7.0,4636,1.0,2749,280,335,20,2.0,2.0,4753.0,69.25,20,20,7378
ablation,wood-amount,225,7,256,256,4,True,,34.56,7.0,4636,1.0,2749,300,335,20,2.0,2.0,4753.0,69.25,20,20,7358
ablation,wood-amount,250,7,256,256,4,True,,34.56,7.0,4636,1.0,2749,320,335,20,2.0,2.0,4753.0,69.25,20,20,7338
ablation,wood-amount,275,7,256,256,4,True,,34.56,7.0,4636,1.0,2749,340,335,20,2.0,2.0,4753.0,69.25,20,20,7325
ablation,wood-amount,300,7,256,256,4,True,,34.56,7.0,4636,1.0,2749,360,335,20,2.0,2.0,4753.0,69.25,20,20,7313
ablation,algae-amount,0,7,256,256,4,True,,34.56,7.0,4636,1.0,2749,200,0,20,2.0,2.0,4753.0,69.25,20,20,7451
ablation,algae-amount,25,7,256,256,4,True,,34.56,7.0,4636,1.0,2749,200,87,20,2.0,2.0,4753.0,69.25,20,20,7451
ablation,algae-amount,50,7,256,256,4,True,,34.56,7.0,4636,1.0,2749,200,175,20,2.0,2.0,4753.0,69.25,20,20,7451
ablation,algae-amount,75,7,256,256,4,True,,34.56,7.0,4636,1.0,2749,200,256,20,2.0,2.0,4753.0,69.25,20,20,7451
ablation,algae-amount,125,7,256,256,4,True,,34.56,7.0,4636,1.0,2749,200,410,20,2.0,2.0,4753.0,69.25,20,20,7451
ablation,algae-amount,150,7,256,256,4,True,,34.56,7.0,4636,1.0,2749,200,494,20,2.0,2.0,4753.0,69.25,20,20,7451
ablation,algae-amount,175,7,256,256,4,True,,34.56,7.0,4636,1.0,2749,200,569,20,2.0,2.0,4753.0,69.25,20,20,7451
ablation,algae-amount,200,7,256,256,4,True,,34.56,7.0,4636,1.0,2749,200,652,20,2.0,2.0,4753.0,69.25,20,20,7451
ablation,algae-amount,225,7,256,256,4,True,,34.56,7.0,4636,1.0,2749,200,731,20,2.0,2.0,4753.0,69.25,20,20,7451
ablation,algae-amount,250,7,256,256,4,True,,34.56,7.0,4636,1.0,2749,200,800,20,2.0,2.0,4753.0,69.25,20,20,7451
ablation,algae-amount,275,7,256,256,4,True,,34.56,7.0,4636,1.0,2749,200,880,20,2.0,2.0,4753.0,69.25,20,20,7451
ablation,algae-amount,300,7,256,256,4,True,,34.56,7.0,4636,1.0,2749,200,961,20,2.0,2.0,4753.0,69.25,20,20,7451
ablation,fruit-amount,0,7,256,256,4,True,,34.56,7.0,4636,1.0,2749,200,335,0,2.0,2.0,4753.0,69.25,0,0,7580
ablation,fruit-amount,25,7,256,256,4,True,,34.56,7.0,4636,1.0,2749,200,335,4,2.0,2.0,4753.0,69.25,4,4,7558
ablation,fruit-amount,50,7,256,256,4,True,,34.56,7.0,4636,1.0,2749,200,335,12,2.0,2.0,4753.0,69.25,12,12,7505
ablation,fruit-amount,75,7,256,256,4,True,,34.56,7.0,4636,1.0,2749,200,335,16,2.0,2.0,4753.0,69.25,16,16,7478
ablation,fruit-amount,125,7,256,256,4,True,,34.56,7.0,4636,1.0,2749,200,335,24,2.0,2.0,4753.0,69.25,24,24,7421
ablation,fruit-amount,150,7,256,256,4,True,,34.56,7.0,4636,1.0,2749,200,335,32,2.0,2.0,4753.0,69.25,32,32,7368
ablation,fruit-amount,175,7,256,256,4,True,,34.56,7.0,4636,1.0,2749,200,335,36,2.0,2.0,4753.0,69.25,36,36,7350
ablation,fruit-amount,200,7,256,256,4,True,,34.56,7.0,4636,1.0,2749,200,335,40,2.0,2.0,4753.0,69.25,40,40,7332
ablation,fruit-amount,225,7,256,256,4,True,,34.56,7.0,4636,1.0,2749,200,335,44,2.0,2.0,4753.0,69.25,44,44,7317
ablation,fruit-amount,250,7,256,256,4,True,,34.56,7.0,4636,1.0,2749,200,335,52,2.0,2.0,4753.0,69.25,52,52,7290
ablation,fruit-amount,275,7,256,256,4,True,,34.56,7.0,4636,1.0,2749,200,335,56,2.0,2.0,4753.0,69.25,56,56,7278
ablation,fruit-amount,300,7,256,256,4,True,,34.56,7.0,4636,1.0,2749,200,335,60,2.0,2.0,4753.0,69.25,60,60,7266
baseline,,0,8,256,256,4,True,,34.56,7.0,4600,1.0,2764,200,330,20,2.0,2.0,4754.0,73.0,20,20,7374
ablation,court-size,80,8,256,256,4,True,,30.0,7.0,4564,1.0,2890,200,374,20,2.0,2.0,5329.0,40.5,20,20,6177
ablation,court-size,90,8,256,256,4,True,,31.104,7.0,4576,1.0,2826,200,367,20,2.0,2.0,5190.0,40.5,20,20,6502
ablation,court-size,110,8,256,256,4,True,,38.016000000000005,7.0,4740,1.0,2572,200,306,20,2.0,2.0,4295.0,76.0,20,20,7800
ablation,court-size,120,8,256,256,4,True,,41.47200000000001,7.0,4728,1.0,2360,200,310,20,2.0,2.0,3821.0,76.0,20,20,8330
ablation,gate-width,5,8,256,256,4,True,,34.56,5.0,4668,1.0,2764,200,330,20,2.0,2.0,4754.0,73.0,20,20,7651
ablation,gate-width,9,8,256,256,4,True,,34.56,9.0,4540,1.0,2764,200,330,20,2.0,2.0,4754.0,73.0,20,20,7143
ablation,partition-wall,1,8,256,256,4,True,,34.56,7.0,4504,1.0,2764,200,330,20,1.0,2.0,4754.0,73.0,20,20,7456
ablation,partition-wall,3,8,256,256,4,True,,34.56,7.0,4732,1.0,2764,200,330,20,3.0,2.0,4754.0,73.0,20,20,7272
ablation,starting-towers,0,8,256,256,4,True,,34.56,7.0,4600,0.0,2764,200,330,20,2.0,0.0,4754.0,73.0,20,20,7458
ablation,starting-towers,2,8,256,256,4,True,,34.56,7.0,4600,2.0,2764,200,330,20,2.0,2.0,4754.0,73.0,20,20,7384
ablation,starting-towers,3,8,256,256,4,True,,34.56,7.0,4600,3.0,2764,200,330,20,2.0,2.0,4754.0,73.0,20,20,7414
ablation,wheat-amount,0,8,256,256,4,True,,34.56,7.0,4600,1.0,360,200,330,20,2.0,2.0,4754.0,0.0,20,20,8790
ablation,wheat-amount,25,8,256,256,4,True,,34.56,7.0,4600,1.0,964,200,330,20,2.0,2.0,4754.0,19.0,20,20,8422
ablation,wheat-amount,50,8,256,256,4,True,,34.56,7.0,4600,1.0,1568,200,330,20,2.0,2.0,4754.0,38.0,20,20,8070
ablation,wheat-amount,75,8,256,256,4,True,,34.56,7.0,4600,1.0,2172,200,330,20,2.0,2.0,4754.0,57.0,20,20,7726
ablation,wheat-amount,125,8,256,256,4,True,,34.56,7.0,4600,1.0,3298,200,330,20,2.0,2.0,4754.0,74.5,20,20,7015
ablation,wheat-amount,150,8,256,256,4,True,,34.56,7.0,4600,1.0,3826,200,330,20,2.0,2.0,4754.0,74.5,20,20,6658
ablation,wheat-amount,175,8,256,256,4,True,,34.56,7.0,4600,1.0,4354,200,330,20,2.0,2.0,4754.0,74.5,20,20,6300
ablation,wheat-amount,200,8,256,256,4,True,,34.56,7.0,4600,1.0,4882,200,330,20,2.0,2.0,4754.0,74.5,20,20,6121
ablation,wheat-amount,225,8,256,256,4,True,,34.56,7.0,4600,1.0,5410,200,330,20,2.0,2.0,4754.0,74.5,20,20,6057
ablation,wheat-amount,250,8,256,256,4,True,,34.56,7.0,4600,1.0,5938,200,330,20,2.0,2.0,4754.0,74.5,20,20,6025
ablation,wheat-amount,275,8,256,256,4,True,,34.56,7.0,4600,1.0,6160,200,330,20,2.0,2.0,4754.0,74.5,20,20,6019
ablation,wheat-amount,300,8,256,256,4,True,,34.56,7.0,4600,1.0,6160,200,330,20,2.0,2.0,4754.0,74.5,20,20,6019
ablation,wood-amount,0,8,256,256,4,True,,34.56,7.0,4600,1.0,2764,120,330,20,2.0,2.0,4754.0,73.0,20,20,7441
ablation,wood-amount,25,8,256,256,4,True,,34.56,7.0,4600,1.0,2764,140,330,20,2.0,2.0,4754.0,73.0,20,20,7418
ablation,wood-amount,50,8,256,256,4,True,,34.56,7.0,4600,1.0,2764,160,330,20,2.0,2.0,4754.0,73.0,20,20,7404
ablation,wood-amount,75,8,256,256,4,True,,34.56,7.0,4600,1.0,2764,180,330,20,2.0,2.0,4754.0,73.0,20,20,7390
ablation,wood-amount,125,8,256,256,4,True,,34.56,7.0,4600,1.0,2764,220,330,20,2.0,2.0,4754.0,73.0,20,20,7350
ablation,wood-amount,150,8,256,256,4,True,,34.56,7.0,4600,1.0,2764,240,330,20,2.0,2.0,4754.0,73.0,20,20,7333
ablation,wood-amount,175,8,256,256,4,True,,34.56,7.0,4600,1.0,2764,260,330,20,2.0,2.0,4754.0,73.0,20,20,7317
ablation,wood-amount,200,8,256,256,4,True,,34.56,7.0,4600,1.0,2764,280,330,20,2.0,2.0,4754.0,73.0,20,20,7302
ablation,wood-amount,225,8,256,256,4,True,,34.56,7.0,4600,1.0,2764,300,330,20,2.0,2.0,4754.0,73.0,20,20,7284
ablation,wood-amount,250,8,256,256,4,True,,34.56,7.0,4600,1.0,2764,320,330,20,2.0,2.0,4754.0,73.0,20,20,7266
ablation,wood-amount,275,8,256,256,4,True,,34.56,7.0,4600,1.0,2764,340,330,20,2.0,2.0,4754.0,73.0,20,20,7251
ablation,wood-amount,300,8,256,256,4,True,,34.56,7.0,4600,1.0,2764,360,330,20,2.0,2.0,4754.0,73.0,20,20,7232
ablation,algae-amount,0,8,256,256,4,True,,34.56,7.0,4600,1.0,2764,200,0,20,2.0,2.0,4754.0,73.0,20,20,7374
ablation,algae-amount,25,8,256,256,4,True,,34.56,7.0,4600,1.0,2764,200,86,20,2.0,2.0,4754.0,73.0,20,20,7374
ablation,algae-amount,50,8,256,256,4,True,,34.56,7.0,4600,1.0,2764,200,165,20,2.0,2.0,4754.0,73.0,20,20,7374
ablation,algae-amount,75,8,256,256,4,True,,34.56,7.0,4600,1.0,2764,200,249,20,2.0,2.0,4754.0,73.0,20,20,7374
ablation,algae-amount,125,8,256,256,4,True,,34.56,7.0,4600,1.0,2764,200,411,20,2.0,2.0,4754.0,73.0,20,20,7374
ablation,algae-amount,150,8,256,256,4,True,,34.56,7.0,4600,1.0,2764,200,494,20,2.0,2.0,4754.0,73.0,20,20,7374
ablation,algae-amount,175,8,256,256,4,True,,34.56,7.0,4600,1.0,2764,200,577,20,2.0,2.0,4754.0,73.0,20,20,7374
ablation,algae-amount,200,8,256,256,4,True,,34.56,7.0,4600,1.0,2764,200,649,20,2.0,2.0,4754.0,73.0,20,20,7374
ablation,algae-amount,225,8,256,256,4,True,,34.56,7.0,4600,1.0,2764,200,724,20,2.0,2.0,4754.0,73.0,20,20,7374
ablation,algae-amount,250,8,256,256,4,True,,34.56,7.0,4600,1.0,2764,200,801,20,2.0,2.0,4754.0,73.0,20,20,7374
ablation,algae-amount,275,8,256,256,4,True,,34.56,7.0,4600,1.0,2764,200,875,20,2.0,2.0,4754.0,73.0,20,20,7374
ablation,algae-amount,300,8,256,256,4,True,,34.56,7.0,4600,1.0,2764,200,962,20,2.0,2.0,4754.0,73.0,20,20,7374
ablation,fruit-amount,0,8,256,256,4,True,,34.56,7.0,4600,1.0,2764,200,330,0,2.0,2.0,4754.0,73.0,0,0,7514
ablation,fruit-amount,25,8,256,256,4,True,,34.56,7.0,4600,1.0,2764,200,330,4,2.0,2.0,4754.0,73.0,4,4,7493
ablation,fruit-amount,50,8,256,256,4,True,,34.56,7.0,4600,1.0,2764,200,330,12,2.0,2.0,4754.0,73.0,12,12,7438
ablation,fruit-amount,75,8,256,256,4,True,,34.56,7.0,4600,1.0,2764,200,330,16,2.0,2.0,4754.0,73.0,16,16,7401
ablation,fruit-amount,125,8,256,256,4,True,,34.56,7.0,4600,1.0,2764,200,330,24,2.0,2.0,4754.0,73.0,24,24,7350
ablation,fruit-amount,150,8,256,256,4,True,,34.56,7.0,4600,1.0,2764,200,330,32,2.0,2.0,4754.0,73.0,32,32,7314
ablation,fruit-amount,175,8,256,256,4,True,,34.56,7.0,4600,1.0,2764,200,330,36,2.0,2.0,4754.0,73.0,36,36,7296
ablation,fruit-amount,200,8,256,256,4,True,,34.56,7.0,4600,1.0,2764,200,330,40,2.0,2.0,4754.0,73.0,40,40,7284
ablation,fruit-amount,225,8,256,256,4,True,,34.56,7.0,4600,1.0,2764,200,330,44,2.0,2.0,4754.0,73.0,44,44,7272
ablation,fruit-amount,250,8,256,256,4,True,,34.56,7.0,4600,1.0,2764,200,330,52,2.0,2.0,4754.0,73.0,52,52,7248
ablation,fruit-amount,275,8,256,256,4,True,,34.56,7.0,4600,1.0,2764,200,330,56,2.0,2.0,4754.0,73.0,56,56,7236
ablation,fruit-amount,300,8,256,256,4,True,,34.56,7.0,4600,1.0,2764,200,330,60,2.0,2.0,4754.0,73.0,60,60,7224
baseline,,0,1,128,128,3,False,The Gauntlet needs a larger map or fewer colonies to fit its two guarded fronts.,,,,,,,,,,,,,,,
extremes,court-size,80,1,128,128,3,False,The Gauntlet needs a larger map or fewer colonies to fit its two guarded fronts.,,,,,,,,,,,,,,,
extremes,court-size,120,1,128,128,3,False,The Gauntlet needs a larger map or fewer colonies to fit its two guarded fronts.,,,,,,,,,,,,,,,
extremes,gate-width,5,1,128,128,3,False,The Gauntlet needs a larger map or fewer colonies to fit its two guarded fronts.,,,,,,,,,,,,,,,
extremes,gate-width,9,1,128,128,3,False,The Gauntlet needs a larger map or fewer colonies to fit its two guarded fronts.,,,,,,,,,,,,,,,
extremes,partition-wall,1,1,128,128,3,False,The Gauntlet needs a larger map or fewer colonies to fit its two guarded fronts.,,,,,,,,,,,,,,,
extremes,partition-wall,3,1,128,128,3,False,The Gauntlet needs a larger map or fewer colonies to fit its two guarded fronts.,,,,,,,,,,,,,,,
extremes,starting-towers,0,1,128,128,3,False,The Gauntlet needs a larger map or fewer colonies to fit its two guarded fronts.,,,,,,,,,,,,,,,
extremes,starting-towers,3,1,128,128,3,False,The Gauntlet needs a larger map or fewer colonies to fit its two guarded fronts.,,,,,,,,,,,,,,,
extremes,wheat-amount,0,1,128,128,3,False,The Gauntlet needs a larger map or fewer colonies to fit its two guarded fronts.,,,,,,,,,,,,,,,
extremes,wheat-amount,300,1,128,128,3,False,The Gauntlet needs a larger map or fewer colonies to fit its two guarded fronts.,,,,,,,,,,,,,,,
extremes,wood-amount,0,1,128,128,3,False,The Gauntlet needs a larger map or fewer colonies to fit its two guarded fronts.,,,,,,,,,,,,,,,
extremes,wood-amount,300,1,128,128,3,False,The Gauntlet needs a larger map or fewer colonies to fit its two guarded fronts.,,,,,,,,,,,,,,,
extremes,algae-amount,0,1,128,128,3,False,The Gauntlet needs a larger map or fewer colonies to fit its two guarded fronts.,,,,,,,,,,,,,,,
extremes,algae-amount,300,1,128,128,3,False,The Gauntlet needs a larger map or fewer colonies to fit its two guarded fronts.,,,,,,,,,,,,,,,
extremes,fruit-amount,0,1,128,128,3,False,The Gauntlet needs a larger map or fewer colonies to fit its two guarded fronts.,,,,,,,,,,,,,,,
extremes,fruit-amount,300,1,128,128,3,False,The Gauntlet needs a larger map or fewer colonies to fit its two guarded fronts.,,,,,,,,,,,,,,,
baseline,,0,2,128,128,3,False,The Gauntlet needs a larger map or fewer colonies to fit its two guarded fronts.,,,,,,,,,,,,,,,
extremes,court-size,80,2,128,128,3,False,The Gauntlet needs a larger map or fewer colonies to fit its two guarded fronts.,,,,,,,,,,,,,,,
extremes,court-size,120,2,128,128,3,False,The Gauntlet needs a larger map or fewer colonies to fit its two guarded fronts.,,,,,,,,,,,,,,,
extremes,gate-width,5,2,128,128,3,False,The Gauntlet needs a larger map or fewer colonies to fit its two guarded fronts.,,,,,,,,,,,,,,,
extremes,gate-width,9,2,128,128,3,False,The Gauntlet needs a larger map or fewer colonies to fit its two guarded fronts.,,,,,,,,,,,,,,,
extremes,partition-wall,1,2,128,128,3,False,The Gauntlet needs a larger map or fewer colonies to fit its two guarded fronts.,,,,,,,,,,,,,,,
extremes,partition-wall,3,2,128,128,3,False,The Gauntlet needs a larger map or fewer colonies to fit its two guarded fronts.,,,,,,,,,,,,,,,
extremes,starting-towers,0,2,128,128,3,False,The Gauntlet needs a larger map or fewer colonies to fit its two guarded fronts.,,,,,,,,,,,,,,,
extremes,starting-towers,3,2,128,128,3,False,The Gauntlet needs a larger map or fewer colonies to fit its two guarded fronts.,,,,,,,,,,,,,,,
extremes,wheat-amount,0,2,128,128,3,False,The Gauntlet needs a larger map or fewer colonies to fit its two guarded fronts.,,,,,,,,,,,,,,,
extremes,wheat-amount,300,2,128,128,3,False,The Gauntlet needs a larger map or fewer colonies to fit its two guarded fronts.,,,,,,,,,,,,,,,
extremes,wood-amount,0,2,128,128,3,False,The Gauntlet needs a larger map or fewer colonies to fit its two guarded fronts.,,,,,,,,,,,,,,,
extremes,wood-amount,300,2,128,128,3,False,The Gauntlet needs a larger map or fewer colonies to fit its two guarded fronts.,,,,,,,,,,,,,,,
extremes,algae-amount,0,2,128,128,3,False,The Gauntlet needs a larger map or fewer colonies to fit its two guarded fronts.,,,,,,,,,,,,,,,
extremes,algae-amount,300,2,128,128,3,False,The Gauntlet needs a larger map or fewer colonies to fit its two guarded fronts.,,,,,,,,,,,,,,,
extremes,fruit-amount,0,2,128,128,3,False,The Gauntlet needs a larger map or fewer colonies to fit its two guarded fronts.,,,,,,,,,,,,,,,
extremes,fruit-amount,300,2,128,128,3,False,The Gauntlet needs a larger map or fewer colonies to fit its two guarded fronts.,,,,,,,,,,,,,,,
baseline,,0,3,128,128,3,False,The Gauntlet needs a larger map or fewer colonies to fit its two guarded fronts.,,,,,,,,,,,,,,,
extremes,court-size,80,3,128,128,3,False,The Gauntlet needs a larger map or fewer colonies to fit its two guarded fronts.,,,,,,,,,,,,,,,
extremes,court-size,120,3,128,128,3,False,The Gauntlet needs a larger map or fewer colonies to fit its two guarded fronts.,,,,,,,,,,,,,,,
extremes,gate-width,5,3,128,128,3,False,The Gauntlet needs a larger map or fewer colonies to fit its two guarded fronts.,,,,,,,,,,,,,,,
extremes,gate-width,9,3,128,128,3,False,The Gauntlet needs a larger map or fewer colonies to fit its two guarded fronts.,,,,,,,,,,,,,,,
extremes,partition-wall,1,3,128,128,3,False,The Gauntlet needs a larger map or fewer colonies to fit its two guarded fronts.,,,,,,,,,,,,,,,
extremes,partition-wall,3,3,128,128,3,False,The Gauntlet needs a larger map or fewer colonies to fit its two guarded fronts.,,,,,,,,,,,,,,,
extremes,starting-towers,0,3,128,128,3,False,The Gauntlet needs a larger map or fewer colonies to fit its two guarded fronts.,,,,,,,,,,,,,,,
extremes,starting-towers,3,3,128,128,3,False,The Gauntlet needs a larger map or fewer colonies to fit its two guarded fronts.,,,,,,,,,,,,,,,
extremes,wheat-amount,0,3,128,128,3,False,The Gauntlet needs a larger map or fewer colonies to fit its two guarded fronts.,,,,,,,,,,,,,,,
extremes,wheat-amount,300,3,128,128,3,False,The Gauntlet needs a larger map or fewer colonies to fit its two guarded fronts.,,,,,,,,,,,,,,,
extremes,wood-amount,0,3,128,128,3,False,The Gauntlet needs a larger map or fewer colonies to fit its two guarded fronts.,,,,,,,,,,,,,,,
extremes,wood-amount,300,3,128,128,3,False,The Gauntlet needs a larger map or fewer colonies to fit its two guarded fronts.,,,,,,,,,,,,,,,
extremes,algae-amount,0,3,128,128,3,False,The Gauntlet needs a larger map or fewer colonies to fit its two guarded fronts.,,,,,,,,,,,,,,,
extremes,algae-amount,300,3,128,128,3,False,The Gauntlet needs a larger map or fewer colonies to fit its two guarded fronts.,,,,,,,,,,,,,,,
extremes,fruit-amount,0,3,128,128,3,False,The Gauntlet needs a larger map or fewer colonies to fit its two guarded fronts.,,,,,,,,,,,,,,,
extremes,fruit-amount,300,3,128,128,3,False,The Gauntlet needs a larger map or fewer colonies to fit its two guarded fronts.,,,,,,,,,,,,,,,
baseline,,0,1,512,512,6,True,,69.12,7.0,10328,1.0,14510,300,1514,60,2.0,2.0,19581.666666666668,153.0,60,60,34947
extremes,court-size,80,1,512,512,6,True,,55.296000000000014,7.0,10080,1.0,15846,300,1634,60,2.0,2.0,21586.0,153.0,60,60,30474
extremes,court-size,120,1,512,512,6,True,,82.94400000000002,7.0,10596,1.0,13036,300,1427,60,2.0,2.0,17370.333333333332,153.0,60,60,39556
extremes,gate-width,5,1,512,512,6,True,,69.12,5.0,10420,1.0,14510,300,1514,60,2.0,2.0,19581.666666666668,153.0,60,60,35679
extremes,gate-width,9,1,512,512,6,True,,69.12,9.0,10238,1.0,14510,300,1514,60,2.0,2.0,19581.666666666668,153.0,60,60,34210
extremes,partition-wall,1,1,512,512,6,True,,69.12,7.0,9944,1.0,14510,300,1523,60,1.0,2.0,19581.666666666668,153.0,60,60,35210
extremes,partition-wall,3,1,512,512,6,True,,69.12,7.0,10722,1.0,14510,300,1498,60,3.0,2.0,19581.666666666668,153.0,60,60,34707
extremes,starting-towers,0,1,512,512,6,True,,69.12,7.0,10328,0.0,14510,300,1514,60,2.0,0.0,19581.666666666668,153.0,60,60,35060
extremes,starting-towers,3,1,512,512,6,True,,69.12,7.0,10328,3.0,14510,300,1514,60,2.0,2.0,19581.666666666668,153.0,60,60,35007
extremes,wheat-amount,0,1,512,512,6,True,,69.12,7.0,10328,1.0,540,300,1514,60,2.0,2.0,19581.666666666668,0.0,60,60,45662
extremes,wheat-amount,300,1,512,512,6,True,,69.12,7.0,10328,1.0,42450,300,1514,60,2.0,2.0,19581.666666666668,459.0,60,60,21325
extremes,wood-amount,0,1,512,512,6,True,,69.12,7.0,10328,1.0,14510,180,1514,60,2.0,2.0,19581.666666666668,153.0,60,60,35074
extremes,wood-amount,300,1,512,512,6,True,,69.12,7.0,10328,1.0,14510,540,1514,60,2.0,2.0,19581.666666666668,153.0,60,60,34752
extremes,algae-amount,0,1,512,512,6,True,,69.12,7.0,10328,1.0,14510,300,0,60,2.0,2.0,19581.666666666668,153.0,60,60,34947
extremes,algae-amount,300,1,512,512,6,True,,69.12,7.0,10328,1.0,14510,300,4259,60,2.0,2.0,19581.666666666668,153.0,60,60,34947
extremes,fruit-amount,0,1,512,512,6,True,,69.12,7.0,10328,1.0,14510,300,1514,0,2.0,2.0,19581.666666666668,153.0,0,0,35539
extremes,fruit-amount,300,1,512,512,6,True,,69.12,7.0,10328,1.0,14510,300,1514,180,2.0,2.0,19581.666666666668,153.0,180,180,34500
baseline,,0,2,512,512,6,True,,69.12,7.0,10356,1.0,14510,300,1449,60,2.0,2.0,19582.333333333332,153.0,60,60,37804
extremes,court-size,80,2,512,512,6,True,,55.296000000000014,7.0,10092,1.0,15846,300,1593,60,2.0,2.0,21585.0,153.0,60,60,32325
extremes,court-size,120,2,512,512,6,True,,82.94400000000002,7.0,10620,1.0,13038,300,1391,60,2.0,2.0,17375.0,153.0,60,60,43004
extremes,gate-width,5,2,512,512,6,True,,69.12,5.0,10448,1.0,14510,300,1449,60,2.0,2.0,19582.333333333332,153.0,60,60,38728
extremes,gate-width,9,2,512,512,6,True,,69.12,9.0,10266,1.0,14510,300,1449,60,2.0,2.0,19582.333333333332,153.0,60,60,36880
extremes,partition-wall,1,2,512,512,6,True,,69.12,7.0,9952,1.0,14510,300,1449,60,1.0,2.0,19582.333333333332,153.0,60,60,38166
extremes,partition-wall,3,2,512,512,6,True,,69.12,7.0,10704,1.0,14510,300,1478,60,3.0,2.0,19582.333333333332,153.0,60,60,37541
extremes,starting-towers,0,2,512,512,6,True,,69.12,7.0,10356,0.0,14510,300,1449,60,2.0,0.0,19582.333333333332,153.0,60,60,37916
extremes,starting-towers,3,2,512,512,6,True,,69.12,7.0,10356,3.0,14510,300,1449,60,2.0,2.0,19582.333333333332,153.0,60,60,37868
extremes,wheat-amount,0,2,512,512,6,True,,69.12,7.0,10356,1.0,540,300,1449,60,2.0,2.0,19582.333333333332,0.0,60,60,48607
extremes,wheat-amount,300,2,512,512,6,True,,69.12,7.0,10356,1.0,42027,300,1449,60,2.0,2.0,19582.333333333332,388.5,60,60,24508
extremes,wood-amount,0,2,512,512,6,True,,69.12,7.0,10356,1.0,14510,180,1449,60,2.0,2.0,19582.333333333332,153.0,60,60,37918
extremes,wood-amount,300,2,512,512,6,True,,69.12,7.0,10356,1.0,14510,540,1449,60,2.0,2.0,19582.333333333332,153.0,60,60,37606
extremes,algae-amount,0,2,512,512,6,True,,69.12,7.0,10356,1.0,14510,300,0,60,2.0,2.0,19582.333333333332,153.0,60,60,37804
extremes,algae-amount,300,2,512,512,6,True,,69.12,7.0,10356,1.0,14510,300,4194,60,2.0,2.0,19582.333333333332,153.0,60,60,37804
extremes,fruit-amount,0,2,512,512,6,True,,69.12,7.0,10356,1.0,14510,300,1449,0,2.0,2.0,19582.333333333332,153.0,0,0,38336
extremes,fruit-amount,300,2,512,512,6,True,,69.12,7.0,10356,1.0,14510,300,1449,180,2.0,2.0,19582.333333333332,153.0,180,180,37359
baseline,,0,3,512,512,6,True,,69.12,7.0,10386,1.0,14510,300,1475,60,2.0,2.0,19580.0,153.0,60,60,37395
extremes,court-size,80,3,512,512,6,True,,55.296000000000014,7.0,10128,1.0,15785,300,1584,60,2.0,2.0,21581.333333333332,143.5,60,60,31891
extremes,court-size,120,3,512,512,6,True,,82.94400000000002,7.0,10640,1.0,13034,300,1353,60,2.0,2.0,17369.333333333332,153.0,60,60,42784
extremes,gate-width,5,3,512,512,6,True,,69.12,5.0,10470,1.0,14510,300,1475,60,2.0,2.0,19580.0,153.0,60,60,38346
extremes,gate-width,9,3,512,512,6,True,,69.12,9.0,10300,1.0,14510,300,1475,60,2.0,2.0,19580.0,153.0,60,60,36430
extremes,partition-wall,1,3,512,512,6,True,,69.12,7.0,10010,1.0,14510,300,1475,60,1.0,2.0,19580.0,153.0,60,60,37726
extremes,partition-wall,3,3,512,512,6,True,,69.12,7.0,10762,1.0,14510,300,1465,60,3.0,2.0,19580.0,153.0,60,60,37088
extremes,starting-towers,0,3,512,512,6,True,,69.12,7.0,10386,0.0,14510,300,1475,60,2.0,0.0,19580.0,153.0,60,60,37501
extremes,starting-towers,3,3,512,512,6,True,,69.12,7.0,10386,3.0,14510,300,1475,60,2.0,2.0,19580.0,153.0,60,60,37454
extremes,wheat-amount,0,3,512,512,6,True,,69.12,7.0,10386,1.0,540,300,1475,60,2.0,2.0,19580.0,0.0,60,60,48037
extremes,wheat-amount,300,3,512,512,6,True,,69.12,7.0,10386,1.0,41232,300,1475,60,2.0,2.0,19580.0,256.0,60,60,25107
extremes,wood-amount,0,3,512,512,6,True,,69.12,7.0,10386,1.0,14510,180,1475,60,2.0,2.0,19580.0,153.0,60,60,37528
extremes,wood-amount,300,3,512,512,6,True,,69.12,7.0,10386,1.0,14510,540,1475,60,2.0,2.0,19580.0,153.0,60,60,37200
extremes,algae-amount,0,3,512,512,6,True,,69.12,7.0,10386,1.0,14510,300,0,60,2.0,2.0,19580.0,153.0,60,60,37395
extremes,algae-amount,300,3,512,512,6,True,,69.12,7.0,10386,1.0,14510,300,4238,60,2.0,2.0,19580.0,153.0,60,60,37395
extremes,fruit-amount,0,3,512,512,6,True,,69.12,7.0,10386,1.0,14510,300,1475,0,2.0,2.0,19580.0,153.0,0,0,37928
extremes,fruit-amount,300,3,512,512,6,True,,69.12,7.0,10386,1.0,14510,300,1475,180,2.0,2.0,19580.0,153.0,180,180,36953
baseline,,0,1,512,256,5,True,,34.56,7.0,4745,1.0,2821,250,309,25,2.0,2.0,3753.6,57.4,25,25,6588
extremes,court-size,80,1,512,256,5,True,,30.0,7.0,4670,1.0,2964,250,341,25,2.0,2.0,4211.6,35.2,25,25,5567
extremes,court-size,120,1,512,256,5,True,,41.47200000000001,7.0,4855,1.0,2494,250,311,25,2.0,2.0,3000.8,76.0,25,25,7336
extremes,gate-width,5,1,512,256,5,True,,34.56,5.0,4818,1.0,2821,250,309,25,2.0,2.0,3753.6,57.4,25,25,6915
extremes,gate-width,9,1,512,256,5,True,,34.56,9.0,4677,1.0,2821,250,309,25,2.0,2.0,3753.6,57.4,25,25,6265
extremes,partition-wall,1,1,512,256,5,True,,34.56,7.0,4587,1.0,2828,250,309,25,1.0,2.0,3753.6,58.8,25,25,6678
extremes,partition-wall,3,1,512,256,5,True,,34.56,7.0,4873,1.0,2808,250,309,25,3.0,2.0,3753.6,54.8,25,25,6512
extremes,starting-towers,0,1,512,256,5,True,,34.56,7.0,4745,0.0,2821,250,309,25,2.0,0.0,3753.6,57.4,25,25,6696
extremes,starting-towers,3,1,512,256,5,True,,34.56,7.0,4745,3.0,2821,250,309,25,2.0,2.0,3753.6,57.4,25,25,6655
extremes,wheat-amount,0,1,512,256,5,True,,34.56,7.0,4745,1.0,450,250,309,25,2.0,2.0,3753.6,0.0,25,25,7878
extremes,wheat-amount,300,1,512,256,5,True,,34.56,7.0,4745,1.0,5523,250,309,25,2.0,2.0,3753.6,57.4,25,25,5754
extremes,wood-amount,0,1,512,256,5,True,,34.56,7.0,4745,1.0,2821,150,309,25,2.0,2.0,3753.6,57.4,25,25,6653
extremes,wood-amount,300,1,512,256,5,True,,34.56,7.0,4745,1.0,2821,450,309,25,2.0,2.0,3753.6,57.4,25,25,6492
extremes,algae-amount,0,1,512,256,5,True,,34.56,7.0,4745,1.0,2821,250,0,25,2.0,2.0,3753.6,57.4,25,25,6588
extremes,algae-amount,300,1,512,256,5,True,,34.56,7.0,4745,1.0,2821,250,914,25,2.0,2.0,3753.6,57.4,25,25,6588
extremes,fruit-amount,0,1,512,256,5,True,,34.56,7.0,4745,1.0,2821,250,309,0,2.0,2.0,3753.6,57.4,0,0,6717
extremes,fruit-amount,300,1,512,256,5,True,,34.56,7.0,4745,1.0,2821,250,309,75,2.0,2.0,3753.6,57.4,75,75,6390
baseline,,0,2,512,256,5,True,,34.56,7.0,4743,1.0,2725,250,316,25,2.0,2.0,3755.6,38.2,25,25,6685
extremes,court-size,80,2,512,256,5,True,,30.0,7.0,4669,1.0,2978,250,363,25,2.0,2.0,4211.4,38.2,25,25,5412
extremes,court-size,120,2,512,256,5,True,,41.47200000000001,7.0,4857,1.0,2324,250,313,25,2.0,2.0,3003.2,41.4,25,25,8081
extremes,gate-width,5,2,512,256,5,True,,34.56,5.0,4815,1.0,2725,250,316,25,2.0,2.0,3755.6,38.2,25,25,7014
extremes,gate-width,9,2,512,256,5,True,,34.56,9.0,4668,1.0,2725,250,316,25,2.0,2.0,3755.6,38.2,25,25,6369
extremes,partition-wall,1,2,512,256,5,True,,34.56,7.0,4599,1.0,2725,250,316,25,1.0,2.0,3755.6,38.2,25,25,6795
extremes,partition-wall,3,2,512,256,5,True,,34.56,7.0,4881,1.0,2721,250,316,25,3.0,2.0,3755.6,37.4,25,25,6607
extremes,starting-towers,0,2,512,256,5,True,,34.56,7.0,4743,0.0,2725,250,316,25,2.0,0.0,3755.6,38.2,25,25,6795
extremes,starting-towers,3,2,512,256,5,True,,34.56,7.0,4743,3.0,2725,250,316,25,2.0,2.0,3755.6,38.2,25,25,6751
extremes,wheat-amount,0,2,512,256,5,True,,34.56,7.0,4743,1.0,450,250,316,25,2.0,2.0,3755.6,0.0,25,25,7948
extremes,wheat-amount,300,2,512,256,5,True,,34.56,7.0,4743,1.0,5387,250,316,25,2.0,2.0,3755.6,38.2,25,25,5884
extremes,wood-amount,0,2,512,256,5,True,,34.56,7.0,4743,1.0,2725,150,316,25,2.0,2.0,3755.6,38.2,25,25,6764
extremes,wood-amount,300,2,512,256,5,True,,34.56,7.0,4743,1.0,2725,450,316,25,2.0,2.0,3755.6,38.2,25,25,6583
extremes,algae-amount,0,2,512,256,5,True,,34.56,7.0,4743,1.0,2725,250,0,25,2.0,2.0,3755.6,38.2,25,25,6685
extremes,algae-amount,300,2,512,256,5,True,,34.56,7.0,4743,1.0,2725,250,909,25,2.0,2.0,3755.6,38.2,25,25,6685
extremes,fruit-amount,0,2,512,256,5,True,,34.56,7.0,4743,1.0,2725,250,316,0,2.0,2.0,3755.6,38.2,0,0,6844
extremes,fruit-amount,300,2,512,256,5,True,,34.56,7.0,4743,1.0,2725,250,316,75,2.0,2.0,3755.6,38.2,75,75,6444
baseline,,0,3,512,256,5,True,,34.56,7.0,4734,1.0,2727,250,320,25,2.0,2.0,3753.4,38.8,25,25,6769
extremes,court-size,80,3,512,256,5,True,,30.0,7.0,4676,1.0,2981,250,364,25,2.0,2.0,4211.8,38.8,25,25,5472
extremes,court-size,120,3,512,256,5,True,,41.47200000000001,7.0,4842,1.0,2334,250,333,25,2.0,2.0,3000.6,43.8,25,25,8129
extremes,gate-width,5,3,512,256,5,True,,34.56,5.0,4808,1.0,2727,250,320,25,2.0,2.0,3753.4,38.8,25,25,7099
extremes,gate-width,9,3,512,256,5,True,,34.56,9.0,4660,1.0,2727,250,320,25,2.0,2.0,3753.4,38.8,25,25,6434
extremes,partition-wall,1,3,512,256,5,True,,34.56,7.0,4601,1.0,2728,250,320,25,1.0,2.0,3753.4,39.0,25,25,6864
extremes,partition-wall,3,3,512,256,5,True,,34.56,7.0,4880,1.0,2722,250,320,25,3.0,2.0,3753.4,37.8,25,25,6683
extremes,starting-towers,0,3,512,256,5,True,,34.56,7.0,4734,0.0,2727,250,320,25,2.0,0.0,3753.4,38.8,25,25,6876
extremes,starting-towers,3,3,512,256,5,True,,34.56,7.0,4734,3.0,2727,250,320,25,2.0,2.0,3753.4,38.8,25,25,6828
extremes,wheat-amount,0,3,512,256,5,True,,34.56,7.0,4734,1.0,450,250,320,25,2.0,2.0,3753.4,0.0,25,25,8016
extremes,wheat-amount,300,3,512,256,5,True,,34.56,7.0,4734,1.0,5441,250,320,25,2.0,2.0,3753.4,38.8,25,25,5914
extremes,wood-amount,0,3,512,256,5,True,,34.56,7.0,4734,1.0,2727,150,320,25,2.0,2.0,3753.4,38.8,25,25,6842
extremes,wood-amount,300,3,512,256,5,True,,34.56,7.0,4734,1.0,2727,450,320,25,2.0,2.0,3753.4,38.8,25,25,6663
extremes,algae-amount,0,3,512,256,5,True,,34.56,7.0,4734,1.0,2727,250,0,25,2.0,2.0,3753.4,38.8,25,25,6769
extremes,algae-amount,300,3,512,256,5,True,,34.56,7.0,4734,1.0,2727,250,883,25,2.0,2.0,3753.4,38.8,25,25,6769
extremes,fruit-amount,0,3,512,256,5,True,,34.56,7.0,4734,1.0,2727,250,320,0,2.0,2.0,3753.4,38.8,0,0,6917
extremes,fruit-amount,300,3,512,256,5,True,,34.56,7.0,4734,1.0,2727,250,320,75,2.0,2.0,3753.4,38.8,75,75,6540
