MAXIMA_TELEMETRY	30601	0	director_snapshot	posture=campaign	map_width=256	map_height=256	global_water_tiles=43671	global_grass_tiles=18678	global_land_tiles=21865	global_buildable_tiles=8590	global_corn_tiles=4670	global_wood_tiles=5204	global_stone_tiles=54	global_algae_tiles=521	known_algae_units=0	walk_accessible_algae_units=0	swim_accessible_algae_units=0	accessible_algae_units=0	global_fruit_tiles=160	global_water_percent=66	global_shoreline_density=1	global_land_components=5	global_largest_land_percent=61	global_start_land_percent=9	global_chokepoint_density=0	terrain_abundance=100	connected_abundance=67	mobility_opportunity=91	terrain_connected_boom=17	terrain_access_barrier=30	effective_growth_site_mid=76	effective_growth_site_high=98	effective_school_population=75	effective_second_school_utility=82	effective_pool_population=0	effective_pool_utility=33	topology_complexity=100	posture_age=17584	environment_confidence=100	resource_capacity=85	space_capacity=84	food_security=72	food_headroom=63	abundance=74	abundance_surge=1	economic_momentum=33	mobility_constraint=38	threat_pressure=15	known_local_tiles=3593	accessible_corn=47	accessible_corn_fraction=46938	accessible_wood=266	accessible_stone=8	accessible_algae=0	buildable_tiles=918	water_tiles=1491	feeding_capacity=209	demand_survival=46	demand_food=46	demand_growth=65	demand_expansion=58	demand_access=14	demand_technology=100	demand_mobility=53	demand_military=100	demand_aggression=99	population=184	population_trend=7	workers=92	trained_workers=9	explorers=7	trained_explorers=0	prestige=0	enemy_prestige=0	worker_trend=2	free_workers=23	worker_jobs_open=3	assigned_building_workers=85	inn_workers=31	swarm_workers=16	technology_workers=0	military_workers=0	worker_ratio=1	explorer_ratio=1	warrior_ratio=3	swarm_worker_budget=19	warriors=85	trained_warriors=75	swimming_workers=56	swimming_explorers=0	swimming_warriors=70	amphibious_attack_explorers=0	defense_reserve=12	warrior_trend=2	unserved_food=1	critical_food=6	food=0	food_capacity=0	food_trend=-3	visible_enemy_warriors=41	visible_enemy_explorers=6	visible_enemy_attack_explorers=0	visible_colony_explorer_threat=0	explorer_defense_active=0	explorer_defense_emergency=0	estimated_enemy_warriors=32	alive_enemies=3	visible_colony_threat=0	threatened_units=6	threatened_buildings=0	need_heal=13	buildings=26	building_sites=0	inns=11	swarms=1	barracks=3	hospitals=7	schools=0	school_level1=0	school_level2=0	school_level3=0	pools=2	racetracks=2	allow_upgrades=0	upgrading_phase_1=0	upgrading_phase_2=0	construction_budget=4	priority_inns=64	priority_swarms=95	priority_pools=89	priority_schools=145	priority_barracks=100	priority_hospitals=120	priority_towers=100	desired_inns=11	inn_level1=11	inn_level2=0	inn_level3=0	desired_swarms=1	colonization_eligible=1	colonization_gate=eligible	active_colonial_action=0	established_colonies=0	cleared_hotspots=0	desired_barracks=2	desired_hospitals=6	desired_schools=2	desired_towers=0	towers=0	tower_stone=0	tower_bullets=0	desired_explorers=14	desired_warriors=90	space_constrained=1	construction_failures=3	clearing_active=1	attack_budget=1	campaign_population_required=51	campaign_worker_floor=42	campaign_warriors_required=48	campaign_population_ready=1	campaign_force_ready=1	campaign_safe=1	campaign_economy_ready=1	combat_ready_idle=0	campaign_ready_idle=0	campaign_state=0	campaign_cooldown=0	target=2	tactical_review_tick=30601	offense_gate=open	offense_decision=raid 1148	offense_eligible=37	offense_training_slots=0	siege_candidates=76	viable_sieges=76	raid_candidates=9	viable_raids=9	mission_kind=raid	mission_phase=engage	mission_requested=20	configured_campaign_worker_floor=22	configured_attack_unit_cap=20	utility_expand=77	utility_develop=264	utility_mobilize=178	utility_campaign=470	utility_finish=-21	utility_defend=27	utility_recover=16	bid_survival=46	bid_growth=65	bid_access=72	bid_technology=100	bid_defense=100	bid_offense=99	game_tick=32945
MAXIMA_TELEMETRY	30878	0	placement_planner	outcome=selected	candidates=208	strict_candidates=208	fallback_candidates=21	water_tier=6	reservation=28	rejected_undiscovered=78343	rejected_terrain=44548	rejected_building=3508	rejected_permanent_resource=720	rejected_clearable_resource=1011	rejected_reservation=214	rejected_circulation=1057	rejected_water_tier=12	rejected_access=219	rejected_colony_distance=294	rejected_colony_corn=315	rejected_colony_threat=599	rejected_negative_utility=3	action=33	action_type=0	building_type=6	purpose=core_capacity	template=5	campus=5	slot=0	building=-1	x=119	y=228	utility=4679	u_demand=100	u_service=40	u_unlock=20	u_parallelism=50	u_redundancy=100	u_role=60	u_defended=60	u_compact=43	u_farm_loss=0	u_food_zone=0	u_land=0	u_scarcity=22	u_labor=40	u_downtime=0	u_threat=0	u_artery=40	friendly_distance=3	corn_distance=-1	colony_new_food=0	colony_value=0	colonization_eligible=1	colonization_gate=eligible	active_colonial_action=0	hotspot_count=0	game_tick=33277
MAXIMA_TELEMETRY	31033	0	placement_planner	outcome=selected	candidates=188	strict_candidates=188	fallback_candidates=20	water_tier=6	reservation=29	rejected_undiscovered=78056	rejected_terrain=44780	rejected_building=3552	rejected_permanent_resource=720	rejected_clearable_resource=977	rejected_reservation=246	rejected_circulation=1157	rejected_water_tier=12	rejected_access=218	rejected_colony_distance=241	rejected_colony_corn=301	rejected_colony_threat=604	rejected_negative_utility=3	action=34	action_type=0	building_type=6	purpose=core_capacity	template=5	campus=6	slot=0	building=-1	x=137	y=219	utility=4651	u_demand=100	u_service=40	u_unlock=20	u_parallelism=50	u_redundancy=100	u_role=66	u_defended=66	u_compact=43	u_farm_loss=0	u_food_zone=0	u_land=0	u_scarcity=22	u_labor=40	u_downtime=0	u_threat=0	u_artery=0	friendly_distance=1	corn_distance=-1	colony_new_food=0	colony_value=0	colonization_eligible=1	colonization_gate=eligible	active_colonial_action=0	hotspot_count=0	game_tick=33460
MAXIMA_TELEMETRY	31035	0	placement_planner	outcome=SiteObserved	candidates=188	strict_candidates=188	fallback_candidates=20	water_tier=6	reservation=29	rejected_undiscovered=78056	rejected_terrain=44780	rejected_building=3552	rejected_permanent_resource=720	rejected_clearable_resource=977	rejected_reservation=246	rejected_circulation=1157	rejected_water_tier=12	rejected_access=218	rejected_colony_distance=241	rejected_colony_corn=301	rejected_colony_threat=604	rejected_negative_utility=3	action=33	action_type=0	building_type=6	purpose=core_capacity	template=5	campus=5	slot=0	building=136	x=119	y=228	utility=4679	u_demand=100	u_service=40	u_unlock=20	u_parallelism=50	u_redundancy=100	u_role=60	u_defended=60	u_compact=43	u_farm_loss=0	u_food_zone=0	u_land=0	u_scarcity=22	u_labor=40	u_downtime=0	u_threat=0	u_artery=40	friendly_distance=3	corn_distance=-1	colony_new_food=0	colony_value=0	colonization_eligible=1	colonization_gate=eligible	active_colonial_action=0	hotspot_count=0	game_tick=33468
MAXIMA_TELEMETRY	31107	0	placement_planner	outcome=selected	candidates=24	strict_candidates=0	fallback_candidates=0	water_tier=6	reservation=30	rejected_undiscovered=38830	rejected_terrain=22523	rejected_building=1797	rejected_permanent_resource=382	rejected_clearable_resource=181	rejected_reservation=131	rejected_circulation=567	rejected_colony_distance=236	rejected_colony_corn=307	rejected_colony_threat=579	rejected_negative_utility=3	rejected_food_capacity=1	action=35	action_type=2	building_type=5	purpose=core_capacity	template=0	campus=-1	slot=-1	building=4	x=125	y=242	utility=5829	u_demand=80	u_service=0	u_unlock=0	u_parallelism=30	u_redundancy=16	u_role=82	u_defended=82	u_compact=0	u_farm_loss=0	u_food_zone=0	u_land=0	u_scarcity=15	u_labor=80	u_downtime=7	u_threat=0	u_artery=0	friendly_distance=-1	corn_distance=-1	colony_new_food=0	colony_value=0	colonization_eligible=1	colonization_gate=eligible	active_colonial_action=0	hotspot_count=0	game_tick=33564
MAXIMA_TELEMETRY	31109	0	placement_planner	outcome=SiteObserved	candidates=24	strict_candidates=0	fallback_candidates=0	water_tier=6	reservation=30	rejected_undiscovered=38830	rejected_terrain=22523	rejected_building=1797	rejected_permanent_resource=382	rejected_clearable_resource=181	rejected_reservation=131	rejected_circulation=567	rejected_colony_distance=236	rejected_colony_corn=307	rejected_colony_threat=579	rejected_negative_utility=3	rejected_food_capacity=1	action=34	action_type=0	building_type=6	purpose=core_capacity	template=5	campus=6	slot=0	building=139	x=137	y=219	utility=4651	u_demand=100	u_service=40	u_unlock=20	u_parallelism=50	u_redundancy=100	u_role=66	u_defended=66	u_compact=43	u_farm_loss=0	u_food_zone=0	u_land=0	u_scarcity=22	u_labor=40	u_downtime=0	u_threat=0	u_artery=0	friendly_distance=1	corn_distance=-1	colony_new_food=0	colony_value=0	colonization_eligible=1	colonization_gate=eligible	active_colonial_action=0	hotspot_count=0	game_tick=33567
MAXIMA_TELEMETRY	31109	0	placement_planner	outcome=SiteObserved	candidates=24	strict_candidates=0	fallback_candidates=0	water_tier=6	reservation=30	rejected_undiscovered=38830	rejected_terrain=22523	rejected_building=1797	rejected_permanent_resource=382	rejected_clearable_resource=181	rejected_reservation=131	rejected_circulation=567	rejected_colony_distance=236	rejected_colony_corn=307	rejected_colony_threat=579	rejected_negative_utility=3	rejected_food_capacity=1	action=35	action_type=2	building_type=5	purpose=core_capacity	template=0	campus=-1	slot=-1	building=4	x=125	y=242	utility=5829	u_demand=80	u_service=0	u_unlock=0	u_parallelism=30	u_redundancy=16	u_role=82	u_defended=82	u_compact=0	u_farm_loss=0	u_food_zone=0	u_land=0	u_scarcity=15	u_labor=80	u_downtime=7	u_threat=0	u_artery=0	friendly_distance=-1	corn_distance=-1	colony_new_food=0	colony_value=0	colonization_eligible=1	colonization_gate=eligible	active_colonial_action=0	hotspot_count=0	game_tick=33567
MAXIMA_TELEMETRY	31184	0	placement_planner	outcome=selected	candidates=23	strict_candidates=0	fallback_candidates=0	water_tier=6	reservation=31	rejected_undiscovered=38699	rejected_terrain=22624	rejected_building=1797	rejected_permanent_resource=382	rejected_clearable_resource=181	rejected_reservation=131	rejected_circulation=567	rejected_colony_distance=236	rejected_colony_corn=337	rejected_colony_threat=579	rejected_negative_utility=3	rejected_food_capacity=1	action=36	action_type=2	building_type=5	purpose=core_capacity	template=0	campus=-1	slot=-1	building=9	x=127	y=235	utility=5829	u_demand=80	u_service=0	u_unlock=0	u_parallelism=30	u_redundancy=16	u_role=82	u_defended=82	u_compact=0	u_farm_loss=0	u_food_zone=0	u_land=0	u_scarcity=15	u_labor=80	u_downtime=7	u_threat=0	u_artery=0	friendly_distance=-1	corn_distance=-1	colony_new_food=0	colony_value=0	colonization_eligible=1	colonization_gate=eligible	active_colonial_action=0	hotspot_count=0	game_tick=33658
MAXIMA_TELEMETRY	31186	0	placement_planner	outcome=SiteObserved	candidates=23	strict_candidates=0	fallback_candidates=0	water_tier=6	reservation=31	rejected_undiscovered=38699	rejected_terrain=22624	rejected_building=1797	rejected_permanent_resource=382	rejected_clearable_resource=181	rejected_reservation=131	rejected_circulation=567	rejected_colony_distance=236	rejected_colony_corn=337	rejected_colony_threat=579	rejected_negative_utility=3	rejected_food_capacity=1	action=36	action_type=2	building_type=5	purpose=core_capacity	template=0	campus=-1	slot=-1	building=9	x=127	y=235	utility=5829	u_demand=80	u_service=0	u_unlock=0	u_parallelism=30	u_redundancy=16	u_role=82	u_defended=82	u_compact=0	u_farm_loss=0	u_food_zone=0	u_land=0	u_scarcity=15	u_labor=80	u_downtime=7	u_threat=0	u_artery=0	friendly_distance=-1	corn_distance=-1	colony_new_food=0	colony_value=0	colonization_eligible=1	colonization_gate=eligible	active_colonial_action=0	hotspot_count=0	game_tick=33663
MAXIMA_TELEMETRY	31258	0	placement_planner	outcome=waiting	candidates=0	strict_candidates=0	fallback_candidates=0	water_tier=0	reservation=-1	rejected_undiscovered=38582	rejected_terrain=22690	rejected_building=1797	rejected_permanent_resource=382	rejected_clearable_resource=261	rejected_reservation=131	rejected_circulation=567	rejected_colony_distance=236	rejected_colony_corn=307	rejected_colony_threat=580	rejected_negative_utility=3	colonization_eligible=1	colonization_gate=eligible	active_colonial_action=0	hotspot_count=0	game_tick=33756
MAXIMA_TELEMETRY	31617	0	director_snapshot	posture=campaign	map_width=256	map_height=256	global_water_tiles=43671	global_grass_tiles=18678	global_land_tiles=21865	global_buildable_tiles=8590	global_corn_tiles=4670	global_wood_tiles=5204	global_stone_tiles=54	global_algae_tiles=521	known_algae_units=0	walk_accessible_algae_units=0	swim_accessible_algae_units=0	accessible_algae_units=0	global_fruit_tiles=160	global_water_percent=66	global_shoreline_density=1	global_land_components=5	global_largest_land_percent=61	global_start_land_percent=9	global_chokepoint_density=0	terrain_abundance=100	connected_abundance=67	mobility_opportunity=91	terrain_connected_boom=17	terrain_access_barrier=30	effective_growth_site_mid=76	effective_growth_site_high=98	effective_school_population=75	effective_second_school_utility=82	effective_pool_population=0	effective_pool_utility=33	topology_complexity=100	posture_age=18600	environment_confidence=100	resource_capacity=86	space_capacity=94	food_security=70	food_headroom=57	abundance=78	abundance_surge=1	economic_momentum=49	mobility_constraint=41	threat_pressure=14	known_local_tiles=3774	accessible_corn=48	accessible_corn_fraction=28584	accessible_wood=275	accessible_stone=8	accessible_algae=0	buildable_tiles=915	water_tiles=1672	feeding_capacity=209	demand_survival=56	demand_food=56	demand_growth=68	demand_expansion=75	demand_access=14	demand_technology=100	demand_mobility=53	demand_military=100	demand_aggression=95	population=192	population_trend=-1	workers=97	trained_workers=12	explorers=10	trained_explorers=0	prestige=0	enemy_prestige=0	worker_trend=0	free_workers=13	worker_jobs_open=9	assigned_building_workers=93	inn_workers=37	swarm_workers=16	technology_workers=0	military_workers=1	worker_ratio=2	explorer_ratio=1	warrior_ratio=3	swarm_worker_budget=17	warriors=85	trained_warriors=75	swimming_workers=62	swimming_explorers=0	swimming_warriors=71	amphibious_attack_explorers=0	defense_reserve=12	warrior_trend=-3	unserved_food=2	critical_food=14	food=0	food_capacity=0	food_trend=5	visible_enemy_warriors=43	visible_enemy_explorers=4	visible_enemy_attack_explorers=0	visible_colony_explorer_threat=0	explorer_defense_active=0	explorer_defense_emergency=0	estimated_enemy_warriors=32	alive_enemies=3	visible_colony_threat=0	threatened_units=6	threatened_buildings=0	need_heal=17	buildings=25	building_sites=2	inns=11	swarms=1	barracks=3	hospitals=7	schools=2	school_level1=0	school_level2=0	school_level3=0	pools=2	racetracks=2	allow_upgrades=1	upgrading_phase_1=1	upgrading_phase_2=1	construction_budget=4	priority_inns=77	priority_swarms=98	priority_pools=89	priority_schools=145	priority_barracks=100	priority_hospitals=120	priority_towers=100	desired_inns=11	inn_level1=11	inn_level2=0	inn_level3=0	desired_swarms=1	colonization_eligible=1	colonization_gate=eligible	active_colonial_action=0	established_colonies=0	cleared_hotspots=0	desired_barracks=2	desired_hospitals=6	desired_schools=2	desired_towers=0	towers=0	tower_stone=0	tower_bullets=0	desired_explorers=14	desired_warriors=90	space_constrained=0	construction_failures=1	clearing_active=1	attack_budget=1	campaign_population_required=51	campaign_worker_floor=42	campaign_warriors_required=48	campaign_population_ready=1	campaign_force_ready=1	campaign_safe=1	campaign_economy_ready=1	combat_ready_idle=0	campaign_ready_idle=0	campaign_state=0	campaign_cooldown=0	target=3	tactical_review_tick=31617	offense_gate=open	offense_decision=raid 596	offense_eligible=33	offense_training_slots=0	siege_candidates=75	viable_sieges=75	raid_candidates=8	viable_raids=8	mission_kind=raid	mission_phase=engage	mission_requested=20	configured_campaign_worker_floor=22	configured_attack_unit_cap=20	utility_expand=67	utility_develop=175	utility_mobilize=166	utility_campaign=445	utility_finish=-25	utility_defend=26	utility_recover=26	bid_survival=56	bid_growth=68	bid_access=72	bid_technology=100	bid_defense=100	bid_offense=95	game_tick=34153
MAXIMA_TELEMETRY	31816	0	placement_planner	outcome=waiting	candidates=0	strict_candidates=0	fallback_candidates=0	water_tier=0	reservation=-1	rejected_undiscovered=38503	rejected_terrain=22769	rejected_building=1788	rejected_permanent_resource=388	rejected_clearable_resource=262	rejected_reservation=131	rejected_circulation=567	rejected_colony_distance=236	rejected_colony_corn=304	rejected_colony_threat=580	rejected_negative_utility=8	colonization_eligible=1	colonization_gate=eligible	active_colonial_action=0	hotspot_count=0	game_tick=34382
MAXIMA_TELEMETRY	32617	0	director_snapshot	posture=campaign	map_width=256	map_height=256	global_water_tiles=43671	global_grass_tiles=18678	global_land_tiles=21865	global_buildable_tiles=8590	global_corn_tiles=4670	global_wood_tiles=5204	global_stone_tiles=54	global_algae_tiles=521	known_algae_units=0	walk_accessible_algae_units=0	swim_accessible_algae_units=0	accessible_algae_units=0	global_fruit_tiles=160	global_water_percent=66	global_shoreline_density=1	global_land_components=5	global_largest_land_percent=61	global_start_land_percent=9	global_chokepoint_density=0	terrain_abundance=100	connected_abundance=67	mobility_opportunity=91	terrain_connected_boom=17	terrain_access_barrier=30	effective_growth_site_mid=76	effective_growth_site_high=98	effective_school_population=75	effective_second_school_utility=82	effective_pool_population=0	effective_pool_utility=33	topology_complexity=100	posture_age=19600	environment_confidence=100	resource_capacity=88	space_capacity=97	food_security=69	food_headroom=63	abundance=74	abundance_surge=1	economic_momentum=17	mobility_constraint=41	threat_pressure=9	known_local_tiles=3774	accessible_corn=46	accessible_corn_fraction=49939	accessible_wood=274	accessible_stone=8	accessible_algae=0	buildable_tiles=894	water_tiles=1672	feeding_capacity=209	demand_survival=54	demand_food=54	demand_growth=63	demand_expansion=75	demand_access=12	demand_technology=100	demand_mobility=53	demand_military=100	demand_aggression=75	population=178	population_trend=-19	workers=95	trained_workers=12	explorers=8	trained_explorers=0	prestige=0	enemy_prestige=0	worker_trend=-4	free_workers=6	worker_jobs_open=12	assigned_building_workers=96	inn_workers=43	swarm_workers=16	technology_workers=0	military_workers=0	worker_ratio=5	explorer_ratio=1	warrior_ratio=3	swarm_worker_budget=17	warriors=75	trained_warriors=66	swimming_workers=58	swimming_explorers=0	swimming_warriors=60	amphibious_attack_explorers=0	defense_reserve=11	warrior_trend=-14	unserved_food=0	critical_food=12	food=0	food_capacity=0	food_trend=-4	visible_enemy_warriors=41	visible_enemy_explorers=9	visible_enemy_attack_explorers=0	visible_colony_explorer_threat=0	explorer_defense_active=0	explorer_defense_emergency=0	estimated_enemy_warriors=29	alive_enemies=3	visible_colony_threat=0	threatened_units=4	threatened_buildings=0	need_heal=17	buildings=24	building_sites=2	inns=11	swarms=1	barracks=3	hospitals=7	schools=2	school_level1=0	school_level2=0	school_level3=0	pools=2	racetracks=2	allow_upgrades=1	upgrading_phase_1=1	upgrading_phase_2=1	construction_budget=4	priority_inns=72	priority_swarms=93	priority_pools=89	priority_schools=145	priority_barracks=100	priority_hospitals=120	priority_towers=100	desired_inns=11	inn_level1=11	inn_level2=0	inn_level3=0	desired_swarms=1	colonization_eligible=0	colonization_gate=insufficient free builders	active_colonial_action=0	established_colonies=0	cleared_hotspots=0	desired_barracks=2	desired_hospitals=5	desired_schools=2	desired_towers=0	towers=0	tower_stone=0	tower_bullets=0	desired_explorers=14	desired_warriors=90	space_constrained=0	construction_failures=1	clearing_active=0	attack_budget=1	campaign_population_required=55	campaign_worker_floor=43	campaign_warriors_required=44	campaign_population_ready=1	campaign_force_ready=1	campaign_safe=1	campaign_economy_ready=1	combat_ready_idle=0	campaign_ready_idle=0	campaign_state=2	campaign_cooldown=0	target=2	tactical_review_tick=32617	offense_gate=open	offense_decision=siege 907	offense_eligible=24	offense_training_slots=0	siege_candidates=75	viable_sieges=75	raid_candidates=6	viable_raids=6	mission_kind=siege	mission_phase=engage	mission_requested=20	configured_campaign_worker_floor=23	configured_attack_unit_cap=20	utility_expand=74	utility_develop=174	utility_mobilize=166	utility_campaign=451	utility_finish=-45	utility_defend=17	utility_recover=24	bid_survival=54	bid_growth=63	bid_access=72	bid_technology=100	bid_defense=100	bid_offense=75	game_tick=35257
MAXIMA_TELEMETRY	33280	0	placement_planner	outcome=Completed	candidates=0	strict_candidates=0	fallback_candidates=0	water_tier=0	reservation=-1	action=36	action_type=2	building_type=5	purpose=core_capacity	template=0	campus=-1	slot=-1	building=9	x=127	y=235	utility=5829	u_demand=80	u_service=0	u_unlock=0	u_parallelism=30	u_redundancy=16	u_role=82	u_defended=82	u_compact=0	u_farm_loss=0	u_food_zone=0	u_land=0	u_scarcity=15	u_labor=80	u_downtime=7	u_threat=0	u_artery=0	friendly_distance=-1	corn_distance=-1	colony_new_food=0	colony_value=0	colonization_eligible=1	colonization_gate=eligible	active_colonial_action=0	hotspot_count=0	game_tick=35983
