tick,original_components_hash,loaded_components_hash
18,2474307152,2474307152
19,1558553744,1558553744
20,1323928966,1323928966
21,2994328460,2994328460
22,2330401218,2330401218
23,2956428209,2956428209
24,1510078853,1510078853
25,3413450816,3413450816
26,3168696024,3168696024
27,170914265,170914265
28,3900421871,3900421871
29,252776340,252776340
30,3410336588,3410336588
31,1826777595,1826777595
32,3222608669,3222608669
33,1821606660,1821606660
34,3712928985,3712928985
35,57636161,57636161
36,747568043,747568043
37,3058173756,3058173756
38,4078729960,4078729960
39,3030943554,3030943554
40,506649463,506649463
41,3906244581,3906244581
42,1770966496,1770966496
43,2095896217,2095896217
44,2458418859,2458418859
45,2516854206,2516854206
46,1200577656,1200577656
47,617161918,617161918
48,1390086444,1390086444
49,693206503,693206503
50,734797457,734797457
51,3714905562,3714905562
52,2105037113,2105037113
53,2082103497,2082103497
54,612564626,612564626
55,1814207880,1814207880
56,1545424010,1545424010
57,1558656548,1558656548
58,218620002,218620002
59,876901098,876901098
60,997406139,997406139
61,1632643080,1632643080
62,3693210632,3693210632
63,1169486767,1169486767
64,108091173,108091173
65,3640354450,3640354450
