generator,map_seed,rotation,engine_seed,start,team,start_x,start_y,placement,won,result,alive,eliminated_tick,prestige,units,workers,explorers,warriors,buildings,sites,quality_fitness,quality_win_probability
15,2001,0,1,0,0,97,38,4,0,lost,0,19451,0,0,0,0,0,3,2,0.365358,0.25027
15,2001,0,1,1,1,86,97,1,1,won,1,-1,50,262,145,56,61,20,0,0.36198,0.249426
15,2001,0,1,2,2,27,86,3,0,lost,0,29926,0,0,0,0,0,0,0,0.364289,0.250002
15,2001,0,1,3,3,38,27,2,0,lost,0,47745,0,30,26,0,4,0,0,0.365491,0.250303
15,2001,1,2,3,0,38,27,4,0,lost,0,29790,0,0,0,0,0,0,0,0.365491,0.250303
15,2001,1,2,0,1,97,38,3,0,lost,0,30396,0,0,0,0,0,2,0,0.365358,0.25027
15,2001,1,2,1,2,86,97,1,1,won,1,-1,100,216,112,44,60,19,0,0.36198,0.249426
15,2001,1,2,2,3,27,86,2,0,lost,0,49260,0,23,22,0,1,0,0,0.364289,0.250002
15,2001,2,3,2,0,27,86,3,0,lost,0,40301,0,0,0,0,0,0,0,0.364289,0.250002
15,2001,2,3,3,1,38,27,1,1,won,1,-1,50,335,170,41,124,30,2,0.365491,0.250303
15,2001,2,3,0,2,97,38,4,0,lost,0,39303,0,0,0,0,0,0,0,0.365358,0.25027
15,2001,2,3,1,3,86,97,2,0,lost,0,49186,0,27,22,4,1,0,0,0.36198,0.249426
15,2001,3,4,1,0,86,97,1,1,won,1,-1,50,319,178,34,107,31,6,0.36198,0.249426
15,2001,3,4,2,1,27,86,2,0,lost,0,43115,0,3,3,0,0,0,0,0.364289,0.250002
15,2001,3,4,3,2,38,27,3,0,lost,0,32554,0,0,0,0,0,0,0,0.365491,0.250303
15,2001,3,4,0,3,97,38,4,0,lost,0,29527,0,0,0,0,0,0,0,0.365358,0.25027
15,2002,0,1,0,0,99,36,4,0,lost,0,31106,0,0,0,0,0,7,2,0.245096,0.250057
15,2002,0,1,1,1,88,99,2,0,lost,0,43808,0,1,1,0,0,1,0,0.244182,0.249829
15,2002,0,1,2,2,25,88,3,0,lost,0,41552,0,2,2,0,0,1,4,0.245096,0.250057
15,2002,0,1,3,3,36,25,1,1,won,1,-1,0,343,214,19,110,21,5,0.245096,0.250057
15,2002,1,2,3,0,36,25,1,1,won,1,-1,50,381,168,53,160,38,5,0.245096,0.250057
15,2002,1,2,0,1,99,36,4,0,lost,0,26920,0,0,0,0,0,2,4,0.245096,0.250057
15,2002,1,2,1,2,88,99,2,0,lost,0,48853,0,3,1,2,0,0,0,0.244182,0.249829
15,2002,1,2,2,3,25,88,3,0,lost,0,32104,0,0,0,0,0,0,0,0.245096,0.250057
15,2002,2,3,2,0,25,88,1,1,won,1,-1,50,495,221,57,217,44,6,0.245096,0.250057
15,2002,2,3,3,1,36,25,2,0,lost,0,60282,0,1,1,0,0,0,0,0.245096,0.250057
15,2002,2,3,0,2,99,36,4,0,lost,0,32658,0,0,0,0,0,3,0,0.245096,0.250057
15,2002,2,3,1,3,88,99,3,0,lost,0,39602,0,0,0,0,0,0,0,0.244182,0.249829
15,2002,3,4,1,0,88,99,2,0,undecided,1,-1,0,211,145,31,35,39,5,0.244182,0.249829
15,2002,3,4,2,1,25,88,1,1,undecided,1,-1,100,236,120,51,65,28,1,0.245096,0.250057
15,2002,3,4,3,2,36,25,4,0,lost,0,18541,0,0,0,0,0,0,0,0.245096,0.250057
15,2002,3,4,0,3,99,36,3,0,lost,0,29125,0,0,0,0,0,0,1,0.245096,0.250057
59,2001,0,1,0,0,28,68,1,1,won,1,-1,0,173,106,7,60,33,6,0.238357,0.269101
59,2001,0,1,1,1,28,4,4,0,lost,0,21927,0,0,0,0,0,0,0,0.269072,0.277495
59,2001,0,1,2,2,92,116,3,0,lost,0,29089,0,0,0,0,0,0,0,0.166086,0.250339
59,2001,0,1,3,3,92,52,2,0,lost,0,34162,0,15,8,3,4,0,2,-0.043206,0.203065
59,2001,1,2,3,0,92,52,2,0,lost,0,39529,0,5,5,0,0,0,0,-0.043206,0.203065
59,2001,1,2,0,1,28,68,1,1,won,1,-1,0,108,71,1,36,29,12,0.238357,0.269101
59,2001,1,2,1,2,28,4,4,0,lost,0,27846,0,0,0,0,0,1,0,0.269072,0.277495
59,2001,1,2,2,3,92,116,3,0,lost,0,35111,0,0,0,0,0,1,1,0.166086,0.250339
59,2001,2,3,2,0,92,116,2,0,lost,0,31125,0,10,7,0,3,0,0,0.166086,0.250339
59,2001,2,3,3,1,92,52,3,0,lost,0,24914,0,0,0,0,0,0,0,-0.043206,0.203065
59,2001,2,3,0,2,28,68,1,1,won,1,-1,0,176,112,5,59,32,6,0.238357,0.269101
59,2001,2,3,1,3,28,4,4,0,lost,0,18352,0,0,0,0,0,0,0,0.269072,0.277495
59,2001,3,4,1,0,28,4,3,0,lost,0,31403,0,0,0,0,0,0,1,0.269072,0.277495
59,2001,3,4,2,1,92,116,2,0,lost,0,37209,0,16,15,0,1,0,0,0.166086,0.250339
59,2001,3,4,3,2,92,52,4,0,lost,0,16536,0,0,0,0,0,1,4,-0.043206,0.203065
59,2001,3,4,0,3,28,68,1,1,won,1,-1,0,180,117,5,58,27,3,0.238357,0.269101
59,2002,0,1,0,0,124,68,2,0,lost,0,65250,0,5,5,0,0,0,0,0.163112,0.215293
59,2002,0,1,1,1,60,68,1,1,won,1,-1,50,125,92,10,23,25,3,0.343978,0.257976
59,2002,0,1,2,2,68,4,3,0,lost,0,59043,0,0,0,0,0,4,3,0.173223,0.217481
59,2002,0,1,3,3,4,4,4,0,lost,0,46914,0,0,0,0,0,0,0,0.525265,0.309251
59,2002,1,2,3,0,4,4,1,1,won,1,-1,100,124,86,6,32,23,6,0.525265,0.309251
59,2002,1,2,0,1,124,68,3,0,lost,0,34801,0,1,1,0,0,0,0,0.163112,0.215293
59,2002,1,2,1,2,60,68,2,0,lost,0,38518,0,18,14,2,2,0,0,0.343978,0.257976
59,2002,1,2,2,3,68,4,4,0,lost,0,24572,0,0,0,0,0,0,0,0.173223,0.217481
59,2002,2,3,2,0,68,4,3,0,lost,0,26256,0,0,0,0,0,0,1,0.173223,0.217481
59,2002,2,3,3,1,4,4,1,1,won,1,-1,50,127,87,8,32,19,2,0.525265,0.309251
59,2002,2,3,0,2,124,68,4,0,lost,0,23831,0,0,0,0,0,1,4,0.163112,0.215293
59,2002,2,3,1,3,60,68,2,0,lost,0,33305,0,24,22,0,2,0,0,0.343978,0.257976
59,2002,3,4,1,0,60,68,1,1,won,1,-1,0,73,46,3,24,17,2,0.343978,0.257976
59,2002,3,4,2,1,68,4,4,0,lost,0,17193,0,0,0,0,0,0,0,0.173223,0.217481
59,2002,3,4,3,2,4,4,2,0,lost,0,79688,0,11,9,1,1,0,1,0.525265,0.309251
59,2002,3,4,0,3,124,68,3,0,lost,0,34164,0,0,0,0,0,0,1,0.163112,0.215293
60,2001,0,1,0,0,113,116,1,1,won,1,-1,0,198,117,17,64,34,2,-0.062977,0.245897
60,2001,0,1,1,1,43,71,3,0,lost,0,33810,0,0,0,0,0,0,1,0.059808,0.278021
60,2001,0,1,2,2,97,62,4,0,lost,0,11595,0,0,0,0,0,0,1,-0.176526,0.219503
60,2001,0,1,3,3,40,24,2,0,lost,0,37493,0,0,0,0,0,0,0,-0.020455,0.256579
60,2001,1,2,3,0,40,24,4,0,lost,0,15291,0,0,0,0,0,0,0,-0.020455,0.256579
60,2001,1,2,0,1,113,116,1,1,won,1,-1,0,121,55,13,53,16,2,-0.062977,0.245897
60,2001,1,2,1,2,43,71,2,0,lost,0,24851,0,19,15,1,3,0,0,0.059808,0.278021
60,2001,1,2,2,3,97,62,3,0,lost,0,18782,0,0,0,0,0,0,0,-0.176526,0.219503
60,2001,2,3,2,0,97,62,1,1,won,1,-1,0,183,106,12,65,31,2,-0.176526,0.219503
60,2001,2,3,3,1,40,24,3,0,lost,0,35489,0,0,0,0,0,0,0,-0.020455,0.256579
60,2001,2,3,0,2,113,116,4,0,lost,0,33747,0,0,0,0,0,0,0,-0.062977,0.245897
60,2001,2,3,1,3,43,71,2,0,lost,0,60693,0,1,1,0,0,0,1,0.059808,0.278021
60,2001,3,4,1,0,43,71,2,0,lost,0,33567,0,8,6,0,2,0,0,0.059808,0.278021
60,2001,3,4,2,1,97,62,4,0,lost,0,28486,0,0,0,0,0,0,0,-0.176526,0.219503
60,2001,3,4,3,2,40,24,1,1,won,1,-1,0,180,105,15,60,31,2,-0.020455,0.256579
60,2001,3,4,0,3,113,116,3,0,lost,0,30637,0,1,1,0,0,0,0,-0.062977,0.245897
60,2002,0,1,0,0,51,46,2,0,lost,0,50278,0,14,13,0,1,0,0,-0.097667,0.239911
60,2002,0,1,1,1,6,104,4,0,lost,0,33374,0,0,0,0,0,0,0,-0.021632,0.258864
60,2002,0,1,2,2,77,114,1,1,won,1,-1,0,218,110,13,95,38,2,-0.126401,0.233115
60,2002,0,1,3,3,126,27,3,0,lost,0,44560,0,0,0,0,0,0,1,0.013462,0.26811
60,2002,1,2,3,0,126,27,1,1,won,1,-1,0,161,88,12,61,26,3,0.013462,0.26811
60,2002,1,2,0,1,51,46,3,0,lost,0,76433,0,13,9,1,3,0,0,-0.097667,0.239911
60,2002,1,2,1,2,6,104,2,0,lost,0,77136,0,8,5,0,3,0,0,-0.021632,0.258864
60,2002,1,2,2,3,77,114,4,0,lost,0,54288,0,0,0,0,0,0,0,-0.126401,0.233115
60,2002,2,3,2,0,77,114,1,1,won,1,-1,0,169,92,13,64,32,2,-0.126401,0.233115
60,2002,2,3,3,1,126,27,2,0,lost,0,39559,0,7,6,0,1,0,0,0.013462,0.26811
60,2002,2,3,0,2,51,46,3,0,lost,0,35890,0,0,0,0,0,0,0,-0.097667,0.239911
60,2002,2,3,1,3,6,104,4,0,lost,0,29619,0,0,0,0,0,0,0,-0.021632,0.258864
60,2002,3,4,1,0,6,104,4,0,lost,0,18960,0,0,0,0,0,0,0,-0.021632,0.258864
60,2002,3,4,2,1,77,114,2,0,lost,0,43881,0,26,24,0,2,0,0,-0.126401,0.233115
60,2002,3,4,3,2,126,27,1,1,won,1,-1,0,64,42,3,19,8,0,0.013462,0.26811
60,2002,3,4,0,3,51,46,3,0,lost,0,27284,0,0,0,0,0,0,0,-0.097667,0.239911
