tick,tick_ns,deadline_wait_ns,queue_bytes,queue_depth
12000,31212239,0,1179648,3
12001,1247676,0,2097152,4
12002,406709,0,2097152,4
12003,384868,0,2097152,4
12004,415735,111,917504,1
12005,1009833,40,0,0
12006,978104,0,1310720,2
12007,417148,0,1310720,2
12008,854453,0,1310720,2
12009,1032816,0,1310720,2
12010,1092627,60,1835008,2
12011,902002,0,2752512,3
12012,1178989,0,3670016,4
12013,394215,0,3670016,4
12014,937167,509680,1835008,2
12015,1832577,816773,917504,1
12016,2709692,40,1835008,6
12017,392882,0,1835008,6
12018,994895,0,1835008,6
12019,1153370,0,2752512,7
12020,2738096,2052747,917504,1
12021,597063,0,917504,1
12022,2009807,0,2228224,3
12023,399425,20,1310720,2
12024,952316,0,2490368,3
12025,1798684,0,3670016,4
12026,418130,80,2359296,2
12027,429211,0,2359296,2
12028,398544,30,1179648,1
12029,1144273,30,0,0
12030,425003,0,0,0
12031,1154854,0,1179648,1
12032,1316595,0,2359296,2
12033,1115109,0,2359296,2
12034,1284174,0,3538944,3
12035,445481,30,2359296,2
12036,437396,30,1179648,1
12037,438518,0,1179648,1
12038,602453,31,0,0
12039,450049,0,0,0
12040,1572262,0,917504,1
12041,475126,0,917504,1
12042,1202923,0,1835008,2
12043,463895,0,1835008,2
12044,460459,30,917504,1
12045,461190,0,917504,1
12046,466731,40,0,0
12047,478342,0,0,0
12048,469766,0,0,0
12049,443026,0,0,0
12050,1468138,0,0,0
12051,1087748,0,1179648,1
12052,932639,0,1179648,1
12053,1885566,0,1179648,1
12054,521172,0,1179648,1
12055,535970,30,0,0
12056,570544,0,0,0
12057,525911,0,0,0
12058,1032625,0,0,0
12059,548402,0,0,0
12060,1674883,0,0,0
12061,554925,0,0,0
12062,545798,0,0,0
12063,1058113,0,1179648,1
12064,3414055,0,2359296,2
12065,1104209,0,2359296,2
12066,520601,0,2359296,2
12067,1235945,50,1179648,1
12068,416156,30,0,0
12069,373236,0,0,0
12070,400216,0,0,0
12071,378576,0,0,0
12072,397781,0,0,0
12073,385749,0,0,0
12074,378676,0,0,0
12075,439539,0,0,0
12076,376262,0,0,0
12077,378846,0,0,0
12078,652056,0,0,0
12079,1005184,0,0,0
12080,676291,0,0,0
12081,396790,0,0,0
12082,370090,0,0,0
12083,433799,0,0,0
12084,410084,0,0,0
12085,607282,0,0,0
12086,880281,0,917504,1
12087,387383,0,917504,1
12088,399635,0,917504,1
12089,387953,0,917504,1
12090,394145,40,0,0
12091,862869,0,0,0
12092,422137,0,0,0
12093,382673,0,0,0
12094,657486,0,0,0
12095,383495,0,0,0
12096,844835,0,0,0
12097,1212191,0,0,0
12098,923512,0,1179648,1
12099,422989,0,1179648,1
12100,401729,0,1179648,1
12101,650313,0,1179648,1
12102,2365441,40,0,0
12103,1563085,0,0,0
12104,385268,0,0,0
12105,442034,0,0,0
12106,373226,0,0,0
12107,2425833,0,0,0
12108,626729,0,0,0
12109,1327345,0,0,0
12110,3026533,0,1179648,1
12111,418851,0,1179648,1
12112,655853,0,1179648,1
12113,1301537,0,1179648,1
12114,426154,30,0,0
12115,441102,0,0,0
12116,1546594,0,1179648,1
12117,422668,0,1179648,1
12118,393815,0,1179648,1
12119,416467,0,1179648,1
12120,755038,41,0,0
12121,2098693,0,1966080,7
12122,1606325,0,4063232,11
12123,972844,0,5242880,12
12124,1246475,0,6160384,13
12125,4646233,2696087,5111808,7
12126,3814072,2481376,4980736,8
12127,954550,60,4980736,8
12128,2419321,140,5242880,8
12129,998912,30,5505024,8
12130,1178748,211974,4587520,5
12131,1062952,147505,4456448,6
12132,1681265,575252,5242880,8
12133,1419738,427036,5242880,8
12134,1752588,80,5505024,8
12135,3860639,80,5636096,7
12136,484764,301,3670016,4
12137,1406272,40,3670016,4
12138,425443,100,2359296,2
12139,1321534,732456,1179648,1
12140,953758,0,2490368,3
12141,1779418,380310,1310720,2
12142,429231,0,1310720,2
12143,1154843,0,3276800,5
12144,456291,91,1966080,3
12145,1152849,0,3014656,5
12146,449638,0,3014656,5
12147,1593811,849954,1048576,2
12148,936987,0,2228224,3
12149,735641,319505,1179648,1
12150,2742093,0,2359296,2
12151,3420097,0,3407872,4
12152,1804434,130,2228224,3
12153,1707845,0,2228224,3
12154,1226878,50,2228224,3
12155,689947,101,1179648,1
12156,708391,0,1179648,1
12157,1182655,0,1179648,1
12158,1110400,60,0,0
12159,2190906,0,1179648,1
12160,425914,0,1179648,1
12161,1947973,0,2359296,2
12162,619535,0,2359296,2
12163,2024074,60,1179648,1
12164,1489978,0,1179648,1
12165,1275208,51,0,0
12166,380600,0,0,0
12167,419202,0,0,0
12168,956623,0,0,0
12169,1529432,0,0,0
12170,1043786,0,1835008,2
12171,446803,0,1835008,2
12172,414774,0,1835008,2
12173,1038857,0,3014656,3
12174,2123709,652296,1179648,1
12175,463595,0,1179648,1
12176,466190,0,1179648,1
12177,483652,80,0,0
12178,429460,0,0,0
12179,449238,0,0,0
12180,413922,0,0,0
12181,448577,0,0,0
12182,414894,0,0,0
12183,488942,0,0,0
12184,532994,0,0,0
12185,532152,0,0,0
12186,547301,0,0,0
12187,1328998,0,917504,1
12188,797217,0,917504,1
12189,537402,0,917504,1
12190,558461,0,917504,1
12191,524738,50,0,0
12192,582366,0,0,0
12193,519348,0,0,0
12194,526341,0,0,0
12195,511274,0,0,0
12196,518597,0,0,0
12197,516764,0,0,0
12198,1580186,0,0,0
12199,530810,0,0,0
12200,541490,0,0,0
12201,1403236,0,0,0
12202,871034,0,917504,1
12203,852780,0,1966080,3
12204,369569,0,1966080,3
12205,754176,0,1966080,3
12206,392712,50,1048576,2
12207,2467862,100,0,0
12208,837952,0,0,0
12209,385128,0,0,0
12210,408662,0,0,0
12211,2504009,0,1179648,1
12212,2508137,0,3276800,5
12213,1603490,0,4194304,6
12214,962645,0,4194304,6
12215,1515686,50,4194304,6
12216,444158,170,2097152,2
12217,387884,80,1179648,1
12218,862859,0,2097152,2
12219,3329869,260906,1835008,2
12220,927970,0,1835008,2
12221,2109112,0,3932160,10
12222,427006,50,3014656,9
12223,404454,50,2097152,8
12224,428760,0,2097152,8
12225,6168732,5436015,0,0
12226,466670,0,0,0
12227,1274036,0,1572864,2
12228,3023016,0,1572864,2
12229,1674963,0,1572864,2
12230,932588,0,2752512,3
12231,460259,120,1179648,1
12232,1913749,0,3014656,5
12233,451913,0,3014656,5
12234,1275178,50,3801088,7
12235,1877410,0,4718592,8
12236,2650242,181,4325376,7
12237,432256,0,4325376,7
12238,1044457,141,3538944,5
12239,422698,40,2621440,4
12240,1919298,251499,2621440,4
12241,425232,0,2621440,4
12242,406077,50,1441792,3
12243,3928374,0,1441792,3
12244,1727972,140,0,0
12245,925375,0,917504,1
12246,1647522,0,2097152,2
12247,4665489,0,2097152,2
12248,1147450,0,3276800,3
12249,946926,50,3538944,3
12250,2205102,30,2359296,2
12251,1109749,0,3276800,3
12252,410786,40,2097152,2
12253,1132973,40,1835008,2
12254,415906,0,1835008,2
12255,1493395,40,1835008,2
12256,1019430,0,3014656,3
12257,432045,40,2097152,2
12258,2542932,0,2097152,2
12259,1855720,50,3014656,5
12260,2111046,40,2752512,5
12261,2040895,0,3670016,6
12262,880652,0,4587520,7
12263,2044121,190,2752512,3
12264,835698,40,1835008,2
12265,2270794,50,2490368,3
12266,972664,60,2752512,3
12267,2381560,0,3670016,4
12268,2375359,0,5111808,9
12269,426556,170,3538944,7
12270,406809,70,2359296,6
12271,1494527,50,3145728,8
12272,1589684,43130,3538944,5
12273,386811,0,3538944,5
12274,416326,0,3538944,5
12275,1803863,1296768,1835008,2
12276,2277737,1810947,0,0
12277,591663,0,0,0
12278,549334,0,0,0
12279,2708751,0,1048576,2
12280,419793,0,1048576,2
12281,948368,0,2228224,3
12282,402982,0,2228224,3
12283,419713,110,1179648,1
12284,461110,0,1179648,1
12285,426566,50,0,0
12286,412799,0,0,0
12287,1122894,0,917504,1
12288,1991654,0,2097152,2
12289,1066920,0,3407872,4
12290,1234652,0,4325376,5
12291,995146,40,4587520,5
12292,1579094,50,3407872,4
12293,1073281,111,3276800,3
12294,439970,40,2359296,2
12295,990477,51,2359296,2
12296,386962,0,2359296,2
12297,425112,30,1179648,1
12298,1437100,0,3014656,7
12299,1785419,50,1835008,6
12300,1913698,0,1835008,6
12301,432646,0,1835008,6
12302,1011767,280,917504,1
12303,1442309,0,917504,1
12304,435723,0,917504,1
12305,1468198,0,917504,1
12306,444419,50,0,0
12307,479755,0,0,0
12308,424491,0,0,0
12309,455750,0,0,0
12310,416206,0,0,0
12311,482720,0,0,0
12312,3839629,0,0,0
12313,1722833,0,917504,1
12314,434510,0,917504,1
12315,435942,0,917504,1
12316,1745004,0,917504,1
12317,1226377,60,0,0
12318,548523,0,0,0
12319,744939,0,0,0
12320,1265449,0,0,0
12321,2308835,0,2228224,7
12322,1602388,0,2228224,7
12323,1921183,0,2228224,7
12324,542441,0,2228224,7
12325,636136,281,0,0
12326,1013500,0,917504,1
12327,1079723,0,2097152,2
12328,1210186,0,3276800,3
12329,1496150,0,4456448,4
12330,1671848,40,4718592,4
12331,1105741,20,4718592,4
12332,1099640,50,4718592,4
12333,534697,41,3538944,3
12334,1113236,40,3538944,3
12335,416416,30,2359296,2
12336,1012408,30,2359296,2
12337,3358252,0,3407872,4
12338,1156195,50,2228224,3
12339,431084,0,2228224,3
12340,953538,30,2228224,3
12341,1538037,101,2359296,2
12342,1297890,0,3538944,3
12343,392442,0,3538944,3
12344,420114,50,2359296,2
12345,407440,60,1179648,1
12346,2473172,1547355,0,0
12347,409583,0,0,0
12348,429270,0,0,0
12349,380479,0,0,0
12350,423670,0,0,0
12351,2196355,0,1179648,1
12352,443937,0,1179648,1
12353,870733,0,1179648,1
12354,2797847,0,1179648,1
12355,1843337,30,1966080,5
12356,902943,0,1966080,5
12357,2534405,0,3145728,6
12358,1269798,0,4456448,8
12359,2868309,208849,3538944,5
12360,2552910,0,4718592,6
12361,986199,140,3538944,5
12362,1816778,110,3276800,5
12363,2075671,70,3276800,5
12364,414944,50,2097152,4
12365,682122,0,2097152,4
12366,659019,90,1048576,2
12367,2221943,80,1179648,1
12368,6715421,0,2883584,4
12369,904096,0,2883584,4
12370,633691,0,2883584,4
12371,2303856,40,2621440,4
12372,975158,222,2228224,3
12373,423820,0,2228224,3
12374,2791746,0,3407872,4
12375,1003221,40,3670016,4
12376,906229,81,2359296,2
12377,2486106,0,2359296,2
12378,1250702,50,2752512,3
12379,4104463,30,1572864,2
12380,1325712,0,2490368,3
12381,1155474,0,3801088,5
12382,460840,270,2228224,3
12383,417960,0,2228224,3
12384,928982,40,2228224,3
12385,1440847,70,917504,1
12386,2096740,0,917504,1
12387,1768949,0,1835008,2
12388,924173,40,1835008,2
12389,381281,0,1835008,2
12390,389206,0,1835008,2
12391,422398,40,917504,1
12392,2054270,50,0,0
12393,2177961,0,0,0
12394,3856871,0,0,0
12395,2715754,0,0,0
12396,383114,0,0,0
12397,618803,0,0,0
12398,1130377,0,917504,1
12399,1380714,0,1835008,2
12400,3610332,0,1835008,2
12401,1637423,0,1835008,2
12402,499621,40,917504,1
12403,1325551,40,0,0
12404,387683,0,0,0
12405,935724,0,1179648,1
12406,865564,0,2097152,2
12407,1903089,0,3670016,4
12408,1201179,0,3670016,4
12409,762011,50,2490368,3
12410,927499,40,2490368,3
12411,421426,101,917504,1
12412,421576,0,917504,1
12413,858440,0,917504,1
12414,1343685,30,917504,1
12415,911520,0,917504,1
12416,1609602,0,917504,1
12417,1198084,0,1835008,2
12418,447664,30,917504,1
12419,916579,0,917504,1
12420,384527,0,917504,1
12421,1247837,40,1835008,6
12422,858190,0,2752512,7
12423,1635560,0,2752512,7
12424,428208,0,2752512,7
12425,3214023,2515389,917504,1
12426,619455,231913,0,0
12427,446493,0,0,0
12428,930164,0,1179648,1
12429,914355,0,1179648,1
12430,373116,0,1179648,1
12431,408611,0,1179648,1
12432,1465402,80,1572864,2
12433,902162,0,1572864,2
12434,387051,0,1572864,2
12435,410806,0,1572864,2
12436,413161,120,0,0
12437,1069795,0,1572864,2
12438,1209896,0,2752512,3
12439,2042829,0,4325376,5
12440,428819,0,4325376,5
12441,461169,90,2752512,3
12442,469716,40,1572864,2
12443,2240729,1171645,1572864,2
12444,425043,0,1572864,2
12445,407721,0,1572864,2
12446,994094,0,2883584,4
12447,1204206,739739,1310720,2
12448,1477024,0,1310720,2
12449,447685,0,1310720,2
12450,454969,90,0,0
12451,4371852,0,0,0
12452,1088058,0,0,0
12453,531391,0,0,0
12454,1504656,0,917504,1
12455,1019110,0,1835008,2
12456,1972016,0,3145728,4
12457,519449,0,3145728,4
12458,579010,50,2228224,3
12459,1006156,30,2359296,4
12460,1090433,80,2228224,3
12461,527314,0,2228224,3
12462,1121722,0,3407872,4
12463,997721,70,2359296,2
12464,2350072,50,3276800,5
12465,1453981,0,4456448,6
12466,4444558,40,4587520,9
12467,553662,0,4587520,9
12468,1076137,220,3407872,6
12469,1698276,40,3407872,6
12470,969508,180,3407872,4
12471,1365436,0,4980736,8
12472,403943,40,4063232,7
12473,402280,40,2883584,6
12474,2301712,296502,2883584,6
12475,1303831,864702,1310720,2
12476,3081496,0,1310720,2
12477,959348,0,2490368,3
12478,5148390,80,2359296,2
12479,2506153,0,3276800,3
12480,2455328,0,3276800,3
12481,3871609,30,2097152,2
12482,1796199,30,917504,1
12483,1372860,40,0,0
12484,1000255,0,1572864,2
12485,423650,0,1572864,2
12486,366313,0,1572864,2
12487,2494612,0,2752512,3
12488,2620657,70,2097152,2
12489,962435,0,3407872,4
12490,1028207,0,4980736,6
12491,452624,50,3801088,5
12492,871345,30,3801088,5
12493,423089,90,2490368,3
12494,2251909,1559739,917504,1
12495,414002,0,917504,1
12496,1924829,244405,917504,1
12497,1227269,0,2097152,2
12498,362887,0,2097152,2
12499,899688,0,3145728,4
12500,2924573,50,3145728,4
12501,941916,50,1966080,3
12502,862328,0,2883584,4
12503,1465593,100,2752512,3
12504,1562894,30,1835008,2
12505,892965,0,2752512,3
12506,376001,40,1835008,2
12507,850095,71,1835008,2
12508,397871,0,1835008,2
12509,396970,30,917504,1
12510,402580,0,917504,1
12511,1560760,30,0,0
12512,1837677,0,917504,1
12513,3011615,0,2097152,2
12514,382323,0,2097152,2
12515,1661818,0,2097152,2
12516,387332,40,1179648,1
12517,914876,51,1179648,1
12518,1161807,0,2490368,3
12519,1100021,0,2490368,3
12520,1518853,0,3670016,4
12521,943540,70,4194304,8
12522,408422,70,2883584,6
12523,382914,0,2883584,6
12524,960811,30,3145728,8
12525,4989844,3753399,2359296,4
12526,370010,0,2359296,4
12527,369298,0,2359296,4
12528,2114092,1648675,917504,1
12529,682643,301092,0,0
12530,368677,0,0,0
12531,577567,0,0,0
12532,1020062,0,0,0
12533,987231,0,1572864,2
12534,375060,0,1572864,2
12535,1324630,0,3801088,13
12536,1635018,0,3801088,13
12537,403272,100,2228224,11
12538,368768,0,2228224,11
12539,4387721,2936365,1572864,2
12540,373637,0,1572864,2
12541,366633,0,1572864,2
12542,398884,0,1572864,2
12543,954089,101,1179648,1
12544,2290872,0,3932160,6
12545,993583,0,5111808,7
12546,1461115,0,6291456,8
12547,937348,40,6029312,8
12548,3022435,2371662,3276800,3
12549,938089,50,3538944,7
12550,2050955,40,3538944,7
12551,5070945,40,4063232,7
12552,1841073,0,4063232,7
12553,2980328,200,2621440,2
12554,3252515,30,1441792,1
12555,913373,51,917504,1
12556,665461,0,917504,1
12557,1275128,0,917504,1
12558,992942,0,2097152,2
12559,1434475,60,2228224,3
12560,2429300,0,3407872,4
12561,403853,0,3407872,4
12562,875071,60,3145728,4
12563,1024630,90,2097152,2
12564,875151,30,1835008,2
12565,1086656,0,1835008,2
12566,371703,40,917504,1
12567,418991,0,917504,1
12568,1016595,30,0,0
12569,374879,0,0,0
12570,1401123,0,1179648,1
12571,855976,0,2097152,2
12572,1030712,0,2097152,2
12573,372214,0,2097152,2
12574,1507461,20,2097152,2
12575,956583,40,2359296,2
12576,481087,0,2359296,2
12577,413341,0,2359296,2
12578,411086,30,1179648,1
12579,415545,30,0,0
12580,492799,0,0,0
12581,407420,0,0,0
12582,949470,0,1179648,1
12583,1044418,0,1179648,1
12584,405797,0,1179648,1
12585,440732,0,1179648,1
12586,2000490,30,1048576,2
12587,402100,0,1048576,2
12588,514489,0,1048576,2
12589,503940,0,1048576,2
12590,1136329,32160,1310720,2
12591,500444,0,1310720,2
12592,825399,0,1310720,2
12593,494993,0,1310720,2
12594,559713,60,0,0
12595,1038727,0,1179648,1
12596,1042123,0,2359296,2
12597,1062191,0,3538944,3
12598,997389,0,4456448,4
12599,1260320,60,3276800,3
12600,969879,40,2097152,2
12601,537192,40,917504,1
12602,2983874,50,0,0
12603,2565744,0,1179648,1
12604,1680443,0,2359296,2
12605,1943283,0,2359296,2
12606,1542075,0,3276800,3
12607,396660,60,2097152,2
12608,2243083,40,917504,1
12609,874421,0,917504,1
12610,2856516,30,1179648,1
12611,1839901,0,1179648,1
12612,2356043,0,1179648,1
12613,2354601,0,2490368,5
12614,1196771,40,2359296,6
12615,1639557,0,2359296,6
12616,377364,0,2359296,6
12617,462883,150,1048576,2
12618,389015,60,0,0
12619,3559898,0,917504,1
12620,586553,0,917504,1
12621,2056986,0,2097152,4
12622,612312,0,2097152,4
12623,1899752,40,1179648,3
12624,424111,0,1179648,3
12625,436314,120,0,0
12626,952116,0,1179648,1
12627,1318518,0,1179648,1
12628,1758890,0,1179648,1
12629,975939,0,1179648,1
12630,971542,50,1310720,2
12631,429801,0,1310720,2
12632,963987,0,1310720,2
12633,371503,0,1310720,2
12634,956253,101,1179648,1
12635,396910,0,1179648,1
12636,438798,0,1179648,1
12637,362876,0,1179648,1
12638,644792,60,0,0
12639,401108,0,0,0
12640,440451,0,0,0
12641,922640,0,1179648,1
12642,380590,0,1179648,1
12643,912191,0,2359296,2
12644,937888,0,3538944,3
12645,387111,50,2359296,2
12646,1244020,0,3932160,4
12647,930094,50,3932160,4
12648,390829,40,2752512,3
12649,947216,0,3932160,4
12650,915758,70,2359296,2
12651,921628,50,2359296,2
12652,2536569,0,3932160,4
12653,1071117,40,2752512,3
12654,879069,0,3932160,6
12655,871415,50,3670016,6
12656,1939416,71,3014656,5
12657,4088483,0,3014656,5
12658,1355958,130,2752512,3
12659,1495057,40,3276800,5
12660,996468,30,3932160,6
12661,857289,0,4849664,7
12662,386561,30,3932160,6
12663,1770281,178803,3670016,4
12664,830428,419853,2097152,2
12665,490124,99886,1179648,1
12666,1424906,0,2228224,3
12667,1297780,50,2359296,6
12668,828485,0,2359296,6
12669,382913,0,2359296,6
12670,2063788,120,2752512,7
12671,1029390,172,1441792,3
12672,1212530,0,2621440,4
12673,420745,0,2621440,4
12674,1827187,130,1179648,1
12675,920968,0,2097152,2
12676,964498,60,2097152,2
12677,452574,0,2097152,2
12678,888306,0,3276800,5
12679,417628,40,2359296,4
12680,397912,50,1179648,3
12681,900749,0,2097152,4
12682,1248307,829626,917504,1
12683,1029510,0,917504,1
12684,890250,0,1835008,2
12685,1017297,50,2097152,2
12686,1401393,0,2097152,2
12687,421646,0,2097152,2
12688,443998,60,1179648,1
12689,921108,50,917504,1
12690,849694,0,917504,1
12691,421185,0,917504,1
12692,919855,0,2097152,2
12693,408843,60,1179648,1
12694,397761,0,1179648,1
12695,961523,0,2490368,3
12696,389486,40,1310720,2
12697,867437,0,2228224,3
12698,1706371,0,3407872,4
12699,966753,70,3276800,3
12700,3256753,0,4456448,4
12701,400968,50,3538944,3
12702,2006381,40,2359296,2
12703,864652,61,2097152,2
12704,1520525,40,917504,1
12705,1313740,0,1966080,3
12706,382013,0,1966080,3
12707,4501314,30,1966080,3
12708,6063937,0,1966080,3
12709,1230605,90,2097152,2
12710,423380,0,2097152,2
12711,987421,40,2490368,3
12712,1380624,0,3407872,4
12713,973725,40,3407872,4
12714,956193,0,3407872,4
12715,1108116,80,2097152,2
12716,434390,60,1179648,1
12717,668797,70,0,0
12718,2156561,0,0,0
12719,421095,0,0,0
12720,1139685,0,0,0
12721,1534411,0,1179648,3
12722,1025723,0,1179648,3
12723,562409,0,1179648,3
12724,1068553,0,2359296,4
12725,2116206,160,2097152,2
12726,1103016,0,3014656,3
12727,1093319,0,4194304,4
12728,541169,50,3014656,3
12729,522143,40,2097152,2
12730,1038356,40,2097152,2
12731,1027095,60,917504,1
12732,511754,0,917504,1
12733,1151828,0,2490368,3
12734,1150215,40,2752512,3
12735,527093,0,2752512,3
12736,599488,0,2752512,3
12737,598005,80,1179648,1
12738,538223,50,0,0
12739,591303,0,0,0
12740,376231,0,0,0
12741,432406,0,0,0
12742,618684,0,0,0
12743,430322,0,0,0
12744,381181,0,0,0
12745,1693167,0,1179648,1
12746,371933,0,1179648,1
12747,1679461,0,1179648,1
12748,429551,0,1179648,1
12749,1019130,50,1179648,1
12750,6277976,0,2752512,3
12751,415294,0,2752512,3
12752,1006397,0,3932160,4
12753,2524167,41,4456448,10
12754,2745519,90,4325376,11
12755,983143,0,5505024,12
12756,959098,50,5505024,12
12757,731233,291,3801088,5
12758,947557,469876,2359296,2
12759,1972267,589710,2228224,3
12760,1526276,40,1048576,2
12761,411428,0,1048576,2
12762,399816,0,1048576,2
12763,441994,91,0,0
12764,375089,0,0,0
12765,396720,0,0,0
12766,4325695,0,917504,1
12767,999494,0,2228224,3
12768,908073,0,2228224,3
12769,1175923,0,2228224,3
12770,1551323,50,2752512,5
12771,420124,70,1441792,3
12772,1187274,0,2621440,4
12773,649151,0,2621440,4
12774,905779,150,2097152,2
12775,425423,0,2097152,2
12776,537983,79288,917504,1
12777,921067,0,2097152,2
12778,496966,62907,1179648,1
12779,841459,0,1179648,1
12780,1562334,0,2097152,2
12781,937889,80,917504,1
12782,2052086,0,917504,1
12783,941205,0,2097152,2
12784,739749,40,1179648,1
12785,419342,0,1179648,1
12786,673766,0,1179648,1
12787,1093860,40,1966080,3
12788,2708390,0,3145728,4
12789,390428,0,3145728,4
12790,419792,0,3145728,4
12791,450791,120,1179648,1
12792,1116411,707219,0,0
12793,390808,0,0,0
12794,423790,0,0,0
12795,417128,0,0,0
12796,930265,0,1179648,1
12797,614196,0,1179648,1
12798,657185,0,1179648,1
12799,383325,0,1179648,1
12800,2260285,40,1310720,2
12801,446663,0,1310720,2
12802,1578744,0,1310720,2
12803,2263200,0,2490368,3
12804,1337774,90,2752512,3
12805,1340039,0,2752512,3
12806,1676115,0,3670016,4
12807,704964,40,2490368,3
12808,1195850,91,2752512,9
12809,2694153,0,3932160,10
12810,412299,40,3014656,9
12811,903995,0,3014656,9
12812,1873744,846077,2621440,6
12813,2924724,482129,2752512,7
12814,1471043,0,2752512,7
12815,930475,0,2752512,7
12816,966833,351,1310720,2
12817,457142,70,0,0
12818,391209,0,0,0
12819,894798,0,917504,1
12820,379177,0,917504,1
12821,1128404,0,2097152,4
12822,1506169,0,2097152,4
12823,393423,50,1179648,3
12824,824768,0,1179648,3
12825,963567,131,1179648,1
12826,959128,0,2490368,3
12827,879800,0,3407872,4
12828,381321,0,3407872,4
12829,452274,40,2228224,3
12830,429561,100,917504,1
12831,428760,40,0,0
12832,418390,0,0,0
12833,916469,0,1179648,1
12834,1687386,0,3014656,3
12835,423430,0,3014656,3
12836,612362,0,3014656,3
12837,399525,41,1835008,2
12838,1845380,896181,1048576,2
12839,378004,0,1048576,2
12840,411718,0,1048576,2
12841,907892,0,1048576,2
12842,441443,120,0,0
12843,386140,0,0,0
12844,947367,0,917504,1
12845,994414,0,2228224,3
12846,964318,0,3407872,4
12847,413060,0,3407872,4
12848,469445,60,2490368,3
12849,964288,458915,1179648,1
12850,444769,30,0,0
12851,1666727,0,0,0
12852,978325,0,1310720,2
12853,1627655,0,2490368,3
12854,1003200,0,3670016,4
12855,1322226,0,4980736,6
12856,2121436,90,4849664,5
12857,1598801,30,4980736,6
12858,1472225,50,4849664,7
12859,1049226,90,4587520,7
12860,531231,40,3407872,6
12861,1132732,81,2097152,4
12862,1298611,100,1048576,2
12863,763614,90,0,0
12864,556999,0,0,0
12865,1100031,0,0,0
12866,1332725,0,0,0
12867,617471,0,0,0
12868,1732690,0,1703936,3
12869,1463579,0,1703936,3
12870,535759,0,1703936,3
12871,1609932,0,1703936,3
12872,577056,150,0,0
12873,556037,0,0,0
12874,1002359,0,917504,1
12875,553171,0,917504,1
12876,375891,0,917504,1
12877,474345,0,917504,1
12878,423800,60,0,0
12879,1505126,0,917504,1
12880,914696,0,917504,1
12881,1699830,0,2097152,2
12882,1248157,0,3276800,3
12883,441052,80,2359296,2
12884,1334238,0,3407872,4
12885,1002128,50,3407872,4
12886,467551,50,2228224,3
12887,916189,0,3145728,4
12888,1184138,80,3276800,3
12889,965040,40,3276800,3
12890,1281179,0,4456448,4
12891,386550,30,3538944,3
12892,425072,60,2359296,2
12893,1558837,566547,2490368,3
12894,654310,80,1310720,2
12895,1910402,0,2883584,4
12896,436043,0,2883584,4
12897,1478657,100,2752512,3
12898,1191591,0,3932160,6
12899,1017006,100,3670016,6
12900,1353985,0,3670016,6
12901,2497978,50,4456448,8
12902,3389941,141,4194304,6
12903,3925720,180,2883584,4
12904,1657932,0,2883584,4
12905,478793,121,917504,1
12906,390729,41,0,0
12907,3024770,0,0,0
12908,2301932,0,1835008,8
12909,2615837,0,1835008,8
12910,380840,0,1835008,8
12911,3668330,0,1835008,8
12912,552891,350,0,0
12913,3304912,0,0,0
12914,2932698,0,0,0
12915,382995,0,0,0
12916,3737569,0,917504,1
12917,1157368,0,1835008,2
12918,969648,0,3014656,3
12919,1918497,0,3014656,3
12920,391289,130,2097152,2
12921,1387357,50,2359296,4
12922,740681,30,1179648,3
12923,2239906,0,2883584,6
12924,390938,0,2883584,6
12925,1362821,120,1703936,3
12926,915637,0,2621440,4
12927,955061,507786,917504,1
12928,900690,0,1835008,2
12929,1258116,0,1835008,2
12930,891192,50,917504,1
12931,2027470,0,2097152,2
12932,441022,50,1179648,1
12933,416607,0,1179648,1
12934,377624,0,1179648,1
12935,586414,103983,0,0
12936,2440040,0,1179648,1
12937,697370,0,1179648,1
12938,390118,0,1179648,1
12939,419001,0,1179648,1
12940,404254,50,0,0
12941,475848,0,0,0
12942,1230354,0,2490368,5
12943,457162,0,2490368,5
12944,500934,0,2490368,5
12945,454858,0,2490368,5
12946,516985,310,0,0
12947,446373,0,0,0
12948,927540,0,1179648,1
12949,433659,0,1179648,1
12950,451763,0,1179648,1
12951,398022,0,1179648,1
12952,1683800,51,0,0
12953,989445,0,0,0
12954,1389250,0,1310720,4
12955,2215401,0,2490368,5
12956,385519,0,2490368,5
12957,1684391,0,2490368,5
12958,681912,181,1179648,1
12959,6021418,40,1441792,3
12960,456201,0,1441792,3
12961,389897,0,1441792,3
12962,996859,0,1441792,3
12963,1781342,814378,0,0
12964,396820,0,0,0
12965,387943,0,0,0
12966,377043,0,0,0
12967,382623,0,0,0
12968,925345,0,917504,1
12969,382483,0,917504,1
12970,385128,0,917504,1
12971,381220,0,917504,1
12972,408892,30,0,0
12973,410145,0,0,0
12974,393414,0,0,0
12975,401007,0,0,0
12976,444248,0,0,0
12977,739750,0,0,0
12978,977072,0,0,0
12979,413952,0,0,0
12980,402631,0,0,0
12981,733337,0,0,0
12982,426315,0,0,0
12983,426165,0,0,0
12984,424662,0,0,0
12985,404785,0,0,0
12986,1321884,0,1048576,2
12987,418009,0,1048576,2
12988,427587,0,1048576,2
12989,406028,0,1048576,2
12990,487630,80,0,0
12991,905949,0,1048576,2
12992,455810,0,1048576,2
12993,1018640,0,2359296,4
12994,421335,0,2359296,4
12995,857038,80,1310720,2
12996,520911,0,1310720,2
12997,1369253,234778,1179648,1
12998,532974,0,1179648,1
12999,1383379,0,2359296,2
13000,1114338,0,2359296,2
13001,3264176,70,3276800,5
13002,2236981,0,4194304,6
13003,2481087,70,3014656,5
13004,1384842,0,4063232,7
13005,1820044,190,3145728,4
13006,2250186,40,3801088,5
13007,4016619,0,3801088,5
13008,1175141,90,5242880,16
13009,2405165,50,5373952,17
13010,2258010,200,3801088,15
13011,1064846,0,4718592,16
13012,2663426,1625671,3145728,4
13013,1881338,534056,1835008,2
13014,1161375,0,2752512,3
13015,6271784,80,1835008,2
13016,1166926,41,1966080,3
13017,2211584,0,3145728,4
13018,2086540,60,3145728,4
13019,1307057,0,4325376,5
13020,650483,100,3276800,3
13021,979075,30,3670016,6
13022,1669253,60,2752512,5
13023,1015463,30,2883584,6
13024,1591959,0,2883584,6
13025,681381,171,1310720,2
13026,1182275,0,2490368,3
13027,3427722,256338,2097152,2
13028,416667,0,2097152,2
13029,399986,0,2097152,2
13030,1969232,30,1835008,2
13031,425754,70,917504,1
13032,448636,0,917504,1
13033,899477,0,1966080,3
13034,426556,30,1048576,2
13035,998973,0,2228224,3
13036,1225365,0,3276800,5
13037,901691,100,3276800,5
13038,2974407,0,4325376,7
13039,1497081,30,3145728,6
13040,1051731,100,3276800,5
13041,721084,90,2228224,3
13042,1030191,180,2097152,2
13043,398443,0,2097152,2
13044,440762,50,917504,1
13045,422498,0,917504,1
13046,1022637,67275,1179648,1
13047,1025592,0,2359296,2
13048,1348995,0,2359296,2
13049,1574355,0,2359296,2
13050,656785,70,1179648,1
13051,429050,50,0,0
13052,1003471,0,0,0
13053,1136489,0,917504,1
13054,1138192,0,917504,1
13055,1346540,0,1835008,2
13056,2284670,0,3932160,8
13057,1673781,40,3014656,7
13058,3053003,0,3932160,8
13059,1759350,41,5505024,18
13060,1301096,300,4849664,15
13061,2965960,0,4849664,15
13062,1121371,30,3932160,14
13063,2892713,923963,1441792,3
13064,2996167,1181223,917504,1
13065,4733085,0,917504,1
13066,875863,0,1835008,2
13067,1979661,0,1835008,2
13068,429391,40,917504,1
13069,467832,0,917504,1
13070,413681,40,0,0
13071,423731,0,0,0
13072,559493,0,0,0
13073,1031032,0,0,0
13074,403993,0,0,0
13075,917772,0,917504,1
13076,1859387,0,917504,1
13077,1274065,0,917504,1
13078,1590425,0,2097152,2
13079,413101,40,1179648,1
13080,1234652,0,1179648,1
13081,497126,0,1179648,1
13082,3810885,30,0,0
13083,1078201,0,0,0
13084,398864,0,0,0
13085,1579866,0,0,0
13086,1195800,0,917504,1
13087,434360,0,917504,1
13088,1674863,0,917504,1
13089,947817,0,2097152,2
13090,1459040,30,1179648,1
13091,1178207,0,2359296,2
13092,1012488,0,3538944,3
13093,826411,50,2359296,2
13094,1457858,0,3276800,3
13095,418470,50,2097152,2
13096,701748,30,917504,1
13097,1112584,0,2883584,4
13098,424712,40,1966080,3
13099,393914,0,1966080,3
13100,662355,0,1966080,3
13101,2208869,121,0,0
13102,1017337,0,0,0
13103,866024,0,917504,1
13104,2344762,0,917504,1
13105,2187769,0,1835008,2
13106,865504,0,1835008,2
13107,1034188,40,3014656,11
13108,1313239,0,4587520,15
13109,441272,60,3670016,14
13110,402701,0,3670016,14
13111,8484180,2790173,3276800,7
13112,1769259,150,3014656,5
13113,1068923,0,4587520,7
13114,3051429,0,5767168,8
13115,454287,230,4063232,5
13116,922811,80,3670016,4
13117,2457062,90,3932160,8
13118,456451,30,2752512,7
13119,401769,0,2752512,7
13120,1718614,30,3014656,7
13121,3476682,1786130,2359296,4
13122,505944,0,2359296,4
13123,1527228,0,3276800,5
13124,1938394,30,2097152,4
13125,501956,150,917504,1
13126,2032991,0,2752512,5
13127,479424,30,1835008,4
13128,2287846,0,3932160,10
13129,484574,0,3932160,10
13130,1005084,210,3145728,8
13131,1136459,0,3145728,8
13132,3060927,1682658,2228224,3
13133,852499,0,2228224,3
13134,528857,24215,1179648,1
13135,1006958,0,2097152,2
13136,1810295,61,2097152,2
13137,1265380,0,3014656,3
13138,541730,0,3014656,3
13139,634262,40,2097152,2
13140,1034910,40,1835008,2
13141,1129046,40,2097152,2
13142,1018509,0,3014656,3
13143,2825709,0,5242880,6
13144,574281,50,4325376,5
13145,584059,40,3145728,4
13146,1179219,30,3538944,5
13147,2634803,1296408,1310720,2
13148,585993,0,1310720,2
13149,1050358,0,2359296,4
13150,596512,80,1048576,2
13151,565925,0,1048576,2
13152,1628406,0,1048576,2
13153,1208514,101,1572864,2
13154,895550,0,2621440,4
13155,393644,0,2621440,4
13156,1050389,0,2621440,4
13157,1006336,80,2359296,4
13158,3043835,80,1310720,2
13159,888787,0,2359296,4
13160,867437,0,2359296,4
13161,911660,80,1966080,3
13162,497949,0,1966080,3
13163,405226,70,917504,1
13164,386591,0,917504,1
13165,397942,40,0,0
13166,862779,0,917504,1
13167,416757,0,917504,1
13168,982953,0,2097152,2
13169,2472290,0,3670016,4
13170,1026304,40,3932160,4
13171,1262975,0,4980736,6
13172,894899,30,4718592,6
13173,1003692,91,4587520,7
13174,428299,40,3407872,6
13175,436664,80,2359296,4
13176,460408,30,1441792,3
13177,2387913,1397736,1310720,2
13178,454247,0,1310720,2
13179,396660,0,1310720,2
13180,419532,0,1310720,2
13181,2704243,1472927,0,0
13182,549805,0,0,0
13183,395498,0,0,0
13184,480115,0,0,0
13185,464696,0,0,0
13186,392061,0,0,0
13187,439229,0,0,0
13188,946585,0,1179648,1
13189,448987,0,1179648,1
13190,420875,0,1179648,1
13191,976822,0,2359296,2
13192,410376,80,1179648,1
13193,1350047,0,2359296,2
13194,446533,0,2359296,2
13195,987321,40,2359296,2
13196,390898,0,2359296,2
13197,1030532,50,2490368,3
13198,388384,0,2490368,3
13199,972704,30,1310720,2
13200,8418778,0,1310720,2
13201,1407615,90,0,0
13202,1092848,0,0,0
13203,1003731,0,1179648,1
13204,632129,0,1179648,1
13205,435041,0,1179648,1
13206,4467329,0,2359296,2
13207,1577020,40,1179648,1
13208,493150,0,1179648,1
13209,3017737,0,1179648,1
13210,2877386,60,0,0
13211,394986,0,0,0
13212,1163570,0,0,0
13213,2929983,0,0,0
13214,2345363,0,0,0
13215,491636,0,0,0
13216,2350793,0,0,0
13217,664800,0,0,0
13218,1527368,0,0,0
13219,955773,0,1179648,1
13220,939392,0,2359296,2
13221,1509054,0,4456448,8
13222,1448481,0,4456448,8
13223,443758,60,3276800,7
13224,414352,40,2097152,6
13225,4467620,3753979,0,0
13226,1349036,0,1179648,1
13227,394616,0,1179648,1
13228,901351,0,2490368,5
13229,2125483,0,2490368,5
13230,1398277,60,1310720,4
13231,426285,0,1310720,4
13232,551699,150,0,0
13233,1426710,0,0,0
13234,1636391,0,0,0
13235,431675,0,0,0
13236,1444603,0,0,0
13237,405125,0,0,0
13238,3487964,0,1310720,2
13239,2963266,0,1310720,2
13240,699394,0,1310720,2
13241,1889153,0,2752512,3
13242,524538,101,1441792,1
13243,397220,0,1441792,1
13244,424301,0,1441792,1
13245,426706,60,0,0
13246,911389,0,1048576,2
13247,390548,0,1048576,2
13248,1079102,0,1048576,2
13249,1873363,0,1966080,3
13250,424371,100,917504,1
13251,692030,0,917504,1
13252,869792,0,917504,1
13253,1014572,50,0,0
13254,3469790,0,1179648,1
13255,484374,0,1179648,1
13256,1967419,0,1179648,1
13257,1076337,0,1179648,1
13258,501846,20,0,0
13259,416476,0,0,0
13260,950222,0,1179648,1
13261,3736627,0,2097152,2
13262,3139293,0,2097152,2
13263,704374,0,2097152,2
13264,2289138,60,917504,1
13265,487449,50,0,0
13266,1037164,0,1441792,1
13267,476348,0,1441792,1
13268,425483,0,1441792,1
13269,1626813,0,1441792,1
13270,1660135,50,0,0
13271,1391424,0,1441792,3
13272,1833239,0,1441792,3
13273,461320,0,1441792,3
13274,433399,0,1441792,3
13275,1523150,151,0,0
13276,466671,0,0,0
13277,935153,0,0,0
13278,485786,0,0,0
13279,543023,0,0,0
13280,1149303,0,1310720,2
13281,578940,0,1310720,2
13282,553252,0,1310720,2
13283,1612927,0,1310720,2
13284,1658964,110,0,0
13285,552230,0,0,0
13286,1028498,0,0,0
13287,595750,0,0,0
13288,545146,0,0,0
13289,1335550,0,1179648,1
13290,580232,0,1179648,1
13291,1144384,0,2752512,3
13292,527033,0,2752512,3
13293,546318,50,1572864,2
13294,531481,0,1572864,2
13295,941635,319456,0,0
13296,571446,0,0,0
13297,403182,0,0,0
13298,398833,0,0,0
13299,434220,0,0,0
13300,3431719,0,0,0
13301,1651479,0,0,0
13302,2154627,0,1966080,7
13303,993583,0,3145728,8
13304,2650171,0,3145728,8
13305,420794,0,3145728,8
13306,491125,381,1179648,1
13307,966532,70,1310720,2
13308,3851391,0,2621440,4
13309,1729325,0,3932160,6
13310,1513172,0,3932160,6
13311,1585186,100,3538944,5
13312,1659485,160,4325376,11
13313,2445300,90,3932160,10
13314,467842,0,3932160,10
13315,1047343,60,4194304,10
13316,2573148,1199245,2097152,2
13317,1200328,40,1179648,1
13318,896642,0,2097152,2
13319,1271350,50,2490368,3
13320,1252886,0,3801088,5
13321,934713,0,4980736,8
13322,1821998,30,4063232,7
13323,485275,80,2490368,5
13324,486407,100,1179648,3
13325,3213312,1641512,0,0
13326,2353158,0,1179648,1
13327,1090203,0,1179648,1
13328,908083,0,1179648,1
13329,455679,0,1179648,1
13330,462672,60,0,0
13331,980739,0,1179648,1
13332,399465,0,1179648,1
13333,1034359,0,1179648,1
13334,974948,0,2359296,2
13335,427437,51,1179648,1
13336,1007759,0,2359296,2
13337,390959,0,2359296,2
13338,402621,41,1179648,1
13339,903455,0,3276800,11
13340,2279931,40,3276800,11
13341,419261,0,3276800,11
13342,433649,0,3276800,11
13343,2764154,1716230,1179648,1
13344,666383,146984,0,0
13345,437877,0,0,0
13346,399906,0,0,0
13347,440392,0,0,0
13348,399174,0,0,0
13349,1821597,0,1441792,3
13350,1596718,0,1441792,3
13351,403162,0,1441792,3
13352,981570,0,2752512,5
13353,1145316,140,2359296,4
13354,420234,0,2359296,4
13355,460589,0,2359296,4
13356,2572246,620577,1048576,2
13357,564062,113743,0,0
13358,398754,0,0,0
13359,2158184,0,1179648,1
13360,1023368,0,1179648,1
13361,1058574,0,1179648,1
13362,404093,0,1179648,1
13363,513337,60,0,0
13364,987160,0,1179648,1
13365,888898,0,2228224,3
13366,650794,0,2228224,3
13367,406628,0,2228224,3
13368,443407,60,1048576,2
13369,994173,90,1179648,1
13370,436124,0,1179648,1
13371,2525198,0,2097152,2
13372,3334457,0,3276800,3
13373,436744,40,2097152,2
13374,2068638,0,2097152,2
13375,413120,50,1179648,1
13376,516443,40,0,0
13377,426696,0,0,0
13378,888847,0,1179648,3
13379,451281,0,1179648,3
13380,1252094,0,2621440,6
13381,1127462,0,4063232,7
13382,470918,111,2883584,4
13383,444950,0,2883584,4
13384,909687,130,1441792,1
13385,1581969,1104109,0,0
13386,411818,0,0,0
13387,437025,0,0,0
13388,440943,0,0,0
13389,972614,0,1179648,1
13390,906530,0,2097152,2
13391,420645,0,2097152,2
13392,455550,0,2097152,2
13393,460308,71,917504,1
13394,806593,384717,0,0
13395,1532237,0,0,0
13396,980708,0,1179648,1
13397,463965,0,1179648,1
13398,422558,0,1179648,1
13399,964308,0,2359296,2
13400,922109,50,1179648,1
13401,931487,0,2359296,2
13402,1516768,0,3276800,3
13403,473222,40,2097152,2
13404,1514764,0,3145728,4
13405,1823180,50,3276800,5
13406,2130032,60,3538944,5
13407,967243,0,3538944,5
13408,1123375,80,4063232,7
13409,558432,80,2752512,5
13410,1546784,70,3145728,6
13411,2469565,0,4718592,8
13412,994875,150,4063232,5
13413,448786,0,4063232,5
13414,483812,90,2490368,3
13415,1589765,1103838,917504,1
13416,2913873,120,917504,1
13417,1558406,0,2490368,3
13418,960090,0,2490368,3
13419,453195,0,2490368,3
13420,442916,70,1572864,2
13421,1361379,250708,0,0
13422,507146,0,0,0
13423,1187455,0,0,0
13424,611811,0,0,0
13425,632429,0,0,0
13426,555396,0,0,0
13427,567538,0,0,0
13428,560866,0,0,0
13429,545528,0,0,0
13430,583779,0,0,0
13431,545296,0,0,0
13432,539957,0,0,0
13433,571115,0,0,0
13434,930675,0,0,0
13435,575863,0,0,0
13436,621328,0,0,0
13437,542672,0,0,0
13438,593526,0,0,0
13439,1272102,0,917504,1
13440,1011386,0,917504,1
13441,1001558,0,2097152,2
13442,405386,0,2097152,2
13443,5111792,80,1179648,1
13444,2474755,0,2883584,6
13445,486087,70,1703936,5
13446,1121251,0,2621440,6
13447,429861,0,2621440,6
13448,3340849,1818611,2621440,4
13449,718720,0,2621440,4
13450,1567543,40,2883584,4
13451,2115003,0,4194304,6
13452,1495929,140,3801088,5
13453,446072,0,3801088,5
13454,439940,40,2621440,4
13455,1663562,90,1310720,2
13456,1027867,100,1179648,1
13457,1303691,0,2097152,2
13458,1778216,0,3932160,6
13459,1001097,0,5111808,7
13460,3458289,40,5111808,9
13461,1616204,40,5505024,10
13462,511895,190,3670016,6
13463,1665496,40,3670016,6
13464,1504585,221,3932160,6
13465,991399,70,3670016,6
13466,910277,0,4587520,7
13467,1055428,30,4980736,8
13468,933120,150,4456448,6
13469,1238209,90,5111808,9
13470,3599040,40,5373952,9
13471,2475295,171,4849664,9
13472,1564337,60,4849664,9
13473,1000796,301,4456448,8
13474,1231306,60,4456448,8
13475,430343,211,3407872,6
13476,462753,70,2490368,5
13477,567208,109073,1179648,1
13478,1510566,1062902,0,0
13479,426525,0,0,0
13480,1122393,0,917504,1
13481,633381,0,917504,1
13482,1142631,0,1835008,2
13483,432246,0,1835008,2
13484,446703,50,917504,1
13485,905959,0,1835008,2
13486,1313139,50,2228224,3
13487,449789,0,2228224,3
13488,446433,0,2228224,3
13489,923562,50,2228224,3
13490,1222589,100,2097152,2
13491,457924,0,2097152,2
13492,2014917,0,3276800,3
13493,999914,50,3538944,3
13494,427727,60,2359296,2
13495,3915231,0,2359296,2
13496,2854433,60,2883584,4
13497,441373,50,1703936,3
13498,429100,0,1703936,3
13499,1054025,0,3407872,6
13500,509670,140,1703936,3
13501,409954,0,1703936,3
13502,456501,0,1703936,3
13503,1496390,190,1179648,1
13504,455559,0,1179648,1
13505,1253667,0,2490368,3
13506,2149297,0,2490368,3
13507,450610,30,1310720,2
13508,628251,0,1310720,2
13509,751772,110,0,0
13510,1197123,0,1310720,2
13511,473423,0,1310720,2
13512,1773066,0,1310720,2
13513,657425,0,1310720,2
13514,662906,90,0,0
13515,441593,0,0,0
13516,436123,0,0,0
13517,1667789,0,0,0
13518,1004934,0,1310720,2
13519,986450,0,2490368,3
13520,1544700,0,4063232,5
13521,431634,0,4063232,5
13522,970600,80,4194304,6
13523,434320,30,3014656,5
13524,557500,125765,1441792,3
13525,458204,0,1441792,3
13526,2401368,1784506,0,0
13527,575132,0,0,0
13528,1016535,0,1179648,1
13529,399104,0,1179648,1
13530,940895,0,2097152,2
13531,398653,0,2097152,2
13532,428458,50,917504,1
13533,397762,0,917504,1
13534,761610,333802,0,0
13535,406397,0,0,0
13536,456732,0,0,0
13537,1000034,0,1572864,4
13538,490284,0,1572864,4
13539,386200,0,1572864,4
13540,1385023,0,2883584,6
13541,2621878,1959714,1310720,2
13542,454176,0,1310720,2
13543,420654,0,1310720,2
13544,1634909,111,1572864,4
13545,415636,0,1572864,4
13546,1013740,0,2752512,5
13547,435032,0,2752512,5
13548,437806,180,1179648,1
13549,400757,0,1179648,1
13550,966703,50,0,0
13551,1561542,0,0,0
13552,1757367,0,1179648,1
13553,2058799,0,2752512,3
13554,683003,0,2752512,3
13555,1019541,0,3670016,4
13556,704795,70,2490368,3
13557,1958713,91,2097152,2
13558,1169330,0,3014656,3
13559,492258,50,2097152,2
13560,2756710,0,4063232,11
13561,1436639,50,2883584,10
13562,2285642,40,1966080,9
13563,451461,0,1966080,9
13564,2529005,688834,1310720,2
13565,2397110,0,1310720,2
13566,1645559,0,2883584,6
13567,1128634,0,4063232,7
13568,2042789,111,3932160,6
13569,3341862,0,5767168,12
13570,752413,470,4194304,8
13571,1629979,211,4063232,9
13572,1222860,40,3801088,9
13573,3191240,1435175,3276800,5
13574,633611,0,3276800,5
13575,760708,150,2228224,3
13576,2741912,260,1310720,2
13577,632569,170,0,0
13578,596212,0,0,0
13579,1360136,0,917504,1
13580,1863164,0,2228224,3
13581,1862723,0,2228224,3
13582,658217,0,2228224,3
13583,1368181,70,2490368,3
13584,824177,100,1179648,1
13585,542071,0,1179648,1
13586,559623,0,1179648,1
13587,1956689,70,917504,1
13588,790304,0,917504,1
13589,795413,0,917504,1
13590,680198,0,917504,1
13591,1231216,50,917504,1
13592,2119181,0,2490368,3
13593,1077829,0,2490368,3
13594,471038,0,2490368,3
13595,449489,150,1572864,2
13596,1143752,90,1572864,2
13597,443517,0,1572864,2
13598,1389251,0,1572864,2
13599,415775,0,1572864,2
13600,5701621,200,917504,1
13601,1954394,0,2097152,2
13602,1666708,0,3801088,5
13603,654430,0,3801088,5
13604,1500869,110,4063232,5
13605,703952,50,2883584,4
13606,465989,140,1179648,1
13607,401990,0,1179648,1
13608,1555351,30,1310720,2
13609,1263306,0,1310720,2
13610,440291,0,1310720,2
13611,466380,0,1310720,2
13612,983624,80,1179648,1
13613,1681425,0,1179648,1
13614,897553,0,1179648,1
13615,1284826,0,2752512,3
13616,462823,40,1572864,2
13617,401319,0,1572864,2
13618,1806248,0,2490368,3
13619,489874,90,917504,1
13620,386240,0,917504,1
13621,625717,0,917504,1
13622,889909,40,917504,1
13623,1032906,0,917504,1
13624,427157,0,917504,1
13625,425694,0,917504,1
13626,947667,40,1179648,1
13627,1031393,0,2359296,2
13628,441343,0,2359296,2
13629,399956,0,2359296,2
13630,1484428,40,2359296,2
13631,982502,30,2359296,2
13632,2392321,0,2359296,2
13633,477590,0,2359296,2
13634,1258527,40,1179648,1
13635,1006326,40,1179648,1
13636,416727,0,1179648,1
13637,993393,0,2359296,2
13638,991820,0,3538944,3
13639,445921,30,2359296,2
13640,1008721,0,2359296,2
13641,471740,40,1179648,1
13642,1056029,97041,917504,1
13643,446032,0,917504,1
13644,875232,0,1966080,3
13645,419803,0,1966080,3
13646,447494,91,1048576,2
13647,1354054,0,2228224,3
13648,1471174,117389,1179648,1
13649,437767,0,1179648,1
13650,868098,0,2097152,2
13651,450530,50,917504,1
13652,964188,0,2097152,2
13653,927971,0,3145728,4
13654,1032295,70,3801088,7
13655,416116,0,3801088,7
13656,902893,60,3538944,7
13657,971642,80,2490368,5
13658,4862727,2198559,2228224,3
13659,457864,0,2228224,3
13660,2082222,60,3407872,12
13661,441233,0,3407872,12
13662,754147,100,2097152,10
13663,402610,0,2097152,10
13664,1943835,461,2359296,6
13665,2505843,0,3932160,8
13666,1023448,0,5505024,10
13667,999293,0,6815744,12
13668,1073782,360,5636096,7
13669,2033512,111,5242880,8
13670,538494,101,3670016,6
13671,3067830,1515586,4456448,8
13672,1586969,70,4194304,8
13673,1563045,527594,4194304,6
13674,957084,0,5373952,7
13675,2532191,2037079,3276800,3
13676,1207411,584130,2359296,2
13677,1526035,1104199,1179648,1
13678,1888141,951184,917504,1
13679,1473046,0,2097152,2
13680,922080,0,3014656,3
13681,1454462,0,3932160,4
13682,895199,40,3932160,4
13683,1966447,30,3932160,4
13684,425624,40,3014656,3
13685,1002690,60,2097152,2
13686,916870,40,2097152,2
13687,477821,40,917504,1
13688,907603,0,1835008,2
13689,3493033,0,2752512,3
13690,900179,40,2883584,4
13691,400648,0,2883584,4
13692,412669,40,1966080,3
13693,1024741,51,2621440,4
13694,1458870,81,2490368,3
13695,1230074,0,3670016,4
13696,1933185,0,4849664,5
13697,555896,91,3276800,3
13698,502547,30,2359296,2
13699,523706,40,1179648,1
13700,4624674,30,0,0
13701,481377,0,0,0
13702,1671256,0,1048576,2
13703,1117533,0,2621440,4
13704,1094922,0,2621440,4
13705,550446,0,2621440,4
13706,2117007,110,2883584,4
13707,1180752,101,1310720,2
13708,2016339,0,3276800,7
13709,1694830,0,3276800,7
13710,1977908,110,1966080,5
13711,1488015,0,1966080,5
13712,3120378,230,917504,1
13713,1133935,0,1835008,2
13714,1849438,0,1835008,2
13715,1431068,0,2752512,3
13716,1144003,40,3014656,3
13717,601712,30,2097152,2
13718,2920094,0,3801088,5
13719,2243153,40,3801088,5
13720,1811628,40,2621440,4
13721,579230,0,2621440,4
13722,1164982,120,2097152,2
13723,1063924,30,2097152,2
13724,587566,0,2097152,2
13725,579070,0,2097152,2
13726,630175,40,917504,1
13727,1077229,41,917504,1
13728,606781,0,917504,1
13729,653298,0,917504,1
13730,420815,0,917504,1
13731,1051260,40,1572864,2
13732,407470,0,1572864,2
13733,1024621,0,2752512,3
13734,1122262,0,3670016,4
13735,1053695,80,3276800,3
13736,3642772,0,4587520,7
13737,1009292,50,4587520,7
13738,925856,30,4587520,7
13739,1428604,30,4587520,7
13740,966101,171,4194304,4
13741,989324,60,4194304,4
13742,467212,60,3276800,3
13743,1982607,479864,2097152,2
13744,2036007,60,2228224,3
13745,437015,50,1048576,2
13746,399024,0,1048576,2
13747,411057,0,1048576,2
13748,1109529,73778,1179648,1
13749,429290,0,1179648,1
13750,3069754,0,2359296,2
13751,1067690,0,2359296,2
13752,1666127,40,2359296,2
13753,1563305,0,3538944,3
13754,1420669,40,3276800,3
13755,970529,0,4456448,4
13756,1195349,40,3276800,3
13757,431314,50,2097152,2
13758,868440,30,1179648,1
13759,431555,50,0,0
13760,1313098,0,1179648,1
13761,463464,0,1179648,1
13762,1423334,0,2097152,2
13763,470027,0,2097152,2
13764,432397,50,917504,1
13765,1608710,0,2097152,2
13766,466290,40,1179648,1
13767,1024580,0,2490368,3
13768,1602338,0,3670016,4
13769,986770,60,3670016,6
13770,442535,0,3670016,6
13771,1519383,90,3538944,7
13772,437937,40,2359296,6
13773,651365,179886,1179648,3
13774,1102175,0,3407872,8
13775,504200,160,2228224,5
13776,1882741,0,2228224,5
13777,459337,0,2228224,5
13778,3093738,1656909,1179648,1
13779,543463,0,1179648,1
13780,1982807,0,2359296,2
13781,1300244,0,3538944,3
13782,942707,70,3407872,4
13783,409193,0,3407872,4
13784,436894,60,2228224,3
13785,980108,40,2228224,3
13786,434830,70,1179648,1
13787,1011336,0,1179648,1
13788,495394,0,1179648,1
13789,493250,30,0,0
13790,452203,0,0,0
13791,973856,0,1179648,1
13792,939813,0,2097152,2
13793,428439,0,2097152,2
13794,1622846,0,3407872,4
13795,2247010,40,3145728,4
13796,432266,50,2228224,3
13797,484654,0,2228224,3
13798,850927,100,917504,1
13799,643280,40,0,0
13800,1154182,0,2621440,14
13801,1043375,0,2621440,14
13802,1366939,0,4194304,18
13803,1554970,0,6160384,21
13804,5279504,3718001,5242880,12
13805,442335,0,5242880,12
13806,3242897,1965284,5111808,11
13807,5457867,3420067,3145728,8
13808,3815715,2156853,3801088,9
13809,893677,0,3801088,9
13810,472691,121,2359296,6
13811,434711,0,2359296,6
13812,5468827,3542164,1179648,1
13813,2788559,0,2359296,2
13814,1062812,0,2359296,2
13815,455750,0,2359296,2
13816,494072,60,1179648,1
13817,1549389,40,1572864,2
13818,2510792,0,2490368,3
13819,437836,0,2490368,3
13820,425313,0,2490368,3
13821,497177,80,917504,1
13822,945703,50,917504,1
13823,914155,0,1835008,2
13824,1772154,0,3670016,6
13825,1438112,0,4980736,8
13826,474895,40,4063232,7
13827,473673,30,3145728,6
13828,1550461,180,2490368,3
13829,1435637,90,2097152,2
13830,472942,0,2097152,2
13831,1220435,0,3014656,3
13832,876444,40,1835008,2
13833,537191,40,917504,1
13834,470858,0,917504,1
13835,652406,50,0,0
13836,416637,0,0,0
13837,1163009,0,917504,1
13838,1206750,0,1835008,2
13839,1321324,0,3014656,3
13840,505723,0,3014656,3
13841,1164221,50,2097152,2
13842,1178537,40,2490368,3
13843,550968,50,1310720,2
13844,985578,0,2359296,4
13845,2059029,0,3538944,5
13846,491266,80,2228224,3
13847,449788,0,2228224,3
13848,953107,90,2097152,2
13849,460209,30,917504,1
13850,1091055,0,917504,1
13851,3143472,0,2097152,2
13852,1401353,30,3014656,5
13853,1031603,0,4194304,6
13854,497779,0,4194304,6
13855,567949,30,3014656,5
13856,3117462,1641190,2490368,3
13857,580072,70,1310720,2
13858,1102516,0,2490368,3
13859,2264813,0,3407872,4
13860,573931,110,2097152,2
13861,2459165,0,2097152,2
13862,1147760,50,917504,1
13863,804500,70,0,0
13864,1114468,0,0,0
13865,549344,0,0,0
13866,1739122,0,0,0
13867,1364545,0,1310720,2
13868,1017036,0,1310720,2
13869,1375625,0,2621440,6
13870,1648023,0,3801088,7
13871,1403567,111,3670016,6
13872,1031985,0,3670016,6
13873,943709,200,3276800,3
13874,931006,40,3014656,3
13875,1625491,50,1835008,2
13876,1175201,0,3014656,3
13877,988894,40,3276800,3
13878,412699,40,2359296,2
13879,2800903,0,2359296,2
13880,963667,50,2490368,3
13881,422959,40,1310720,2
13882,416758,0,1310720,2
13883,2228205,0,1310720,2
13884,667084,70,0,0
13885,422648,0,0,0
13886,2203780,0,917504,1
13887,1251864,0,2097152,2
13888,2310168,0,2097152,2
13889,454237,0,2097152,2
13890,1009092,161,2359296,2
13891,462002,40,1179648,1
13892,984546,0,2359296,2
13893,1320683,0,3670016,4
13894,430212,40,2490368,3
13895,676762,0,2490368,3
13896,1082739,30,4325376,17
13897,1023298,70,3932160,16
13898,401729,0,3932160,16
13899,462873,0,3932160,16
13900,1989339,530,3538944,15
13901,2868929,40,3932160,16
13902,1629699,0,5111808,17
13903,1018709,0,6291456,18
13904,3581358,1814944,4718592,6
13905,2563781,90,3407872,4
13906,1095784,40,2228224,3
13907,957425,60,1966080,3
13908,1799947,80,2883584,6
13909,2358869,0,4456448,8
13910,412620,0,4456448,8
13911,1404269,40,3538944,7
13912,2666523,200,2752512,3
13913,460077,100,1179648,1
13914,647297,0,1179648,1
13915,471288,0,1179648,1
13916,3926622,30,1179648,1
13917,435412,0,1179648,1
13918,1194136,0,3407872,4
13919,927429,0,4325376,5
13920,1147790,51,3145728,4
13921,419352,0,3145728,4
13922,2669057,985488,2097152,2
13923,418100,30,1179648,1
13924,980098,0,2490368,3
13925,1383599,0,4194304,6
13926,466190,50,3014656,5
13927,627690,0,3014656,5
13928,1488295,100,1703936,3
13929,1308509,822914,0,0
13930,408452,0,0,0
13931,974146,0,1179648,1
13932,898476,0,2097152,2
13933,510321,0,2097152,2
13934,437145,0,2097152,2
13935,935264,30,1835008,2
13936,1523761,70,917504,1
13937,914896,0,1966080,3
13938,883187,0,2883584,4
13939,421045,40,1966080,3
13940,966041,0,3145728,4
13941,1587390,81,2097152,2
13942,478742,60,1179648,1
13943,458465,0,1179648,1
13944,1352993,41,1048576,2
13945,428439,0,1048576,2
13946,455800,0,1048576,2
13947,1076537,0,2752512,5
13948,431133,90,1703936,3
13949,397331,0,1703936,3
13950,1670335,0,3276800,5
13951,1127242,120,3145728,4
13952,1129436,0,4718592,6
13953,1084542,0,4718592,6
13954,1108948,90,3145728,4
13955,581715,48340,1572864,2
13956,2309205,1341471,917504,1
13957,2113771,0,917504,1
13958,441844,0,917504,1
13959,934342,0,1835008,2
13960,1145636,41,917504,1
13961,476308,0,917504,1
13962,1403347,0,1835008,2
13963,1532808,50,2359296,4
13964,1444172,0,3276800,5
13965,452113,0,3276800,5
13966,433779,40,2359296,4
13967,1010304,140,1835008,2
13968,707720,60,917504,1
13969,1075265,0,2490368,5
13970,466600,0,2490368,5
13971,1932183,70,2752512,5
13972,415204,0,2752512,5
13973,910047,352688,1179648,1
13974,446333,0,1179648,1
13975,1374824,381651,1179648,1
13976,1076167,0,2752512,3
13977,427096,0,2752512,3
13978,427898,0,2752512,3
13979,1094050,50,3801088,11
13980,1668201,583478,3407872,10
13981,981360,0,4849664,13
13982,510031,0,4849664,13
13983,6060841,3262313,3801088,5
13984,535438,70,2621440,4
13985,510442,141,1179648,1
13986,1987265,0,2359296,2
13987,511534,40,1179648,1
13988,457754,0,1179648,1
13989,1070295,0,2359296,2
13990,1026614,51,2359296,2
13991,464636,0,2359296,2
13992,487589,0,2359296,2
13993,1026755,30,2359296,2
13994,1105201,628071,1179648,1
13995,1552024,0,2097152,2
13996,558572,0,2097152,2
13997,473783,70,917504,1
13998,479213,0,917504,1
13999,1118285,50,1179648,1
14000,1033267,0,1179648,1
14001,1602929,0,2359296,2
14002,1820164,0,3932160,4
14003,1242076,60,4325376,5
14004,545206,0,4325376,5
14005,2240527,80,3145728,4
14006,1138042,110,2490368,3
14007,678395,52117,917504,1
14008,1191231,0,2883584,6
14009,594599,0,2883584,6
14010,1129937,60,3145728,8
14011,2805231,0,4063232,9
14012,1914901,261,2097152,4
14013,565675,0,2097152,4
14014,1212451,120,917504,1
14015,1049467,30,917504,1
14016,653028,0,917504,1
14017,1035220,0,2097152,2
14018,419111,0,2097152,2
14019,484824,50,1179648,1
14020,414874,0,1179648,1
14021,1144815,50,1703936,1
14022,407801,0,1703936,1
14023,1194747,0,2621440,2
14024,928180,0,3538944,3
14025,1083660,50,3014656,3
14026,414903,0,3014656,3
14027,434941,60,2097152,2
14028,1628577,30,2097152,2
14029,1016795,60,2359296,4
14030,402320,0,2359296,4
14031,1813040,0,3670016,6
14032,479144,50,2752512,5
14033,573249,89598,1310720,2
14034,1121271,0,3276800,5
14035,1512641,460279,3145728,4
14036,997430,0,4456448,6
14037,1442429,0,5767168,8
14038,978875,181,4980736,8
14039,1006156,30,4980736,8
14040,451001,90,3670016,6
14041,443527,100,2359296,4
14042,825499,375831,1179648,1
14043,2956522,1343615,0,0
14044,1096885,0,1835008,4
14045,1292199,0,3407872,6
14046,1207973,0,4325376,7
14047,1243529,0,5373952,9
