job,host,seed,variant,shape,status,diagnostic,algae-amount,branching,fruit-amount,height,long-tongues,rim-width,stone-amount,teams,tongue-count,wheat-amount,width,wood-amount,workers,fairness,score,minimum_build_sites,minimum_wheat,minimum_wood,branches_requested,branches_placed,approaches_narrow,unreachable_walking_pairs,water_components,telemetry_dropped,telemetry_invalid,report_version
5395aac314d3b6792ccdcad8b22df72c,pharaoh-dev-3.local,41001,baseline,128x128x2,completed,lava-shield revision 1 seed 41001 [complete]: ,100,2,100,7,50,8,100,2,5,100,7,100,4,0.988636,0.605364,472,0.625,0.71875,8,3,False,0,2,0,0,2
3377d0f67f1e4004b64744c21ca3dbd5,pharaoh-dev-3.local,41002,baseline,128x128x2,completed,lava-shield revision 1 seed 41002 [complete]: ,100,2,100,7,50,8,100,2,5,100,7,100,4,0.96135,0.542102,416,0.541667,0.625,8,3,False,0,2,0,0,2
d506a97a91f5697fcdc03c755490a463,pharaoh-dev-3.local,42001,high-geometry,128x128x2,completed,lava-shield revision 1 seed 42001 [complete]: ,100,3,100,7,75,8,100,2,5,100,7,100,4,0.981096,0.584436,431,0.625,0.6875,15,3,False,0,2,0,0,2
fc72f6ab35fc9ab06ec3aafa18d6c6bd,pharaoh-dev-2.local,42001,low-geometry,128x128x2,completed,lava-shield revision 1 seed 42001 [complete]: ,100,0,100,7,25,6,100,2,3,100,7,100,4,0.975458,0.613527,490,0.625,0.71875,0,0,False,0,2,0,0,2
a9ff7b945e3bb12de45524b987adf92b,pharaoh-dev-2.local,42002,high-geometry,128x128x2,completed,lava-shield revision 1 seed 42002 [complete]: ,100,3,100,7,75,8,100,2,5,100,7,100,4,0.985757,0.566361,322,0.625,0.6875,15,5,False,0,2,0,0,2
b9b89de127d5d8cd5434cdf6fc604a23,pharaoh-dev-2.local,42002,low-geometry,128x128x2,completed,lava-shield revision 1 seed 42002 [complete]: ,100,0,100,7,25,6,100,2,3,100,7,100,4,0.989453,0.606863,522,0.625,0.71875,0,0,False,0,2,0,0,2
f8a2fbdac19e55d90acd34460ef0a088,pharaoh-dev-1.local,42003,high-geometry,128x128x2,completed,lava-shield revision 1 seed 42003 [complete]: ,100,3,100,7,75,8,100,2,5,100,7,100,4,0.983705,0.604851,380,0.625,0.71875,15,5,False,0,2,0,0,2
9d465b7042aa247c46ae94d5f4fc5b27,pharaoh-dev-1.local,42003,low-geometry,128x128x2,completed,lava-shield revision 1 seed 42003 [complete]: ,100,0,100,7,25,6,100,2,3,100,7,100,4,0.998334,0.635674,526,0.625,0.71875,0,0,False,0,2,0,0,2
da8d24e91cec6e5b4115cf91c8f041df,pharaoh-dev-1.local,43001,workers-min,128x128x2,completed,lava-shield revision 1 seed 43001 [complete]: ,100,2,100,7,50,8,100,2,5,100,7,100,1,0.927487,0.547643,407,0.541667,0.6875,6,1,False,0,2,0,0,2
77ff5c1e960e92277d996da61ba2eeda,pharaoh-dev-3.local,43002,workers-max,128x128x2,completed,lava-shield revision 1 seed 43002 [complete]: ,100,2,100,7,50,8,100,2,5,100,7,100,8,0.981952,0.592245,263,0.625,0.71875,6,0,False,0,2,0,0,2
a0ed15705d240fbbc7e691aca08ceb88,pharaoh-dev-3.local,41001,baseline,128x256x2,completed,lava-shield revision 1 seed 41001 [complete]: ,100,2,100,8,50,8,100,2,5,100,7,100,4,0.956472,0.588618,622,0.625,0.71875,8,4,False,0,2,0,0,2
216293aababcc070dd87d20fa2200e67,pharaoh-dev-3.local,41002,baseline,128x256x2,completed,lava-shield revision 1 seed 41002 [complete]: ,100,2,100,8,50,8,100,2,5,100,7,100,4,0.981332,0.604136,617,0.625,0.625,8,3,False,0,2,0,0,2
71ac828b4c9daeded61d0aaa10cef0bc,pharaoh-dev-2.local,42001,high-geometry,128x256x2,completed,lava-shield revision 1 seed 42001 [complete]: ,100,3,100,8,75,8,100,2,5,100,7,100,4,0.983581,0.622027,640,0.625,0.71875,15,4,False,0,2,0,0,2
0aeca05154532a188880894f872a526a,pharaoh-dev-2.local,42001,low-geometry,128x256x2,completed,lava-shield revision 1 seed 42001 [complete]: ,100,0,100,8,25,6,100,2,3,100,7,100,4,0.991954,0.639994,788,0.625,0.71875,0,0,False,0,2,0,0,2
db2621373b0cce2ab857bff61471f02e,pharaoh-dev-2.local,42002,high-geometry,128x256x2,completed,lava-shield revision 1 seed 42002 [complete]: ,100,3,100,8,75,8,100,2,5,100,7,100,4,0.980251,0.597998,654,0.625,0.6875,15,10,False,0,2,0,0,2
28da1ba976f82b5d40671cae99b539c4,pharaoh-dev-1.local,42002,low-geometry,128x256x2,completed,lava-shield revision 1 seed 42002 [complete]: ,100,0,100,8,25,6,100,2,3,100,7,100,4,0.981886,0.641013,791,0.625,0.71875,0,0,False,0,2,0,0,2
0457ae6a294e3b986cec0249fd310ec5,pharaoh-dev-1.local,42003,high-geometry,128x256x2,completed,lava-shield revision 1 seed 42003 [complete]: ,100,3,100,8,75,8,100,2,5,100,7,100,4,0.937959,0.592401,663,0.625,0.71875,15,5,False,0,2,0,0,2
898ab2371b08528b39afd14ec80b5443,pharaoh-dev-1.local,42003,low-geometry,128x256x2,completed,lava-shield revision 1 seed 42003 [complete]: ,100,0,100,8,25,6,100,2,3,100,7,100,4,0.985277,0.624307,649,0.625,0.65625,0,0,False,0,2,0,0,2
e7e2bd337f9a8931788b77933d5cd722,pharaoh-dev-3.local,43001,workers-min,128x256x2,completed,lava-shield revision 1 seed 43001 [complete]: ,100,2,100,8,50,8,100,2,5,100,7,100,1,0.967974,0.592791,603,0.625,0.65625,6,0,False,0,2,0,0,2
f3977dca4ea47545b9506c5dabf7e780,pharaoh-dev-3.local,43002,workers-max,128x256x2,completed,lava-shield revision 1 seed 43002 [complete]: ,100,2,100,8,50,8,100,2,5,100,7,100,8,0.986223,0.615952,522,0.625,0.71875,6,1,False,0,2,0,0,2
534d2a100f569e7b0ea31c765a518ae5,pharaoh-dev-3.local,41001,baseline,256x128x2,completed,lava-shield revision 1 seed 41001 [complete]: ,100,2,100,7,50,8,100,2,5,100,8,100,4,0.986816,0.602478,433,0.583333,0.71875,8,5,False,0,2,0,0,2
31adc81212535e172f8a847821e8dd5a,pharaoh-dev-1.local,41002,baseline,256x128x2,completed,lava-shield revision 1 seed 41002 [complete]: ,100,2,100,7,50,8,100,2,5,100,8,100,4,0.963446,0.571256,527,0.625,0.625,8,5,False,0,2,0,0,2
8d6fbe8ef850f43a5294ea2c3cdb59d4,pharaoh-dev-1.local,42001,high-geometry,256x128x2,completed,lava-shield revision 1 seed 42001 [complete]: ,100,3,100,7,75,8,100,2,5,100,8,100,4,0.982759,0.626793,637,0.625,0.71875,15,6,False,0,2,0,0,2
021a816c13d32ea97731ac74e8a026c1,pharaoh-dev-1.local,42001,low-geometry,256x128x2,completed,lava-shield revision 1 seed 42001 [complete]: ,100,0,100,7,25,6,100,2,3,100,8,100,4,0.998232,0.630894,592,0.625,0.65625,0,0,False,0,2,0,0,2
3ce4cb407fb7cd6acb1eeeba418ac41f,pharaoh-dev-2.local,42002,high-geometry,256x128x2,completed,lava-shield revision 1 seed 42002 [complete]: ,100,3,100,7,75,8,100,2,5,100,8,100,4,0.989269,0.63847,876,0.625,0.71875,15,8,False,0,2,0,0,2
83ab3f5294017ca65bd677f9c423b99d,pharaoh-dev-2.local,42002,low-geometry,256x128x2,completed,lava-shield revision 1 seed 42002 [complete]: ,100,0,100,7,25,6,100,2,3,100,8,100,4,0.983043,0.623848,800,0.625,0.65625,0,0,False,0,2,0,0,2
64e44df3f7ce1c6d0c05c4e50755736e,pharaoh-dev-2.local,42003,high-geometry,256x128x2,completed,lava-shield revision 1 seed 42003 [complete]: ,100,3,100,7,75,8,100,2,5,100,8,100,4,0.95201,0.594641,855,0.625,0.71875,15,6,False,0,2,0,0,2
08035e8424b677e7c4964dd714da04a7,pharaoh-dev-2.local,42003,low-geometry,256x128x2,completed,lava-shield revision 1 seed 42003 [complete]: ,100,0,100,7,25,6,100,2,3,100,8,100,4,0.993172,0.63249,790,0.625,0.6875,0,0,False,0,2,0,0,2
df71492b3e3072ae311cc5ab7a9e980d,pharaoh-dev-2.local,43001,workers-min,256x128x2,completed,lava-shield revision 1 seed 43001 [complete]: ,100,2,100,7,50,8,100,2,5,100,8,100,1,0.994163,0.569737,492,0.5,0.59375,6,2,False,0,2,0,0,2
4bf115663fdbdf108b2f36a5aea7c4ed,pharaoh-dev-2.local,43002,workers-max,256x128x2,completed,lava-shield revision 1 seed 43002 [complete]: ,100,2,100,7,50,8,100,2,5,100,8,100,8,0.992023,0.635706,647,0.625,0.71875,6,0,False,0,2,0,0,2
34b2455682187c7edaa05583e254696c,pharaoh-dev-2.local,41001,baseline,256x256x2,completed,lava-shield revision 1 seed 41001 [complete]: ,100,2,100,8,50,8,100,2,5,100,8,100,4,0.989574,0.611599,1025,0.583333,0.71875,10,6,False,0,2,0,0,2
5f770a80f761e105ae10e3172f350c33,pharaoh-dev-2.local,41002,baseline,256x256x2,completed,lava-shield revision 1 seed 41002 [complete]: ,100,2,100,8,50,8,100,2,5,100,8,100,4,0.996494,0.603803,903,0.583333,0.59375,10,6,False,0,2,0,0,2
a9d44abffbd2a731b14ecf1ef0d93a44,pharaoh-dev-2.local,42001,high-geometry,256x256x2,completed,lava-shield revision 1 seed 42001 [complete]: ,100,3,100,8,75,12,100,2,9,100,8,100,4,0.977604,0.611659,800,0.625,0.625,27,20,False,0,2,0,0,2
ec4a927b73b20e480e9edccd5b2534a9,therig.local,42001,low-geometry,256x256x2,completed,lava-shield revision 1 seed 42001 [complete]: ,100,0,100,8,25,6,100,2,3,100,8,100,4,0.989053,0.640239,952,0.625,0.71875,0,0,False,0,2,0,0,2
fff7335fe00bbab4acb52e716f2a01d3,therig.local,42002,high-geometry,256x256x2,completed,lava-shield revision 1 seed 42002 [complete]: ,100,3,100,8,75,12,100,2,9,100,8,100,4,0.986887,0.608974,798,0.625,0.71875,27,8,False,0,2,0,0,2
8b83d89e690da9974e4707f9729b688b,therig.local,42002,low-geometry,256x256x2,completed,lava-shield revision 1 seed 42002 [complete]: ,100,0,100,8,25,6,100,2,3,100,8,100,4,0.991943,0.641137,1011,0.625,0.6875,0,0,False,0,2,0,0,2
97b2a2c971df0b36972ca1842ab2fb1f,therig.local,42003,high-geometry,256x256x2,completed,lava-shield revision 1 seed 42003 [complete]: ,100,3,100,8,75,12,100,2,9,100,8,100,4,0.991267,0.610727,764,0.541667,0.6875,27,19,False,0,2,0,0,2
3513314453f223eac55d4ff0e95aac94,therig.local,42003,low-geometry,256x256x2,completed,lava-shield revision 1 seed 42003 [complete]: ,100,0,100,8,25,6,100,2,3,100,8,100,4,0.991624,0.630353,1015,0.625,0.6875,0,0,False,0,2,0,0,2
a01076f78af68fc8b5bfa3beb90e5ba3,therig.local,43001,workers-min,256x256x2,completed,lava-shield revision 1 seed 43001 [complete]: ,100,2,100,8,50,8,100,2,5,100,8,100,1,0.946896,0.554793,746,0.458333,0.6875,10,6,False,0,2,0,0,2
2d5fac5fb409d9da9b66434ff15f3fce,therig.local,43002,workers-max,256x256x2,completed,lava-shield revision 1 seed 43002 [complete]: ,100,2,100,8,50,8,100,2,5,100,8,100,8,0.998352,0.633954,981,0.625,0.6875,10,8,False,0,2,0,0,2
220beec9304a9b54b93d1394611df933,therig.local,41001,baseline,256x256x4,completed,lava-shield revision 1 seed 41001 [complete]: ,100,2,100,8,50,8,100,4,5,100,8,100,4,0.950283,0.577174,622,0.625,0.71875,10,6,False,0,2,0,0,2
367a7fa6c0de028f625aa812c39f66e2,therig.local,41002,baseline,256x256x4,completed,lava-shield revision 1 seed 41002 [complete]: ,100,2,100,8,50,8,100,4,5,100,8,100,4,0.948131,0.589005,695,0.625,0.71875,10,6,False,0,2,0,0,2
e5e31c5740384b812ccb7dd0530d367d,therig.local,42001,high-geometry,256x256x4,completed,lava-shield revision 1 seed 42001 [complete]: ,100,3,100,8,75,12,100,4,9,100,8,100,4,0.890739,0.480164,422,0.625,0.65625,27,20,True,0,2,0,0,2
d815f11ef7e3a3fd38e2e34e4465d01c,therig.local,42001,low-geometry,256x256x4,completed,lava-shield revision 1 seed 42001 [complete]: ,100,0,100,8,25,6,100,4,3,100,8,100,4,0.9746,0.624586,901,0.625,0.71875,0,0,False,0,2,0,0,2
d4244a58ecf741737b41a296621c2dbb,therig.local,42002,high-geometry,256x256x4,completed,lava-shield revision 1 seed 42002 [complete]: ,100,3,100,8,75,12,100,4,9,100,8,100,4,0.947371,0.552739,551,0.583333,0.6875,27,8,False,0,2,0,0,2
5a5c5243ed763070ef26335feea62c40,therig.local,42002,low-geometry,256x256x4,completed,lava-shield revision 1 seed 42002 [complete]: ,100,0,100,8,25,6,100,4,3,100,8,100,4,0.975938,0.613782,781,0.625,0.6875,0,0,False,0,2,0,0,2
e13d24ef81f1bcde83e274c04175a8fc,therig.local,42003,high-geometry,256x256x4,completed,lava-shield revision 1 seed 42003 [complete]: ,100,3,100,8,75,12,100,4,9,100,8,100,4,0.977156,0.614615,717,0.583333,0.71875,27,19,False,0,2,0,0,2
8c6677e218d33be22a10da19c96a6d23,therig.local,42003,low-geometry,256x256x4,completed,lava-shield revision 1 seed 42003 [complete]: ,100,0,100,8,25,6,100,4,3,100,8,100,4,0.973739,0.614919,1006,0.583333,0.6875,0,0,False,0,2,0,0,2
317389adbec31027b6054236e5f2512a,therig.local,43001,workers-min,256x256x4,completed,lava-shield revision 1 seed 43001 [complete]: ,100,2,100,8,50,8,100,4,5,100,8,100,1,0.967856,0.591917,565,0.625,0.625,10,6,False,0,2,0,0,2
3e69279688a2818730861e1a530f945f,therig.local,43002,workers-max,256x256x4,completed,lava-shield revision 1 seed 43002 [complete]: ,100,2,100,8,50,8,100,4,5,100,8,100,8,0.983826,0.624439,686,0.583333,0.71875,10,8,False,0,2,0,0,2
2aea846900b34fa086b8f0e563935a62,therig.local,41001,baseline,256x256x8,completed,lava-shield revision 1 seed 41001 [complete]: ,100,2,100,8,50,8,100,8,5,100,8,100,4,0.902348,0.518871,574,0.625,0.71875,10,6,False,0,2,0,0,2
b4aa2aba969697e6db185d7dd386ebb3,pharaoh-dev-1.local,41002,baseline,256x256x8,completed,lava-shield revision 1 seed 41002 [complete]: ,100,2,100,8,50,8,100,8,5,100,8,100,4,0.913546,0.533439,527,0.583333,0.65625,10,6,False,0,2,0,0,2
d6876a6b1e1bd402ec41e7ec38f538f5,pharaoh-dev-1.local,42001,high-geometry,256x256x8,completed,lava-shield revision 1 seed 42001 [complete]: ,100,3,100,8,75,8,100,8,5,100,8,100,4,0.914816,0.524484,636,0.583333,0.65625,15,10,False,0,2,0,0,2
54d8c56e836b214c4b3df33a5a61298c,pharaoh-dev-1.local,42001,low-geometry,256x256x8,completed,lava-shield revision 1 seed 42001 [complete]: ,100,0,100,8,25,6,100,8,3,100,8,100,4,0.908645,0.526574,945,0.541667,0.59375,0,0,False,0,2,0,0,2
7cc9c2014fe78a64810f5abb379de795,pharaoh-dev-1.local,42002,high-geometry,256x256x8,completed,lava-shield revision 1 seed 42002 [complete]: ,100,3,100,8,75,8,100,8,5,100,8,100,4,0.836228,0.442749,411,0.583333,0.71875,15,10,False,0,2,0,0,2
2d50e6113c6c08b580c515b64d021bf2,pharaoh-dev-1.local,42002,low-geometry,256x256x8,completed,lava-shield revision 1 seed 42002 [complete]: ,100,0,100,8,25,6,100,8,3,100,8,100,4,0.915738,0.537139,772,0.625,0.65625,0,0,False,0,2,0,0,2
c6857e5a812afde655602bdc5fc9682c,pharaoh-dev-1.local,42003,high-geometry,256x256x8,completed,lava-shield revision 1 seed 42003 [complete]: ,100,3,100,8,75,8,100,8,5,100,8,100,4,0.901739,0.523422,677,0.458333,0.65625,15,12,False,0,2,0,0,2
df555518435b7c6f634824b228492251,pharaoh-dev-2.local,42003,low-geometry,256x256x8,completed,lava-shield revision 1 seed 42003 [complete]: ,100,0,100,8,25,6,100,8,3,100,8,100,4,0.896656,0.52162,697,0.583333,0.5625,0,0,False,0,2,0,0,2
773d849249bf42d4be35e48f8907052d,pharaoh-dev-2.local,43001,workers-min,256x256x8,completed,lava-shield revision 1 seed 43001 [complete]: ,100,2,100,8,50,8,100,8,5,100,8,100,1,0.860815,0.469727,449,0.5,0.5625,10,6,False,0,2,0,0,2
a68fcd91df60b5a975701d76ea75a408,pharaoh-dev-2.local,43002,workers-max,256x256x8,completed,lava-shield revision 1 seed 43002 [complete]: ,100,2,100,8,50,8,100,8,5,100,8,100,8,0.891402,0.519238,544,0.583333,0.71875,10,8,False,0,2,0,0,2
6e2adffe65ec2fd0e844f8ee7fe0110e,pharaoh-dev-2.local,41001,baseline,256x512x2,completed,lava-shield revision 1 seed 41001 [complete]: ,100,2,100,9,50,8,100,2,5,100,8,100,4,0.981287,0.603621,931,0.625,0.71875,10,6,False,0,2,0,0,2
d6be2e2d8640843566fa61cb1ebc2817,pharaoh-dev-1.local,41002,baseline,256x512x2,completed,lava-shield revision 1 seed 41002 [complete]: ,100,2,100,9,50,8,100,2,5,100,8,100,4,0.970645,0.610631,935,0.583333,0.6875,10,6,False,0,2,0,0,2
e9d10be5c07ea4ac75663914256ecdf5,pharaoh-dev-1.local,42001,high-geometry,256x512x2,completed,lava-shield revision 1 seed 42001 [complete]: ,100,3,100,9,75,12,100,2,9,100,8,100,4,0.982756,0.612153,960,0.625,0.71875,27,23,False,0,2,0,0,2
3c3d2c853dfe7b384528fd3ad650b211,pharaoh-dev-1.local,42001,low-geometry,256x512x2,completed,lava-shield revision 1 seed 42001 [complete]: ,100,0,100,9,25,6,100,2,3,100,8,100,4,0.992366,0.62644,875,0.625,0.71875,0,0,False,0,2,0,0,2
59344232241e5f934ed6f2d348171f1f,pharaoh-dev-1.local,42002,high-geometry,256x512x2,completed,lava-shield revision 1 seed 42002 [complete]: ,100,3,100,9,75,12,100,2,9,100,8,100,4,0.973468,0.609973,912,0.625,0.71875,27,14,False,0,2,0,0,2
2d1ff8fe4501bb8a11d0ec9a1d9609da,pharaoh-dev-3.local,42002,low-geometry,256x512x2,completed,lava-shield revision 1 seed 42002 [complete]: ,100,0,100,9,25,6,100,2,3,100,8,100,4,0.989288,0.625795,955,0.625,0.71875,0,0,False,0,2,0,0,2
7e0759f22206ad8311dd048c0e0915f6,pharaoh-dev-3.local,42003,high-geometry,256x512x2,completed,lava-shield revision 1 seed 42003 [complete]: ,100,3,100,9,75,12,100,2,9,100,8,100,4,0.989607,0.620057,641,0.625,0.71875,27,20,False,0,2,0,0,2
f9f6c72bfd21b161d7464293307ebe10,pharaoh-dev-3.local,42003,low-geometry,256x512x2,completed,lava-shield revision 1 seed 42003 [complete]: ,100,0,100,9,25,6,100,2,3,100,8,100,4,0.997627,0.621583,821,0.625,0.71875,0,0,False,0,2,0,0,2
3deffa40c985c3a8f61df7d97278138a,pharaoh-dev-3.local,43001,workers-min,256x512x2,completed,lava-shield revision 1 seed 43001 [complete]: ,100,2,100,9,50,8,100,2,5,100,8,100,1,0.990052,0.60236,607,0.625,0.71875,10,7,False,0,2,0,0,2
e432d2274d142bd68e27cfe2c5a47c83,pharaoh-dev-3.local,43002,workers-max,256x512x2,completed,lava-shield revision 1 seed 43002 [complete]: ,100,2,100,9,50,8,100,2,5,100,8,100,8,0.996537,0.645101,843,0.625,0.71875,10,10,False,0,2,0,0,2
67bff901b6d18f2b3fbf8955583650e9,pharaoh-dev-3.local,41001,baseline,256x512x4,completed,lava-shield revision 1 seed 41001 [complete]: ,100,2,100,9,50,8,100,4,5,100,8,100,4,0.928307,0.559229,913,0.625,0.71875,10,6,False,0,2,0,0,2
8edec9b35f9132e4c21e259b8695c469,pharaoh-dev-2.local,41002,baseline,256x512x4,completed,lava-shield revision 1 seed 41002 [complete]: ,100,2,100,9,50,8,100,4,5,100,8,100,4,0.976097,0.595034,778,0.583333,0.65625,10,6,False,0,2,0,0,2
2c906a72e09c420b8eed10e4511c05b7,pharaoh-dev-2.local,42001,high-geometry,256x512x4,completed,lava-shield revision 1 seed 42001 [complete]: ,100,3,100,9,75,12,100,4,9,100,8,100,4,0.965713,0.608388,795,0.625,0.71875,27,23,False,0,2,0,0,2
ea01d263e302295babe818e26f4fe711,pharaoh-dev-2.local,42001,low-geometry,256x512x4,completed,lava-shield revision 1 seed 42001 [complete]: ,100,0,100,9,25,6,100,4,3,100,8,100,4,0.964417,0.598475,904,0.583333,0.6875,0,0,False,0,2,0,0,2
b8d774de5042d1b9e1660a60513f1bb4,pharaoh-dev-2.local,42002,high-geometry,256x512x4,completed,lava-shield revision 1 seed 42002 [complete]: ,100,3,100,9,75,12,100,4,9,100,8,100,4,0.928669,0.540744,876,0.583333,0.625,27,14,False,0,2,0,0,2
842db6df6ca9aeec28f2f07973844cd3,pharaoh-dev-2.local,42002,low-geometry,256x512x4,completed,lava-shield revision 1 seed 42002 [complete]: ,100,0,100,9,25,6,100,4,3,100,8,100,4,0.932871,0.563122,736,0.625,0.6875,0,0,False,0,2,0,0,2
2e433b586476fd20574feccfad8a6ea1,pharaoh-dev-2.local,42003,high-geometry,256x512x4,completed,lava-shield revision 1 seed 42003 [complete]: ,100,3,100,9,75,12,100,4,9,100,8,100,4,0.923359,0.54597,434,0.625,0.71875,27,20,False,0,2,0,0,2
92ed1649c33a5652b12ed6c23ae19684,pharaoh-dev-1.local,42003,low-geometry,256x512x4,completed,lava-shield revision 1 seed 42003 [complete]: ,100,0,100,9,25,6,100,4,3,100,8,100,4,0.941894,0.579564,840,0.625,0.71875,0,0,False,0,2,0,0,2
d58ba3ff292649a270ee5b427705c27a,pharaoh-dev-1.local,43001,workers-min,256x512x4,completed,lava-shield revision 1 seed 43001 [complete]: ,100,2,100,9,50,8,100,4,5,100,8,100,1,0.930668,0.52281,675,0.541667,0.5625,10,7,False,0,2,0,0,2
ad7c9965d35226451b2e03c3afeb4cd5,pharaoh-dev-1.local,43002,workers-max,256x512x4,completed,lava-shield revision 1 seed 43002 [complete]: ,100,2,100,9,50,8,100,4,5,100,8,100,8,0.960151,0.593984,855,0.583333,0.71875,10,10,False,0,2,0,0,2
4befa48009c03ea7fe639acb55a431c1,pharaoh-dev-1.local,41001,baseline,256x512x8,completed,lava-shield revision 1 seed 41001 [complete]: ,100,2,100,9,50,8,100,8,5,100,8,100,4,0.893047,0.524365,846,0.541667,0.65625,10,6,False,0,2,0,0,2
67212a7269d85f6cb7daab3fc24a1579,pharaoh-dev-1.local,41002,baseline,256x512x8,completed,lava-shield revision 1 seed 41002 [complete]: ,100,2,100,9,50,8,100,8,5,100,8,100,4,0.936308,0.565272,499,0.541667,0.65625,10,6,False,0,2,0,0,2
08886365e8480d97567f39421b3b2381,pharaoh-dev-1.local,42001,high-geometry,256x512x8,completed,lava-shield revision 1 seed 42001 [complete]: ,100,3,100,9,75,8,100,8,5,100,8,100,4,0.927376,0.544063,645,0.541667,0.71875,15,9,False,0,2,0,0,2
0f8748a53fade4c3d1576df580595112,pharaoh-dev-3.local,42001,low-geometry,256x512x8,completed,lava-shield revision 1 seed 42001 [complete]: ,100,0,100,9,25,6,100,8,3,100,8,100,4,0.925447,0.562669,770,0.583333,0.65625,0,0,False,0,2,0,0,2
6b5fa6f04ea132df2bee59b76141bcec,pharaoh-dev-3.local,42002,high-geometry,256x512x8,completed,lava-shield revision 1 seed 42002 [complete]: ,100,3,100,9,75,8,100,8,5,100,8,100,4,0.929641,0.553047,773,0.583333,0.65625,15,10,False,0,2,0,0,2
c2100e504cde0cd779e77d2b784561ab,pharaoh-dev-3.local,42002,low-geometry,256x512x8,completed,lava-shield revision 1 seed 42002 [complete]: ,100,0,100,9,25,6,100,8,3,100,8,100,4,0.8993,0.52427,801,0.583333,0.65625,0,0,False,0,2,0,0,2
b3befcbe2c16fc5f749cb6ee0d214a99,pharaoh-dev-3.local,42003,high-geometry,256x512x8,completed,lava-shield revision 1 seed 42003 [complete]: ,100,3,100,9,75,8,100,8,5,100,8,100,4,0.913767,0.533989,913,0.583333,0.53125,15,12,False,0,2,0,0,2
13e9783b2c1730abf76a248f06cc76e5,pharaoh-dev-3.local,42003,low-geometry,256x512x8,completed,lava-shield revision 1 seed 42003 [complete]: ,100,0,100,9,25,6,100,8,3,100,8,100,4,0.943222,0.566533,715,0.541667,0.6875,0,0,False,0,2,0,0,2
37993ef988489b770b58be95182edf85,pharaoh-dev-3.local,43001,workers-min,256x512x8,completed,lava-shield revision 1 seed 43001 [complete]: ,100,2,100,9,50,8,100,8,5,100,8,100,1,0.856781,0.456454,422,0.541667,0.5625,10,7,False,0,2,0,0,2
d0d71f0329bfb36ee2b94c08b816878f,pharaoh-dev-2.local,43002,workers-max,256x512x8,completed,lava-shield revision 1 seed 43002 [complete]: ,100,2,100,9,50,8,100,8,5,100,8,100,8,0.934465,0.564481,708,0.625,0.6875,10,10,False,0,2,0,0,2
959a477e9a86c789d38ecfe13e80b5a5,pharaoh-dev-2.local,41001,baseline,512x256x2,completed,lava-shield revision 1 seed 41001 [complete]: ,100,2,100,8,50,8,100,2,5,100,9,100,4,0.999195,0.64612,1105,0.625,0.71875,10,8,False,0,2,0,0,2
ef6d8d8afaa1967bedce64490ab88831,pharaoh-dev-2.local,41002,baseline,512x256x2,completed,lava-shield revision 1 seed 41002 [complete]: ,100,2,100,8,50,8,100,2,5,100,9,100,4,0.998688,0.62443,779,0.625,0.6875,10,6,False,0,2,0,0,2
c4957760e2498a0b0c229878d4869a44,pharaoh-dev-2.local,42001,high-geometry,512x256x2,completed,lava-shield revision 1 seed 42001 [complete]: ,100,3,100,8,75,12,100,2,9,100,9,100,4,0.984627,0.611074,887,0.625,0.71875,27,21,False,0,2,0,0,2
b28ee959d0cf4fad11cc90b9deb9a066,pharaoh-dev-2.local,42001,low-geometry,512x256x2,completed,lava-shield revision 1 seed 42001 [complete]: ,100,0,100,8,25,6,100,2,3,100,9,100,4,0.990623,0.628276,1003,0.625,0.6875,0,0,False,0,2,0,0,2
9506cd7437e3604f649b1d6d46af3a23,pharaoh-dev-2.local,42002,high-geometry,512x256x2,completed,lava-shield revision 1 seed 42002 [complete]: ,100,3,100,8,75,12,100,2,9,100,9,100,4,0.991173,0.615361,862,0.625,0.71875,27,13,False,0,2,0,0,2
f9ba8ba6ebcb55e93662101302df45ec,pharaoh-dev-1.local,42002,low-geometry,512x256x2,completed,lava-shield revision 1 seed 42002 [complete]: ,100,0,100,8,25,6,100,2,3,100,9,100,4,0.984358,0.609692,1075,0.583333,0.71875,0,0,False,0,2,0,0,2
0b41afa1cb0fbce3d69dc030ebe8ba95,pharaoh-dev-1.local,42003,high-geometry,512x256x2,completed,lava-shield revision 1 seed 42003 [complete]: ,100,3,100,8,75,12,100,2,9,100,9,100,4,0.97094,0.594313,843,0.625,0.65625,27,21,False,0,2,0,0,2
fe0253fe67d769e739c7c53675fb001a,pharaoh-dev-1.local,42003,low-geometry,512x256x2,completed,lava-shield revision 1 seed 42003 [complete]: ,100,0,100,8,25,6,100,2,3,100,9,100,4,0.963097,0.59526,926,0.625,0.71875,0,0,False,0,2,0,0,2
22c7dc1c18a169ae1a1ccc4fca770694,pharaoh-dev-1.local,43001,workers-min,512x256x2,completed,lava-shield revision 1 seed 43001 [complete]: ,100,2,100,8,50,8,100,2,5,100,9,100,1,0.94657,0.551011,705,0.583333,0.59375,10,8,False,0,2,0,0,2
51076174a3990490f55ffaa2b81b545c,pharaoh-dev-1.local,43002,workers-max,512x256x2,completed,lava-shield revision 1 seed 43002 [complete]: ,100,2,100,8,50,8,100,2,5,100,9,100,8,0.95935,0.566569,601,0.583333,0.71875,10,8,False,0,2,0,0,2
8836e91fc914f6ed87c6513a10c005d9,pharaoh-dev-1.local,41001,baseline,512x256x4,completed,lava-shield revision 1 seed 41001 [complete]: ,100,2,100,8,50,8,100,4,5,100,9,100,4,0.972999,0.614604,935,0.625,0.71875,10,8,False,0,2,0,0,2
2b430b633c67cf5491790c32fed7c834,pharaoh-dev-3.local,41002,baseline,512x256x4,completed,lava-shield revision 1 seed 41002 [complete]: ,100,2,100,8,50,8,100,4,5,100,9,100,4,0.937484,0.565658,875,0.541667,0.71875,10,6,False,0,2,0,0,2
517876d013be4441af3bcbdb7f8159f5,pharaoh-dev-3.local,42001,high-geometry,512x256x4,completed,lava-shield revision 1 seed 42001 [complete]: ,100,3,100,8,75,12,100,4,9,100,9,100,4,0.944779,0.569578,837,0.583333,0.6875,27,21,False,0,2,0,0,2
6f4ad33c41f7766e9760f937b6ca2466,pharaoh-dev-3.local,42001,low-geometry,512x256x4,completed,lava-shield revision 1 seed 42001 [complete]: ,100,0,100,8,25,6,100,4,3,100,9,100,4,0.967813,0.600088,984,0.625,0.71875,0,0,False,0,2,0,0,2
81074aafae12c3de006de2c0b70c374d,pharaoh-dev-3.local,42002,high-geometry,512x256x4,completed,lava-shield revision 1 seed 42002 [complete]: ,100,3,100,8,75,12,100,4,9,100,9,100,4,0.915872,0.545697,829,0.541667,0.65625,27,13,False,0,2,0,0,2
2f1ced50b038006e3bb4187b5481ee5a,pharaoh-dev-3.local,42002,low-geometry,512x256x4,completed,lava-shield revision 1 seed 42002 [complete]: ,100,0,100,8,25,6,100,4,3,100,9,100,4,0.933126,0.567418,971,0.625,0.71875,0,0,False,0,2,0,0,2
61a85ef5e399ead33b3d38d097a32b61,pharaoh-dev-3.local,42003,high-geometry,512x256x4,completed,lava-shield revision 1 seed 42003 [complete]: ,100,3,100,8,75,12,100,4,9,100,9,100,4,0.966464,0.595701,855,0.625,0.6875,27,21,False,0,2,0,0,2
32bc651c18f5f50bb3500d2263e33672,pharaoh-dev-2.local,42003,low-geometry,512x256x4,completed,lava-shield revision 1 seed 42003 [complete]: ,100,0,100,8,25,6,100,4,3,100,9,100,4,0.948001,0.579721,939,0.625,0.65625,0,0,False,0,2,0,0,2
5c187f09e2d595df15ddd5ef33a40dab,pharaoh-dev-2.local,43001,workers-min,512x256x4,completed,lava-shield revision 1 seed 43001 [complete]: ,100,2,100,8,50,8,100,4,5,100,9,100,1,0.897677,0.497095,547,0.541667,0.53125,10,8,False,0,2,0,0,2
252e2766e3d26a92f9de88f53187cab4,pharaoh-dev-2.local,43002,workers-max,512x256x4,completed,lava-shield revision 1 seed 43002 [complete]: ,100,2,100,8,50,8,100,4,5,100,9,100,8,0.962474,0.594158,552,0.583333,0.71875,10,8,False,0,2,0,0,2
ce94ec6870b926dddbb825ddd7a8b8e9,pharaoh-dev-2.local,41001,baseline,512x256x8,completed,lava-shield revision 1 seed 41001 [complete]: ,100,2,100,8,50,8,100,8,5,100,9,100,4,0.951238,0.584482,888,0.583333,0.6875,10,8,False,0,2,0,0,2
2d663be549b07a4b48fb5073e1559759,pharaoh-dev-2.local,41002,baseline,512x256x8,completed,lava-shield revision 1 seed 41002 [complete]: ,100,2,100,8,50,8,100,8,5,100,9,100,4,0.935694,0.563559,705,0.583333,0.625,10,6,False,0,2,0,0,2
f9525a50e3da87ea5c825d4eeed974d9,pharaoh-dev-2.local,42001,high-geometry,512x256x8,completed,lava-shield revision 1 seed 42001 [complete]: ,100,3,100,8,75,8,100,8,5,100,9,100,4,0.916164,0.544826,564,0.583333,0.6875,15,10,False,0,2,0,0,2
3f0b8bcc97ff4afc3938e33b7c769753,pharaoh-dev-1.local,42001,low-geometry,512x256x8,completed,lava-shield revision 1 seed 42001 [complete]: ,100,0,100,8,25,6,100,8,3,100,9,100,4,0.952946,0.580276,897,0.583333,0.6875,0,0,False,0,2,0,0,2
f101f57613d7869744e3364d0b8d7b1d,pharaoh-dev-1.local,42002,high-geometry,512x256x8,completed,lava-shield revision 1 seed 42002 [complete]: ,100,3,100,8,75,8,100,8,5,100,9,100,4,0.903026,0.528908,531,0.625,0.65625,15,12,False,0,2,0,0,2
252d27068e9ea0f9644028585e422e88,pharaoh-dev-1.local,42002,low-geometry,512x256x8,completed,lava-shield revision 1 seed 42002 [complete]: ,100,0,100,8,25,6,100,8,3,100,9,100,4,0.932329,0.564652,890,0.625,0.6875,0,0,False,0,2,0,0,2
4e786d283054a02b4a5f6ff8290a9419,pharaoh-dev-1.local,42003,high-geometry,512x256x8,completed,lava-shield revision 1 seed 42003 [complete]: ,100,3,100,8,75,8,100,8,5,100,9,100,4,0.918173,0.526854,427,0.541667,0.65625,15,13,False,0,2,0,0,2
feedfc8483ad42c0cd1f1e3f3d1f722f,pharaoh-dev-1.local,42003,low-geometry,512x256x8,completed,lava-shield revision 1 seed 42003 [complete]: ,100,0,100,8,25,6,100,8,3,100,9,100,4,0.913546,0.537933,732,0.625,0.5625,0,0,False,0,2,0,0,2
40eda068226cc51cf14df1a7a5757041,pharaoh-dev-1.local,43001,workers-min,512x256x8,completed,lava-shield revision 1 seed 43001 [complete]: ,100,2,100,8,50,8,100,8,5,100,9,100,1,0.859837,0.476951,521,0.541667,0.5625,10,8,False,0,2,0,0,2
9b554f34d3c096e25653a5e71e38e2a0,pharaoh-dev-3.local,43002,workers-max,512x256x8,completed,lava-shield revision 1 seed 43002 [complete]: ,100,2,100,8,50,8,100,8,5,100,9,100,8,0.936327,0.568772,562,0.625,0.71875,10,8,False,0,2,0,0,2
b74d1377c7fb3766cd2f31ac7e71a8ec,pharaoh-dev-3.local,41001,baseline,512x512x2,completed,lava-shield revision 1 seed 41001 [complete]: ,100,2,100,9,50,8,100,2,5,100,9,100,4,0.993108,0.641923,1011,0.625,0.71875,10,7,False,0,2,0,0,2
ad7af657b12e820715b00a341856ddce,pharaoh-dev-3.local,41002,baseline,512x512x2,completed,lava-shield revision 1 seed 41002 [complete]: ,100,2,100,9,50,8,100,2,5,100,9,100,4,0.987958,0.626461,1037,0.625,0.6875,10,10,False,0,2,0,0,2
88852ba61af5a87af0a34cc426ecd852,pharaoh-dev-3.local,42001,high-geometry,512x512x2,completed,lava-shield revision 1 seed 42001 [complete]: ,100,3,100,9,75,12,100,2,9,100,9,100,4,0.995909,0.628411,1034,0.625,0.6875,27,22,False,0,2,0,0,2
7daa4b49aca3f292e91346900cd49728,pharaoh-dev-3.local,42001,low-geometry,512x512x2,completed,lava-shield revision 1 seed 42001 [complete]: ,100,0,100,9,25,6,100,2,3,100,9,100,4,0.999698,0.633784,1023,0.583333,0.71875,0,0,False,0,2,0,0,2
6a1b0c15f8ccaca5f288e4ec1d20456a,pharaoh-dev-3.local,42002,high-geometry,512x512x2,completed,lava-shield revision 1 seed 42002 [complete]: ,100,3,100,9,75,12,100,2,9,100,9,100,4,0.994104,0.632735,1064,0.583333,0.71875,27,21,False,0,2,0,0,2
c25ef655f258bafde633a2c71ae6b81e,pharaoh-dev-3.local,42002,low-geometry,512x512x2,completed,lava-shield revision 1 seed 42002 [complete]: ,100,0,100,9,25,6,100,2,3,100,9,100,4,0.993045,0.605352,1103,0.625,0.71875,0,0,False,0,2,0,0,2
4fad4918f0e1eb1618cc76ee4ac2281b,pharaoh-dev-3.local,42003,high-geometry,512x512x2,completed,lava-shield revision 1 seed 42003 [complete]: ,100,3,100,9,75,12,100,2,9,100,9,100,4,0.987738,0.631636,844,0.625,0.71875,27,20,False,0,2,0,0,2
793ecd464544f6e5057b1eb0f22c2de4,pharaoh-dev-3.local,42003,low-geometry,512x512x2,completed,lava-shield revision 1 seed 42003 [complete]: ,100,0,100,9,25,6,100,2,3,100,9,100,4,0.994171,0.632748,879,0.625,0.65625,0,0,False,0,2,0,0,2
702642d16ec63983ac1f46217bb7d29a,pharaoh-dev-3.local,43001,workers-min,512x512x2,completed,lava-shield revision 1 seed 43001 [complete]: ,100,2,100,9,50,8,100,2,5,100,9,100,1,0.921259,0.541494,646,0.625,0.71875,10,6,False,0,2,0,0,2
a253eb36c6dc3806138d30c5f4659432,pharaoh-dev-3.local,43002,workers-max,512x512x2,completed,lava-shield revision 1 seed 43002 [complete]: ,100,2,100,9,50,8,100,2,5,100,9,100,8,0.988015,0.634321,1210,0.625,0.71875,10,9,False,0,2,0,0,2
47a47a920612e8c191bd44560f4204af,pharaoh-dev-2.local,41001,baseline,512x512x4,completed,lava-shield revision 1 seed 41001 [complete]: ,100,2,100,9,50,8,100,4,5,100,9,100,4,0.981642,0.624008,994,0.625,0.6875,10,7,False,0,2,0,0,2
befe411bd42c08bad156ed80e7b124d6,pharaoh-dev-2.local,41002,baseline,512x512x4,completed,lava-shield revision 1 seed 41002 [complete]: ,100,2,100,9,50,8,100,4,5,100,9,100,4,0.935009,0.563988,714,0.583333,0.6875,10,10,False,0,2,0,0,2
4dd2c8c4df196705d4a8e8186b51ba23,pharaoh-dev-2.local,42001,high-geometry,512x512x4,completed,lava-shield revision 1 seed 42001 [complete]: ,100,3,100,9,75,12,100,4,9,100,9,100,4,0.989753,0.611109,644,0.625,0.71875,27,22,False,0,2,0,0,2
ed30eac8895b7faeeb721d7f193fc062,pharaoh-dev-2.local,42001,low-geometry,512x512x4,completed,lava-shield revision 1 seed 42001 [complete]: ,100,0,100,9,25,6,100,4,3,100,9,100,4,0.977428,0.621303,901,0.583333,0.71875,0,0,False,0,2,0,0,2
f5c6b4246513ef809cefaea4465b3161,pharaoh-dev-2.local,42002,high-geometry,512x512x4,completed,lava-shield revision 1 seed 42002 [complete]: ,100,3,100,9,75,12,100,4,9,100,9,100,4,0.960145,0.598939,960,0.583333,0.71875,27,21,True,0,2,0,0,2
12dcc08b6f2296240c9b6c095bcf153b,pharaoh-dev-2.local,42002,low-geometry,512x512x4,completed,lava-shield revision 1 seed 42002 [complete]: ,100,0,100,9,25,6,100,4,3,100,9,100,4,0.952201,0.590058,928,0.625,0.71875,0,0,False,0,2,0,0,2
4be9ba373179d8f4eb22bdacaf44cde5,pharaoh-dev-1.local,42003,high-geometry,512x512x4,completed,lava-shield revision 1 seed 42003 [complete]: ,100,3,100,9,75,12,100,4,9,100,9,100,4,0.931168,0.550252,448,0.583333,0.6875,27,20,True,0,2,0,0,2
7e44f5d78287f462b4c8413284c5b74d,therig.local,42003,low-geometry,512x512x4,completed,lava-shield revision 1 seed 42003 [complete]: ,100,0,100,9,25,6,100,4,3,100,9,100,4,0.977398,0.617545,939,0.625,0.6875,0,0,False,0,2,0,0,2
b989146aabb18be62a92b52574086a8c,therig.local,43001,workers-min,512x512x4,completed,lava-shield revision 1 seed 43001 [complete]: ,100,2,100,9,50,8,100,4,5,100,9,100,1,0.969186,0.531205,778,0.416667,0.5625,10,6,False,0,2,0,0,2
f0ef2b6ea446ae698dc4a3334a919bf1,therig.local,43002,workers-max,512x512x4,completed,lava-shield revision 1 seed 43002 [complete]: ,100,2,100,9,50,8,100,4,5,100,9,100,8,0.993605,0.641652,949,0.625,0.71875,10,9,False,0,2,0,0,2
55f4788ab7f84e7bdc06c529d509b8d0,therig.local,41001,baseline,512x512x8,completed,lava-shield revision 1 seed 41001 [complete]: ,100,2,100,9,50,8,100,8,5,100,9,100,4,0.911312,0.538007,823,0.625,0.71875,10,7,False,0,2,0,0,2
54acb252f1570760734d729e962c2eee,therig.local,41002,baseline,512x512x8,completed,lava-shield revision 1 seed 41002 [complete]: ,100,2,100,9,50,8,100,8,5,100,9,100,4,0.853297,0.471016,485,0.458333,0.65625,10,10,False,0,2,0,0,2
e48a1f52737cede89dff4dcc4090704a,therig.local,42001,high-geometry,512x512x8,completed,lava-shield revision 1 seed 42001 [complete]: ,100,3,100,9,75,12,100,8,9,100,9,100,4,0.91944,0.542923,595,0.5,0.6875,27,22,False,0,2,0,0,2
c669ba18a3feae917480f76c9b1db0a7,therig.local,42001,low-geometry,512x512x8,completed,lava-shield revision 1 seed 42001 [complete]: ,100,0,100,9,25,6,100,8,3,100,9,100,4,0.937141,0.572493,870,0.625,0.65625,0,0,False,0,2,0,0,2
eb1d98599598747686052d9f4962e60a,therig.local,42002,high-geometry,512x512x8,completed,lava-shield revision 1 seed 42002 [complete]: ,100,3,100,9,75,12,100,8,9,100,9,100,4,0.930767,0.560809,786,0.541667,0.6875,27,21,True,0,2,0,0,2
eb213a8bec6252fa6c483587192d56b6,therig.local,42002,low-geometry,512x512x8,completed,lava-shield revision 1 seed 42002 [complete]: ,100,0,100,9,25,6,100,8,3,100,9,100,4,0.949534,0.57352,835,0.625,0.65625,0,0,False,0,2,0,0,2
2bb949a77374353120f3aabc821a898e,therig.local,42003,high-geometry,512x512x8,completed,lava-shield revision 1 seed 42003 [complete]: ,100,3,100,9,75,12,100,8,9,100,9,100,4,0.895736,0.525454,448,0.541667,0.6875,27,20,True,0,2,0,0,2
fd4b50cb979a0af0de0224f891fff0ba,therig.local,42003,low-geometry,512x512x8,completed,lava-shield revision 1 seed 42003 [complete]: ,100,0,100,9,25,6,100,8,3,100,9,100,4,0.882663,0.504408,674,0.625,0.59375,0,0,False,0,2,0,0,2
54126142cc9140acf8aa50c6d6d7a865,therig.local,43001,workers-min,512x512x8,completed,lava-shield revision 1 seed 43001 [complete]: ,100,2,100,9,50,8,100,8,5,100,9,100,1,0.92248,0.516417,573,0.375,0.5625,10,6,False,0,2,0,0,2
31dc9090e7ad069273f6dbb371004bae,therig.local,43002,workers-max,512x512x8,completed,lava-shield revision 1 seed 43002 [complete]: ,100,2,100,9,50,8,100,8,5,100,9,100,8,0.92677,0.558051,327,0.625,0.6875,10,9,False,0,2,0,0,2
06eb5b86f53b8f1a17e17f5a26ff0c41,therig.local,41001,baseline,512x512x12,completed,lava-shield revision 1 seed 41001 [complete]: ,100,2,100,9,50,8,100,12,5,100,9,100,4,0.927945,0.555832,722,0.583333,0.71875,10,7,False,0,2,0,0,2
7bb286b26a410dd4f5945350fff29227,therig.local,41002,baseline,512x512x12,completed,lava-shield revision 1 seed 41002 [complete]: ,100,2,100,9,50,8,100,12,5,100,9,100,4,0.872717,0.491235,488,0.5,0.625,10,10,False,0,2,0,0,2
4ef9c48cef0434f8d8d66fd72395d274,therig.local,42001,high-geometry,512x512x12,completed,lava-shield revision 1 seed 42001 [complete]: ,100,3,100,9,75,12,100,12,9,100,9,100,4,0.914774,0.539417,576,0.583333,0.6875,27,22,True,0,2,0,0,2
43e5cd90bb1e702271d4b17d4464e09a,therig.local,42001,low-geometry,512x512x12,completed,lava-shield revision 1 seed 42001 [complete]: ,100,0,100,9,25,6,100,12,3,100,9,100,4,0.917513,0.544909,760,0.541667,0.6875,0,0,False,0,2,0,0,2
7ae45941e2194847a34747cb7c8f83bb,therig.local,42002,high-geometry,512x512x12,completed,lava-shield revision 1 seed 42002 [complete]: ,100,3,100,9,75,12,100,12,9,100,9,100,4,0.898598,0.513797,583,0.583333,0.625,27,21,True,0,2,0,0,2
11f18f4baf081ca4c5b6d7802f762bab,pharaoh-dev-3.local,42002,low-geometry,512x512x12,completed,lava-shield revision 1 seed 42002 [complete]: ,100,0,100,9,25,6,100,12,3,100,9,100,4,0.893267,0.511506,772,0.583333,0.65625,0,0,False,0,2,0,0,2
5eb4cfe6394b7b556861ee0090a0940f,pharaoh-dev-2.local,42003,high-geometry,512x512x12,completed,lava-shield revision 1 seed 42003 [complete]: ,100,3,100,9,75,12,100,12,9,100,9,100,4,0.885609,0.507454,466,0.583333,0.65625,27,20,True,0,2,0,0,2
a02ffd918c330cd09ea0359acbdb4d90,pharaoh-dev-2.local,42003,low-geometry,512x512x12,completed,lava-shield revision 1 seed 42003 [complete]: ,100,0,100,9,25,6,100,12,3,100,9,100,4,0.859809,0.476385,561,0.541667,0.5625,0,0,False,0,2,0,0,2
097c425927080e8cae51cfe8ad7811d5,pharaoh-dev-2.local,43001,workers-min,512x512x12,completed,lava-shield revision 1 seed 43001 [complete]: ,100,2,100,9,50,8,100,12,5,100,9,100,1,0.859246,0.463984,547,0.5,0.5625,10,6,False,0,2,0,0,2
4ad2fc3203defe5252f2f9821f216f5a,pharaoh-dev-2.local,43002,workers-max,512x512x12,completed,lava-shield revision 1 seed 43002 [complete]: ,100,2,100,9,50,8,100,12,5,100,9,100,8,0.902848,0.525295,433,0.583333,0.71875,10,9,False,0,2,0,0,2
34500e8fbd5eaac1c2e6fbdd6552af3b,pharaoh-dev-2.local,44001,wheat-amount-0,128x128x2,completed,lava-shield revision 1 seed 44001 [complete]: ,100,2,100,7,50,8,100,2,5,0,7,100,4,0.911433,0.502942,380,0.583333,0.6875,10,5,False,0,2,0,0,2
8027aed6efe1c5866b824179fa97aef7,pharaoh-dev-2.local,44002,wheat-amount-0,128x128x2,completed,lava-shield revision 1 seed 44002 [complete]: ,100,2,100,7,50,8,100,2,5,0,7,100,4,0.986809,0.573026,443,0.625,0.71875,10,5,False,0,2,0,0,2
9065058fd6c81283097c389377d2d267,pharaoh-dev-1.local,44001,wheat-amount-300,128x128x2,completed,lava-shield revision 1 seed 44001 [complete]: ,100,2,100,7,50,8,100,2,5,300,7,100,4,0.95852,0.527933,202,0.583333,0.71875,10,5,False,0,2,0,0,2
541b7095ca5a25d8fa4483d57540bdf2,pharaoh-dev-1.local,44002,wheat-amount-300,128x128x2,completed,lava-shield revision 1 seed 44002 [complete]: ,100,2,100,7,50,8,100,2,5,300,7,100,4,0.999251,0.569862,164,0.625,0.71875,10,5,False,0,2,0,0,2
a9a011a61b556911cfd7b3b603fe39f4,pharaoh-dev-1.local,44001,wood-amount-0,128x128x2,completed,lava-shield revision 1 seed 44001 [complete]: ,100,2,100,7,50,8,100,2,5,100,7,0,4,0.873153,0.47637,361,0.583333,0.71875,10,5,False,0,2,0,0,2
a731ba5901c05fd2f7a1ea31c865a7b1,pharaoh-dev-1.local,44002,wood-amount-0,128x128x2,completed,lava-shield revision 1 seed 44002 [complete]: ,100,2,100,7,50,8,100,2,5,100,7,0,4,0.997194,0.58617,283,0.625,0.71875,10,5,False,0,2,0,0,2
0558b7b935689c4abd3f48c4437953ca,pharaoh-dev-1.local,44001,wood-amount-300,128x128x2,completed,lava-shield revision 1 seed 44001 [complete]: ,100,2,100,7,50,8,100,2,5,100,7,300,4,0.958206,0.549331,215,0.583333,0.71875,10,5,False,0,2,0,0,2
0eb08c6527d7befeb89de7bcfd2dbeaf,pharaoh-dev-1.local,44002,wood-amount-300,128x128x2,completed,lava-shield revision 1 seed 44002 [complete]: ,100,2,100,7,50,8,100,2,5,100,7,300,4,0.979915,0.55706,250,0.625,0.71875,10,5,False,0,2,0,0,2
b0c6ad6838038ecf0d773778e987f29e,pharaoh-dev-1.local,44001,stone-amount-0,128x128x2,completed,lava-shield revision 1 seed 44001 [complete]: ,100,2,100,7,50,8,0,2,5,100,7,100,4,0.901531,0.505538,299,0.583333,0.6875,10,5,False,0,2,0,0,2
944e5c2093fad8213967be37189fe726,pharaoh-dev-1.local,44002,stone-amount-0,128x128x2,completed,lava-shield revision 1 seed 44002 [complete]: ,100,2,100,7,50,8,0,2,5,100,7,100,4,0.995786,0.585131,242,0.625,0.6875,10,5,False,0,2,0,0,2
85550d8629a01458957358f6fbb0185d,pharaoh-dev-1.local,44001,stone-amount-300,128x128x2,completed,lava-shield revision 1 seed 44001 [complete]: ,100,2,100,7,50,8,300,2,5,100,7,100,4,0.901943,0.505769,299,0.583333,0.6875,10,5,False,0,2,0,0,2
2288973a7a3b3a60cd4e2072ce322cf2,pharaoh-dev-1.local,44002,stone-amount-300,128x128x2,completed,lava-shield revision 1 seed 44002 [complete]: ,100,2,100,7,50,8,300,2,5,100,7,100,4,0.995072,0.584292,242,0.625,0.6875,10,5,False,0,2,0,0,2
dd55480f4c46643aa90e98fafde0f4eb,pharaoh-dev-1.local,44001,algae-amount-0,128x128x2,completed,lava-shield revision 1 seed 44001 [complete]: ,0,2,100,7,50,8,100,2,5,100,7,100,4,0.901943,0.505769,299,0.583333,0.6875,10,5,False,0,2,0,0,2
df55d9c370dd4791cd7fef20e1256e0f,pharaoh-dev-3.local,44002,algae-amount-0,128x128x2,completed,lava-shield revision 1 seed 44002 [complete]: ,0,2,100,7,50,8,100,2,5,100,7,100,4,0.995786,0.585131,242,0.625,0.6875,10,5,False,0,2,0,0,2
f56bfafe52af6d0db1ddb895bcc66a0d,pharaoh-dev-3.local,44001,algae-amount-300,128x128x2,completed,lava-shield revision 1 seed 44001 [complete]: ,300,2,100,7,50,8,100,2,5,100,7,100,4,0.901943,0.505769,299,0.583333,0.6875,10,5,False,0,2,0,0,2
f731f8fc74dcead66b1d402f916bf9b1,pharaoh-dev-3.local,44002,algae-amount-300,128x128x2,completed,lava-shield revision 1 seed 44002 [complete]: ,300,2,100,7,50,8,100,2,5,100,7,100,4,0.995786,0.585131,242,0.625,0.6875,10,5,False,0,2,0,0,2
3025acda5cc8ff36f8525a9806113732,pharaoh-dev-3.local,44001,fruit-amount-0,128x128x2,completed,lava-shield revision 1 seed 44001 [complete]: ,100,2,0,7,50,8,100,2,5,100,7,100,4,0.901722,0.505816,301,0.583333,0.6875,10,5,False,0,2,0,0,2
716e94c4abeb2855d7d28152ab8d5b03,pharaoh-dev-3.local,44002,fruit-amount-0,128x128x2,completed,lava-shield revision 1 seed 44002 [complete]: ,100,2,0,7,50,8,100,2,5,100,7,100,4,0.996965,0.586689,245,0.625,0.6875,10,5,False,0,2,0,0,2
8e45f731a495eef65cf340da72f70746,pharaoh-dev-3.local,44001,fruit-amount-300,128x128x2,completed,lava-shield revision 1 seed 44001 [complete]: ,100,2,300,7,50,8,100,2,5,100,7,100,4,0.90233,0.504276,281,0.583333,0.6875,10,5,False,0,2,0,0,2
9f306fbd89407b437b164c53fed03072,pharaoh-dev-2.local,44002,fruit-amount-300,128x128x2,completed,lava-shield revision 1 seed 44002 [complete]: ,100,2,300,7,50,8,100,2,5,100,7,100,4,0.99398,0.583148,244,0.625,0.6875,10,5,False,0,2,0,0,2
1917aa8a96797c8cdbd0ab7567a18b1c,pharaoh-dev-2.local,44003,all-resources-0,128x128x2,completed,lava-shield revision 1 seed 44003 [complete]: ,0,2,0,7,50,8,0,2,5,0,7,0,4,0.999478,0.587274,810,0.583333,0.6875,10,4,False,0,2,0,0,2
7f8e9db1649aed2502ae78aab2fa684d,pharaoh-dev-2.local,44004,all-resources-0,128x128x2,completed,lava-shield revision 1 seed 44004 [complete]: ,0,2,0,7,50,8,0,2,5,0,7,0,4,0.950888,0.527775,700,0.625,0.71875,8,2,False,0,2,0,0,2
c802f4ff824ef282f2a75e873275095b,pharaoh-dev-2.local,44003,all-resources-300,128x128x2,completed,lava-shield revision 1 seed 44003 [complete]: ,300,2,300,7,50,8,300,2,5,300,7,300,4,0.990775,0.576577,295,0.625,0.71875,10,4,False,0,2,0,0,2
f7ffc1a6c1936dcde3e62997bc5ecb0f,pharaoh-dev-1.local,44004,all-resources-300,128x128x2,completed,lava-shield revision 1 seed 44004 [complete]: ,300,2,300,7,50,8,300,2,5,300,7,300,4,0.959023,0.54488,267,0.625,0.71875,8,2,False,0,2,0,0,2
320c8da0665adf94ba77f579e43f77e2,pharaoh-dev-1.local,44001,wheat-amount-0,256x256x4,completed,lava-shield revision 1 seed 44001 [complete]: ,100,2,100,8,50,8,100,4,5,0,8,100,4,0.972816,0.580514,914,0.583333,0.71875,10,8,False,0,2,0,0,2
4f051c3947ad9f06c9b82ac8cbe3fadc,pharaoh-dev-1.local,44002,wheat-amount-0,256x256x4,completed,lava-shield revision 1 seed 44002 [complete]: ,100,2,100,8,50,8,100,4,5,0,8,100,4,0.977566,0.568796,914,0.583333,0.65625,10,9,False,0,2,0,0,2
a7e8424c8b9bbaebca52be03f896775a,pharaoh-dev-1.local,44001,wheat-amount-300,256x256x4,completed,lava-shield revision 1 seed 44001 [complete]: ,100,2,100,8,50,8,100,4,5,300,8,100,4,0.973888,0.59807,692,0.625,0.6875,10,8,False,0,2,0,0,2
ce8f7e858839c5864ed6bc0cf647fde2,pharaoh-dev-1.local,44002,wheat-amount-300,256x256x4,completed,lava-shield revision 1 seed 44002 [complete]: ,100,2,100,8,50,8,100,4,5,300,8,100,4,0.928875,0.542407,502,0.625,0.6875,10,9,False,0,2,0,0,2
cec29ad93048d60cf8595181eca7e5c8,pharaoh-dev-1.local,44001,wood-amount-0,256x256x4,completed,lava-shield revision 1 seed 44001 [complete]: ,100,2,100,8,50,8,100,4,5,100,8,0,4,0.966126,0.608331,836,0.625,0.6875,10,8,False,0,2,0,0,2
8e0e1fc3be2346c2286d90ed9674201d,pharaoh-dev-3.local,44002,wood-amount-0,256x256x4,completed,lava-shield revision 1 seed 44002 [complete]: ,100,2,100,8,50,8,100,4,5,100,8,0,4,0.972608,0.61144,604,0.625,0.6875,10,9,False,0,2,0,0,2
2e7de32fdb8448326f56fda4832c5d66,pharaoh-dev-3.local,44001,wood-amount-300,256x256x4,completed,lava-shield revision 1 seed 44001 [complete]: ,100,2,100,8,50,8,100,4,5,100,8,300,4,0.98209,0.626125,750,0.625,0.71875,10,8,False,0,2,0,0,2
8466b0d7af03cd63b0a6aa42de65b0a9,therig.local,44002,wood-amount-300,256x256x4,completed,lava-shield revision 1 seed 44002 [complete]: ,100,2,100,8,50,8,100,4,5,100,8,300,4,0.958058,0.595173,649,0.625,0.71875,10,9,False,0,2,0,0,2
8fb2d938f47f8553f963d71ce34e227d,therig.local,44001,stone-amount-0,256x256x4,completed,lava-shield revision 1 seed 44001 [complete]: ,100,2,100,8,50,8,0,4,5,100,8,100,4,0.992667,0.641879,824,0.625,0.6875,10,8,False,0,2,0,0,2
19afed10bc28044cc36d99115f753008,therig.local,44002,stone-amount-0,256x256x4,completed,lava-shield revision 1 seed 44002 [complete]: ,100,2,100,8,50,8,0,4,5,100,8,100,4,0.952893,0.59207,546,0.625,0.6875,10,9,False,0,2,0,0,2
3fa6bd3f53681e3e1e6bf8669ff228d7,therig.local,44001,stone-amount-300,256x256x4,completed,lava-shield revision 1 seed 44001 [complete]: ,100,2,100,8,50,8,300,4,5,100,8,100,4,0.993498,0.642438,819,0.625,0.6875,10,8,False,0,2,0,0,2
068b175d059259511e081e4319554506,therig.local,44002,stone-amount-300,256x256x4,completed,lava-shield revision 1 seed 44002 [complete]: ,100,2,100,8,50,8,300,4,5,100,8,100,4,0.953146,0.592227,546,0.625,0.6875,10,9,False,0,2,0,0,2
84418471bdac588d1dec0e8ff261eae6,therig.local,44001,algae-amount-0,256x256x4,completed,lava-shield revision 1 seed 44001 [complete]: ,0,2,100,8,50,8,100,4,5,100,8,100,4,0.993194,0.642221,819,0.625,0.6875,10,8,False,0,2,0,0,2
d50965e2ebef8c8604f459b5b948412b,therig.local,44002,algae-amount-0,256x256x4,completed,lava-shield revision 1 seed 44002 [complete]: ,0,2,100,8,50,8,100,4,5,100,8,100,4,0.952893,0.59207,546,0.625,0.6875,10,9,False,0,2,0,0,2
6cd22fbec143dfe87ad7e13203cc20fe,therig.local,44001,algae-amount-300,256x256x4,completed,lava-shield revision 1 seed 44001 [complete]: ,300,2,100,8,50,8,100,4,5,100,8,100,4,0.993194,0.642221,819,0.625,0.6875,10,8,False,0,2,0,0,2
56549f1282989353ca295a9594846c67,therig.local,44002,algae-amount-300,256x256x4,completed,lava-shield revision 1 seed 44002 [complete]: ,300,2,100,8,50,8,100,4,5,100,8,100,4,0.952893,0.59207,546,0.625,0.6875,10,9,False,0,2,0,0,2
b13339a58ce6a52d60651cdb3ced2f73,therig.local,44001,fruit-amount-0,256x256x4,completed,lava-shield revision 1 seed 44001 [complete]: ,100,2,0,8,50,8,100,4,5,100,8,100,4,0.993194,0.642221,819,0.625,0.6875,10,8,False,0,2,0,0,2
7f4f3357afb7184b6c79eb536d70388e,therig.local,44002,fruit-amount-0,256x256x4,completed,lava-shield revision 1 seed 44002 [complete]: ,100,2,0,8,50,8,100,4,5,100,8,100,4,0.952893,0.59207,546,0.625,0.6875,10,9,False,0,2,0,0,2
434e880f4ecf5dbde386228cdc4890fe,therig.local,44001,fruit-amount-300,256x256x4,completed,lava-shield revision 1 seed 44001 [complete]: ,100,2,300,8,50,8,100,4,5,100,8,100,4,0.993194,0.642221,808,0.625,0.6875,10,8,False,0,2,0,0,2
6519ccf1e1af0bf8a851cb3f16f36b0b,therig.local,44002,fruit-amount-300,256x256x4,completed,lava-shield revision 1 seed 44002 [complete]: ,100,2,300,8,50,8,100,4,5,100,8,100,4,0.952893,0.59207,546,0.625,0.6875,10,9,False,0,2,0,0,2
b0aa9997810fca6f8b459f1b0e51c408,therig.local,44003,all-resources-0,256x256x4,completed,lava-shield revision 1 seed 44003 [complete]: ,0,2,0,8,50,8,0,4,5,0,8,0,4,0.985503,0.554588,1056,0.541667,0.6875,10,9,False,0,2,0,0,2
1cca6e8c33b48253c81b26b675e26ccd,therig.local,44004,all-resources-0,256x256x4,completed,lava-shield revision 1 seed 44004 [complete]: ,0,2,0,8,50,8,0,4,5,0,8,0,4,0.964268,0.543489,1009,0.583333,0.6875,10,8,False,0,2,0,0,2
caf12e30a0ac87e2c39a2ed43d6b7368,therig.local,44003,all-resources-300,256x256x4,completed,lava-shield revision 1 seed 44003 [complete]: ,300,2,300,8,50,8,300,4,5,300,8,300,4,0.92434,0.533828,455,0.625,0.6875,10,9,False,0,2,0,0,2
c5b4a1ba85ae0716a738ff58f7b6dd07,therig.local,44004,all-resources-300,256x256x4,completed,lava-shield revision 1 seed 44004 [complete]: ,300,2,300,8,50,8,300,4,5,300,8,300,4,0.962005,0.579384,799,0.625,0.71875,10,8,False,0,2,0,0,2
bf4acec32686d7cb7363950500ad6ad1,therig.local,44001,wheat-amount-0,512x512x12,completed,lava-shield revision 1 seed 44001 [complete]: ,100,2,100,9,50,8,100,12,5,0,9,100,4,0.920924,0.506798,831,0.541667,0.65625,10,10,False,0,2,0,0,2
3d7e009759e7d4cdfa588aae7444657c,pharaoh-dev-3.local,44002,wheat-amount-0,512x512x12,completed,lava-shield revision 1 seed 44002 [complete]: ,100,2,100,9,50,8,100,12,5,0,9,100,4,0.915871,0.502345,877,0.5,0.65625,10,8,False,0,2,0,0,2
524c337a1a4d5758a7258170c7adab36,pharaoh-dev-3.local,44001,wheat-amount-300,512x512x12,completed,lava-shield revision 1 seed 44001 [complete]: ,100,2,100,9,50,8,100,12,5,300,9,100,4,0.856041,0.465661,603,0.625,0.6875,10,10,False,0,2,0,0,2
5b71968b4bcf170e56d31cf279d11527,pharaoh-dev-3.local,44002,wheat-amount-300,512x512x12,completed,lava-shield revision 1 seed 44002 [complete]: ,100,2,100,9,50,8,100,12,5,300,9,100,4,0.929196,0.558319,723,0.583333,0.65625,10,8,False,0,2,0,0,2
309976986be5741cca70ac0fe941ed7e,pharaoh-dev-3.local,44001,wood-amount-0,512x512x12,completed,lava-shield revision 1 seed 44001 [complete]: ,100,2,100,9,50,8,100,12,5,100,9,0,4,0.922477,0.549005,642,0.583333,0.65625,10,10,False,0,2,0,0,2
3c2b3c8af6321f62934d0703564b911c,pharaoh-dev-3.local,44002,wood-amount-0,512x512x12,completed,lava-shield revision 1 seed 44002 [complete]: ,100,2,100,9,50,8,100,12,5,100,9,0,4,0.898073,0.523894,840,0.541667,0.65625,10,8,False,0,2,0,0,2
69de38cc98f29b276704d976ab2b7d32,pharaoh-dev-3.local,44001,wood-amount-300,512x512x12,completed,lava-shield revision 1 seed 44001 [complete]: ,100,2,100,9,50,8,100,12,5,100,9,300,4,0.927292,0.55749,631,0.583333,0.6875,10,10,False,0,2,0,0,2
968f3472426d5bcdd51078fe0878803b,pharaoh-dev-1.local,44002,wood-amount-300,512x512x12,completed,lava-shield revision 1 seed 44002 [complete]: ,100,2,100,9,50,8,100,12,5,100,9,300,4,0.925325,0.557977,781,0.583333,0.6875,10,8,False,0,2,0,0,2
c7f27dfe0ad54867cb1d5448bf31f2e4,pharaoh-dev-1.local,44001,stone-amount-0,512x512x12,completed,lava-shield revision 1 seed 44001 [complete]: ,100,2,100,9,50,8,0,12,5,100,9,100,4,0.925421,0.554308,637,0.583333,0.6875,10,10,False,0,2,0,0,2
bb8b7b0f75dc3ae9015b8750d4637d55,pharaoh-dev-1.local,44002,stone-amount-0,512x512x12,completed,lava-shield revision 1 seed 44002 [complete]: ,100,2,100,9,50,8,0,12,5,100,9,100,4,0.902511,0.529346,677,0.625,0.65625,10,8,False,0,2,0,0,2
a8eb0bedfb478dd3db9a2c29edfc9e17,pharaoh-dev-1.local,44001,stone-amount-300,512x512x12,completed,lava-shield revision 1 seed 44001 [complete]: ,100,2,100,9,50,8,300,12,5,100,9,100,4,0.923688,0.55227,627,0.583333,0.6875,10,10,False,0,2,0,0,2
a8a4b3e7105fa7cf7dcfea5c1ec1883b,pharaoh-dev-1.local,44002,stone-amount-300,512x512x12,completed,lava-shield revision 1 seed 44002 [complete]: ,100,2,100,9,50,8,300,12,5,100,9,100,4,0.902545,0.529385,674,0.625,0.65625,10,8,False,0,2,0,0,2
862556fb094ddb4f56be3cbb7b5b748f,pharaoh-dev-1.local,44001,algae-amount-0,512x512x12,completed,lava-shield revision 1 seed 44001 [complete]: ,0,2,100,9,50,8,100,12,5,100,9,100,4,0.923718,0.552288,627,0.583333,0.6875,10,10,False,0,2,0,0,2
dceb98ee58971fb9e7f063f38ba47862,pharaoh-dev-3.local,44002,algae-amount-0,512x512x12,completed,lava-shield revision 1 seed 44002 [complete]: ,0,2,100,9,50,8,100,12,5,100,9,100,4,0.902511,0.529346,677,0.625,0.65625,10,8,False,0,2,0,0,2
76174cc50ad2724ab995421821aad99f,pharaoh-dev-3.local,44001,algae-amount-300,512x512x12,completed,lava-shield revision 1 seed 44001 [complete]: ,300,2,100,9,50,8,100,12,5,100,9,100,4,0.923718,0.552288,627,0.583333,0.6875,10,10,False,0,2,0,0,2
cc7531b5f1f96bc1d2baea0c1210d013,pharaoh-dev-3.local,44002,algae-amount-300,512x512x12,completed,lava-shield revision 1 seed 44002 [complete]: ,300,2,100,9,50,8,100,12,5,100,9,100,4,0.902511,0.529346,677,0.625,0.65625,10,8,False,0,2,0,0,2
208111c8d7a72e2df2728c97b1084e61,pharaoh-dev-3.local,44001,fruit-amount-0,512x512x12,completed,lava-shield revision 1 seed 44001 [complete]: ,100,2,0,9,50,8,100,12,5,100,9,100,4,0.923718,0.552288,627,0.583333,0.6875,10,10,False,0,2,0,0,2
d44b033904e4be9e6c45aed14f9acd69,pharaoh-dev-3.local,44002,fruit-amount-0,512x512x12,completed,lava-shield revision 1 seed 44002 [complete]: ,100,2,0,9,50,8,100,12,5,100,9,100,4,0.902511,0.529346,677,0.625,0.65625,10,8,False,0,2,0,0,2
b2ce6ae6a393f6194623b7e80af2397e,pharaoh-dev-3.local,44001,fruit-amount-300,512x512x12,completed,lava-shield revision 1 seed 44001 [complete]: ,100,2,300,9,50,8,100,12,5,100,9,100,4,0.925391,0.55429,637,0.583333,0.6875,10,10,False,0,2,0,0,2
04012dce7defbd21f40e4e13fc039101,pharaoh-dev-3.local,44002,fruit-amount-300,512x512x12,completed,lava-shield revision 1 seed 44002 [complete]: ,100,2,300,9,50,8,100,12,5,100,9,100,4,0.902511,0.529346,677,0.625,0.65625,10,8,False,0,2,0,0,2
d5f84f3ea41fdec048567460c6a7e57d,pharaoh-dev-3.local,44003,all-resources-0,512x512x12,completed,lava-shield revision 1 seed 44003 [complete]: ,0,2,0,9,50,8,0,12,5,0,9,0,4,0.94471,0.516161,948,0.541667,0.65625,10,10,False,0,2,0,0,2
b50a11b23b46516859e045eeae512d47,pharaoh-dev-2.local,44004,all-resources-0,512x512x12,generation_failed,"lava-shield revision 1 seed 44004 [lava scored settlements]: A coastal town's renewable starter field is too small. Use fewer tongues or colonies, a larger map, or another seed.",0,2,0,9,50,8,0,12,5,0,9,0,4,,,,,,10,10,False,,,0,0,2
730067cce8fbb4fa8be9d69ca056e4ba,pharaoh-dev-2.local,44003,all-resources-300,512x512x12,completed,lava-shield revision 1 seed 44003 [complete]: ,300,2,300,9,50,8,300,12,5,300,9,300,4,0.859457,0.465308,586,0.625,0.6875,10,10,False,0,2,0,0,2
93306526a5586a07db0ff46675711a5c,pharaoh-dev-2.local,44004,all-resources-300,512x512x12,generation_failed,"lava-shield revision 1 seed 44004 [lava scored settlements]: A coastal town's renewable starter field is too small. Use fewer tongues or colonies, a larger map, or another seed.",300,2,300,9,50,8,300,12,5,300,9,300,4,,,,,,10,10,False,,,0,0,2
bebbb43238772fa87a1f5c7d557a5642,pharaoh-dev-2.local,50000,combined-random,128x128x2,completed,lava-shield revision 1 seed 50000 [complete]: ,150,0,300,7,75,6,0,2,5,125,7,275,2,0.958424,0.5736,356,0.625,0.65625,0,0,False,0,2,0,0,2
2eecfcfef23c8d136547a529cd7a452f,pharaoh-dev-2.local,50001,combined-random,128x256x2,completed,lava-shield revision 1 seed 50001 [complete]: ,75,3,100,8,25,6,50,2,4,0,7,25,1,0.951472,0.519657,891,0.541667,0.6875,9,6,False,0,2,0,0,2
476b562f035b407b3060a5559a81618c,pharaoh-dev-2.local,50002,combined-random,256x128x2,completed,lava-shield revision 1 seed 50002 [complete]: ,175,2,25,7,25,8,50,2,5,250,8,275,8,0.997273,0.625011,747,0.625,0.71875,8,6,False,0,2,0,0,2
7817b519f7c215becd2f90040140dd33,pharaoh-dev-2.local,50003,combined-random,256x256x2,completed,lava-shield revision 1 seed 50003 [complete]: ,300,1,300,8,50,10,25,2,6,50,8,100,5,0.973434,0.575098,1021,0.583333,0.71875,6,4,False,0,2,0,0,2
a95549b2c820eb8175b2b9293bd9d3b1,pharaoh-dev-2.local,50004,combined-random,256x256x4,completed,lava-shield revision 1 seed 50004 [complete]: ,125,1,25,8,50,10,300,4,5,50,8,0,3,0.949808,0.559376,924,0.625,0.625,5,5,False,0,2,0,0,2
4a833b8a701b0121e9feedde93920b86,pharaoh-dev-2.local,50005,combined-random,256x256x8,completed,lava-shield revision 1 seed 50005 [complete]: ,75,1,100,8,50,6,200,8,3,50,8,50,4,0.87502,0.474496,623,0.583333,0.625,3,2,False,0,2,0,0,2
1c71de641514f941ae547a4629aa106a,pharaoh-dev-2.local,50006,combined-random,256x512x2,completed,lava-shield revision 1 seed 50006 [complete]: ,100,3,150,9,50,10,300,2,6,275,8,275,1,0.998673,0.579334,478,0.583333,0.71875,18,15,False,0,2,0,0,2
693bf675f52d3850e2c6adaa323703c9,pharaoh-dev-1.local,50007,combined-random,256x512x4,completed,lava-shield revision 1 seed 50007 [complete]: ,300,0,300,9,25,6,250,4,8,25,8,75,4,0.958332,0.561743,1019,0.583333,0.71875,0,0,False,0,2,0,0,2
f8338fa8c16d44b147bd32685d71b74d,pharaoh-dev-1.local,50008,combined-random,256x512x8,completed,lava-shield revision 1 seed 50008 [complete]: ,300,1,225,9,25,8,300,8,4,250,8,225,4,0.953695,0.586175,606,0.625,0.71875,4,3,False,0,2,0,0,2
3abab149bafca1611ef0e51a2c3ed0e8,pharaoh-dev-1.local,50009,combined-random,512x256x2,completed,lava-shield revision 1 seed 50009 [complete]: ,100,3,25,8,75,12,50,2,5,50,9,225,7,0.992924,0.607434,1015,0.625,0.71875,15,9,False,0,2,0,0,2
e45c2d2c2c5631a8e3822e89d912d3fb,pharaoh-dev-1.local,50010,combined-random,512x256x4,completed,lava-shield revision 1 seed 50010 [complete]: ,250,2,50,8,75,6,150,4,7,300,9,50,4,0.969445,0.580772,695,0.583333,0.71875,14,12,False,0,2,0,0,2
e1f085804992e2a58c50db613011e6c9,pharaoh-dev-3.local,50011,combined-random,512x256x8,completed,lava-shield revision 1 seed 50011 [complete]: ,200,1,175,8,25,6,125,8,3,250,9,100,7,0.944203,0.569944,741,0.625,0.6875,3,3,False,0,2,0,0,2
41e5fbcda4059fba409d5405ec1e8359,pharaoh-dev-3.local,50012,combined-random,512x512x2,completed,lava-shield revision 1 seed 50012 [complete]: ,300,1,0,9,75,10,200,2,9,25,9,225,1,0.995978,0.587623,965,0.583333,0.71875,9,9,False,0,2,0,0,2
c294a72446a0aa62d5aa92cda10f9ccb,pharaoh-dev-3.local,50013,combined-random,512x512x4,completed,lava-shield revision 1 seed 50013 [complete]: ,300,2,250,9,75,10,25,4,9,150,9,75,1,0.894649,0.499175,579,0.458333,0.625,18,12,True,0,2,0,0,2
407d470f74fd5b655b6f52442f742b18,pharaoh-dev-3.local,50014,combined-random,512x512x8,completed,lava-shield revision 1 seed 50014 [complete]: ,125,0,100,9,50,10,225,8,7,225,9,250,6,0.926185,0.549961,503,0.625,0.71875,0,0,False,0,2,0,0,2
f6a9101a3b590ed1eded327ecb5bb6c2,therig.local,50015,combined-random,512x512x12,completed,lava-shield revision 1 seed 50015 [complete]: ,200,2,175,9,50,6,75,12,9,125,9,25,6,0.933244,0.566475,949,0.583333,0.71875,18,16,True,0,2,0,0,2
f926eb46a7b6873f33bb67cdeabadd2e,therig.local,50016,combined-random,128x128x2,completed,lava-shield revision 1 seed 50016 [complete]: ,275,0,275,7,50,8,0,2,3,250,7,225,4,0.980774,0.562251,406,0.625,0.71875,0,0,False,0,2,0,0,2
2cd814d0ea9cf24efedecb7c6404bf4d,therig.local,50017,combined-random,128x256x2,completed,lava-shield revision 1 seed 50017 [complete]: ,50,1,175,8,50,6,300,2,3,300,7,150,3,0.999156,0.603081,418,0.625,0.6875,3,1,False,0,2,0,0,2
98071b54b3c17ed206bf3d79bf593a0b,therig.local,50018,combined-random,256x128x2,completed,lava-shield revision 1 seed 50018 [complete]: ,200,1,75,7,25,6,75,2,4,300,8,150,3,0.970952,0.558806,412,0.583333,0.65625,4,3,False,0,2,0,0,2
fc62c8ba38dca7b9d482951b567487f2,therig.local,50019,combined-random,256x256x2,completed,lava-shield revision 1 seed 50019 [complete]: ,150,1,150,8,75,8,100,2,4,175,8,50,6,0.996012,0.643092,850,0.625,0.71875,4,4,False,0,2,0,0,2
a77a3da79f00baf59dfbc61f22bb7f76,therig.local,50020,combined-random,256x256x4,completed,lava-shield revision 1 seed 50020 [complete]: ,175,1,125,8,50,8,175,4,9,300,8,250,8,0.982198,0.583051,632,0.583333,0.71875,9,5,True,0,2,0,0,2
c9de666cb8a09ced9d1fedf595701d92,therig.local,50021,combined-random,256x256x8,completed,lava-shield revision 1 seed 50021 [complete]: ,50,3,275,8,25,6,0,8,5,100,8,275,7,0.953904,0.579174,663,0.583333,0.71875,15,13,False,0,2,0,0,2
a044e654d83c55822517cbd3a81d7312,therig.local,50022,combined-random,256x512x2,completed,lava-shield revision 1 seed 50022 [complete]: ,75,1,225,9,75,10,75,2,9,275,8,200,4,0.971421,0.591647,766,0.625,0.65625,9,8,False,0,2,0,0,2
659cbe3dc2fc5dbe2b823f59c83ac83c,therig.local,50023,combined-random,256x512x4,completed,lava-shield revision 1 seed 50023 [complete]: ,250,1,100,9,50,6,25,4,8,100,8,0,3,0.97841,0.589246,817,0.583333,0.625,8,6,False,0,2,0,0,2
879e926d1c9ad1b0f5f1f20043072e4a,therig.local,50024,combined-random,256x512x8,completed,lava-shield revision 1 seed 50024 [complete]: ,25,0,300,9,50,6,50,8,5,0,8,275,2,0.875071,0.477682,938,0.458333,0.59375,0,0,False,0,2,0,0,2
765f5894f539816e1eb77c91ea9ee647,therig.local,50025,combined-random,512x256x2,completed,lava-shield revision 1 seed 50025 [complete]: ,275,2,175,8,50,8,175,2,7,200,9,250,2,0.986713,0.607379,817,0.625,0.65625,14,9,False,0,2,0,0,2
764aca2cb005e6a12a74567fed58103b,therig.local,50026,combined-random,512x256x4,completed,lava-shield revision 1 seed 50026 [complete]: ,250,0,125,8,25,12,100,4,7,250,9,200,4,0.955221,0.584124,671,0.625,0.71875,0,0,False,0,2,0,0,2
ee0a07f37bcf5b4d4eb43e11e50a1e78,therig.local,50027,combined-random,512x256x8,completed,lava-shield revision 1 seed 50027 [complete]: ,0,1,175,8,50,6,200,8,5,125,9,100,5,0.969234,0.612421,775,0.583333,0.71875,5,4,False,0,2,0,0,2
930acfcb9144ff056277f1cc356b6885,therig.local,50028,combined-random,512x512x2,completed,lava-shield revision 1 seed 50028 [complete]: ,175,1,75,9,50,12,75,2,3,50,9,250,2,0.992786,0.613322,651,0.583333,0.6875,3,3,False,0,2,0,0,2
d2baf59b4c282a69080358738bdaddff,therig.local,50029,combined-random,512x512x4,generation_failed,"lava-shield revision 1 seed 50029 [lava scored settlements]: A coastal town's renewable starter field is too small. Use fewer tongues or colonies, a larger map, or another seed.",125,3,150,9,25,12,200,4,6,175,9,275,2,,,,,,18,17,False,,,0,0,2
1cd118dcc5a8e034140a4ada306795a0,therig.local,50030,combined-random,512x512x8,completed,lava-shield revision 1 seed 50030 [complete]: ,0,3,0,9,25,8,50,8,7,0,9,100,4,0.920046,0.500168,912,0.541667,0.625,21,17,False,0,2,0,0,2
1b80f89f0b64953326ffc9d0bf3560d4,therig.local,50031,combined-random,512x512x12,completed,lava-shield revision 1 seed 50031 [complete]: ,225,3,0,9,75,12,300,12,5,175,9,125,3,0.848551,0.467347,426,0.583333,0.65625,15,10,False,0,2,0,0,2
421c88b09c40aa723aa0b5f6fc05b860,therig.local,50032,combined-random,128x128x2,completed,lava-shield revision 1 seed 50032 [complete]: ,150,1,200,7,75,8,225,2,5,250,7,50,5,0.996962,0.601813,231,0.625,0.71875,5,2,False,0,2,0,0,2
bf11d4c801496af365daac5c12f9208b,pharaoh-dev-2.local,50033,combined-random,128x256x2,completed,lava-shield revision 1 seed 50033 [complete]: ,50,3,0,8,50,8,100,2,5,150,7,275,2,0.971635,0.586135,784,0.5,0.6875,9,4,False,0,2,0,0,2
38a338580241380c0fa109f51a8675df,pharaoh-dev-2.local,50034,combined-random,256x128x2,completed,lava-shield revision 1 seed 50034 [complete]: ,75,2,50,7,50,8,175,2,3,75,8,175,5,0.999254,0.636401,621,0.541667,0.71875,6,3,False,0,2,0,0,2
925b939650b3016a8e7bf2d705d9eb3f,pharaoh-dev-3.local,50035,combined-random,256x256x2,completed,lava-shield revision 1 seed 50035 [complete]: ,250,1,125,8,50,6,25,2,4,275,8,300,7,0.980689,0.608853,890,0.625,0.71875,4,4,False,0,2,0,0,2
de6b1cdf486e65f0beeffc4d33fe38da,pharaoh-dev-3.local,50036,combined-random,256x256x4,completed,lava-shield revision 1 seed 50036 [complete]: ,300,1,300,8,75,12,75,4,5,225,8,300,5,0.980277,0.609513,796,0.625,0.71875,5,3,False,0,2,0,0,2
d5b74ef2085a59da690c7263cb3118aa,pharaoh-dev-3.local,50037,combined-random,256x256x8,completed,lava-shield revision 1 seed 50037 [complete]: ,0,2,175,8,25,6,75,8,5,0,8,200,5,0.863689,0.473562,862,0.458333,0.6875,10,9,False,0,2,0,0,2
27eba365ea03a47905a3fda130ca3a35,pharaoh-dev-3.local,50038,combined-random,256x512x2,completed,lava-shield revision 1 seed 50038 [complete]: ,150,2,150,9,75,12,0,2,7,200,8,25,7,0.952113,0.587481,831,0.625,0.71875,14,12,False,0,2,0,0,2
374e0917484e7103c48a7b01bc60d8c3,pharaoh-dev-3.local,50039,combined-random,256x512x4,completed,lava-shield revision 1 seed 50039 [complete]: ,125,0,25,9,25,6,25,4,8,25,8,300,6,0.969597,0.597996,852,0.625,0.6875,0,0,False,0,2,0,0,2
099badf110f813d89d902eb7ac593d57,pharaoh-dev-3.local,50040,combined-random,256x512x8,completed,lava-shield revision 1 seed 50040 [complete]: ,100,0,300,9,75,6,175,8,5,175,8,200,7,0.946029,0.575175,671,0.625,0.6875,0,0,False,0,2,0,0,2
3ff181bf5da7737cbc4d12c5d5ed7881,pharaoh-dev-2.local,50041,combined-random,512x256x2,completed,lava-shield revision 1 seed 50041 [complete]: ,25,0,125,8,25,12,225,2,6,0,9,0,5,0.996699,0.565595,1481,0.583333,0.71875,0,0,False,0,2,0,0,2
2b4b82603e9b869c113b27bc52053bc7,pharaoh-dev-2.local,50042,combined-random,512x256x4,completed,lava-shield revision 1 seed 50042 [complete]: ,275,2,175,8,25,12,125,4,4,75,9,250,2,0.908184,0.529571,768,0.583333,0.625,8,6,False,0,2,0,0,2
e8557559b3ef82b829a5054acc4d3610,pharaoh-dev-2.local,50043,combined-random,512x256x8,completed,lava-shield revision 1 seed 50043 [complete]: ,200,0,250,8,25,8,125,8,3,0,9,75,2,0.907781,0.497982,759,0.458333,0.625,0,0,False,0,2,0,0,2
e8ba3e7100dfc5be18b2199bfcfe6d73,pharaoh-dev-2.local,50044,combined-random,512x512x2,completed,lava-shield revision 1 seed 50044 [complete]: ,250,3,275,9,75,12,275,2,4,275,9,275,7,0.986713,0.609018,832,0.625,0.71875,12,12,False,0,2,0,0,2
faca6c862e1138e948dfc996096baaca,pharaoh-dev-2.local,50045,combined-random,512x512x4,completed,lava-shield revision 1 seed 50045 [complete]: ,225,1,125,9,50,6,50,4,5,150,9,150,8,0.984431,0.620661,999,0.625,0.6875,5,3,False,0,2,0,0,2
2c16ed7548e8459609212847d7a5887a,pharaoh-dev-2.local,50046,combined-random,512x512x8,completed,lava-shield revision 1 seed 50046 [complete]: ,250,3,25,9,25,10,50,8,6,200,9,125,3,0.930468,0.54324,690,0.541667,0.59375,18,13,False,0,2,0,0,2
90dfd85e04330e758f09179e871c0407,pharaoh-dev-3.local,50047,combined-random,512x512x12,completed,lava-shield revision 1 seed 50047 [complete]: ,0,1,150,9,50,8,125,12,6,250,9,225,7,0.937985,0.561658,745,0.583333,0.71875,6,5,False,0,2,0,0,2
3c090db8b6d33fb8652b6ceef04dd938,pharaoh-dev-3.local,50048,combined-random,128x128x2,completed,lava-shield revision 1 seed 50048 [complete]: ,175,1,75,7,75,8,50,2,5,25,7,300,6,0.933336,0.532532,259,0.625,0.71875,5,1,False,0,2,0,0,2
e75fc14cb74cde21bff500e4439e8e9f,pharaoh-dev-2.local,50049,combined-random,128x256x2,completed,lava-shield revision 1 seed 50049 [complete]: ,300,1,250,8,75,6,100,2,5,100,7,275,8,0.978606,0.611979,619,0.625,0.71875,4,2,False,0,2,0,0,2
8a9d86ff4600935b7ed864452a40f7db,pharaoh-dev-2.local,50050,combined-random,256x128x2,completed,lava-shield revision 1 seed 50050 [complete]: ,275,2,100,7,25,8,125,2,5,300,8,75,4,0.982714,0.596612,686,0.625,0.71875,6,2,False,0,2,0,0,2
0878d3bf8c843983377875944cd73c62,pharaoh-dev-2.local,50051,combined-random,256x256x2,completed,lava-shield revision 1 seed 50051 [complete]: ,225,0,150,8,50,12,175,2,9,275,8,300,3,0.967621,0.588587,544,0.625,0.71875,0,0,False,0,2,0,0,2
17b9a198cdccc032e69470028b001b16,pharaoh-dev-2.local,50052,combined-random,256x256x4,completed,lava-shield revision 1 seed 50052 [complete]: ,125,1,300,8,50,10,200,4,8,0,8,150,3,0.946895,0.560539,842,0.625,0.71875,8,7,False,0,2,0,0,2
629f7153e0886a45b9a2a453e34fb9ee,pharaoh-dev-2.local,50053,combined-random,256x256x8,completed,lava-shield revision 1 seed 50053 [complete]: ,0,1,300,8,75,8,75,8,5,175,8,200,4,0.916405,0.526817,516,0.625,0.6875,5,4,False,0,2,0,0,2
22a9705efa4f3160c4da576278336f4f,pharaoh-dev-2.local,50054,combined-random,256x512x2,completed,lava-shield revision 1 seed 50054 [complete]: ,225,2,125,9,75,8,300,2,6,275,8,25,4,0.988333,0.611678,815,0.625,0.71875,12,11,False,0,2,0,0,2
f01e7a30f5955bef6a268c5515015665,pharaoh-dev-1.local,50055,combined-random,256x512x4,completed,lava-shield revision 1 seed 50055 [complete]: ,100,3,300,9,25,10,100,4,7,225,8,100,8,0.966512,0.598863,897,0.625,0.6875,21,15,False,0,2,0,0,2
a37d943208ada0c862bd23cb389d6eec,pharaoh-dev-1.local,50056,combined-random,256x512x8,completed,lava-shield revision 1 seed 50056 [complete]: ,175,1,225,9,75,8,25,8,3,0,8,150,6,0.900083,0.493467,1133,0.5,0.65625,3,1,False,0,2,0,0,2
952ec2a06993349e0edc3c11e2994c2e,pharaoh-dev-1.local,50057,combined-random,512x256x2,completed,lava-shield revision 1 seed 50057 [complete]: ,50,0,50,8,75,12,100,2,7,225,9,175,2,0.9936,0.634743,811,0.625,0.71875,0,0,False,0,2,0,0,2
87f2ccc739bf133e69e62509565d26d3,pharaoh-dev-1.local,50058,combined-random,512x256x4,completed,lava-shield revision 1 seed 50058 [complete]: ,150,1,200,8,25,6,0,4,3,75,9,150,4,0.972173,0.608035,911,0.625,0.71875,3,3,False,0,2,0,0,2
65676d22418d2a154c9c770fdfd752a9,pharaoh-dev-1.local,50059,combined-random,512x256x8,completed,lava-shield revision 1 seed 50059 [complete]: ,175,3,50,8,50,6,150,8,3,75,9,150,5,0.94411,0.570132,734,0.583333,0.71875,9,7,False,0,2,0,0,2
7651a62400c3b5c1c54ad2d17667bde6,pharaoh-dev-1.local,50060,combined-random,512x512x2,completed,lava-shield revision 1 seed 50060 [complete]: ,25,0,150,9,75,12,175,2,8,25,9,125,1,0.958817,0.548857,711,0.5,0.71875,0,0,False,0,2,0,0,2
68ef3e7c976c344fac2077aef36e0325,pharaoh-dev-1.local,50061,combined-random,512x512x4,completed,lava-shield revision 1 seed 50061 [complete]: ,200,1,25,9,75,6,75,4,5,250,9,300,2,0.879172,0.490676,917,0.5,0.65625,5,5,False,0,2,0,0,2
24ebd4e518a76fe739a16bf66208db24,pharaoh-dev-3.local,50062,combined-random,512x512x8,completed,lava-shield revision 1 seed 50062 [complete]: ,50,1,275,9,50,10,225,8,4,50,9,25,1,0.850312,0.440493,663,0.458333,0.53125,4,3,False,0,2,0,0,2
7de7beebe9199f19106b4d58208ce677,pharaoh-dev-3.local,50063,combined-random,512x512x12,completed,lava-shield revision 1 seed 50063 [complete]: ,225,2,175,9,75,10,175,12,9,0,9,125,5,0.943868,0.538202,785,0.583333,0.71875,18,16,True,0,2,0,0,2
801962aacd743cbf0ee301a1a65d7ffc,pharaoh-dev-3.local,50064,combined-random,128x128x2,completed,lava-shield revision 1 seed 50064 [complete]: ,100,3,25,7,25,8,150,2,4,150,7,0,1,0.962773,0.529864,382,0.625,0.5625,12,9,False,0,2,0,0,2
7fc3648333b25b04f7a8b53e14ff705d,pharaoh-dev-3.local,50065,combined-random,128x256x2,completed,lava-shield revision 1 seed 50065 [complete]: ,250,3,125,8,50,8,100,2,4,25,7,250,4,0.986931,0.595036,652,0.625,0.71875,12,8,False,0,2,0,0,2
5bee7eb78e41c8f9832cfea15d46709f,pharaoh-dev-3.local,50066,combined-random,256x128x2,completed,lava-shield revision 1 seed 50066 [complete]: ,225,0,75,7,25,8,175,2,3,275,8,300,3,0.98458,0.590909,590,0.625,0.71875,0,0,False,0,2,0,0,2
c1022aeda9b0625f193c99bc3eedbc41,pharaoh-dev-3.local,50067,combined-random,256x256x2,completed,lava-shield revision 1 seed 50067 [complete]: ,200,0,25,8,75,6,100,2,3,125,8,200,3,0.98969,0.635243,1001,0.583333,0.71875,0,0,False,0,2,0,0,2
023d5f796651080a2b42215f8bd0a520,pharaoh-dev-2.local,50068,combined-random,256x256x4,completed,lava-shield revision 1 seed 50068 [complete]: ,250,3,250,8,25,8,300,4,6,250,8,50,5,0.955844,0.589653,407,0.625,0.71875,18,15,False,0,2,0,0,2
fd08ee9d58351674dce0ddc40f986b8c,pharaoh-dev-2.local,50069,combined-random,256x256x8,completed,lava-shield revision 1 seed 50069 [complete]: ,125,3,75,8,75,8,300,8,5,300,8,200,7,0.797914,0.40728,467,0.625,0.65625,15,9,False,0,2,0,0,2
87efebff3a1abb7479ee28f7420b2814,pharaoh-dev-2.local,50070,combined-random,256x512x2,completed,lava-shield revision 1 seed 50070 [complete]: ,300,1,175,9,75,12,275,2,3,125,8,75,4,0.986924,0.625475,984,0.625,0.71875,3,2,False,0,2,0,0,2
c1c3667ba9e5766675e924738ce04047,pharaoh-dev-2.local,50071,combined-random,256x512x4,completed,lava-shield revision 1 seed 50071 [complete]: ,125,2,250,9,75,6,275,4,5,100,8,300,3,0.934331,0.567451,923,0.625,0.59375,10,8,False,0,2,0,0,2
924d4c74686e5d4acf8b2a479fa2cfdd,pharaoh-dev-2.local,50072,combined-random,256x512x8,completed,lava-shield revision 1 seed 50072 [complete]: ,300,0,50,9,25,8,300,8,5,75,8,25,5,0.901897,0.518578,644,0.583333,0.6875,0,0,False,0,2,0,0,2
c79cf6fe6c8ffce804f80b5d3f571eae,therig.local,50073,combined-random,512x256x2,completed,lava-shield revision 1 seed 50073 [complete]: ,50,2,25,8,75,6,225,2,9,100,9,225,7,0.994986,0.636096,1145,0.625,0.71875,18,12,False,0,2,0,0,2
d0047d9f67011ffed7a79c25b8eadd1c,therig.local,50074,combined-random,512x256x4,completed,lava-shield revision 1 seed 50074 [complete]: ,125,1,175,8,25,8,200,4,9,50,9,275,7,0.926202,0.549473,951,0.583333,0.71875,9,9,False,0,2,0,0,2
9a5ab73e1c70489f819f0bbf4e1cf2d1,therig.local,50075,combined-random,512x256x8,completed,lava-shield revision 1 seed 50075 [complete]: ,25,0,50,8,25,8,200,8,3,100,9,150,3,0.904206,0.536246,470,0.625,0.65625,0,0,False,0,2,0,0,2
5cc6de2971f940c5b43abbba9e4859f7,therig.local,50076,combined-random,512x512x2,completed,lava-shield revision 1 seed 50076 [complete]: ,125,2,175,9,25,6,225,2,3,50,9,125,5,0.989795,0.610561,1138,0.625,0.65625,6,5,False,0,2,0,0,2
2edf9797c4e58b2835c541ac8e388160,therig.local,50077,combined-random,512x512x4,completed,lava-shield revision 1 seed 50077 [complete]: ,200,2,75,9,50,10,0,4,9,50,9,300,7,0.978517,0.615082,902,0.625,0.71875,18,16,False,0,2,0,0,2
fbc50c9d04fd4609611eeefaf8ffa8b7,therig.local,50078,combined-random,512x512x8,completed,lava-shield revision 1 seed 50078 [complete]: ,125,3,250,9,25,6,250,8,8,225,9,100,5,0.922,0.549457,739,0.583333,0.71875,24,18,False,0,2,0,0,2
8344cfccbe45829103d54c3ef3128824,therig.local,50079,combined-random,512x512x12,completed,lava-shield revision 1 seed 50079 [complete]: ,175,1,75,9,25,12,225,12,9,175,9,50,6,0.912399,0.536223,812,0.583333,0.71875,9,7,False,0,2,0,0,2
0da2c1766ae5f8e81e4ea38813c7c881,therig.local,50080,combined-random,128x128x2,completed,lava-shield revision 1 seed 50080 [complete]: ,25,0,25,7,50,6,150,2,4,275,7,50,4,0.968446,0.58386,487,0.625,0.71875,0,0,False,0,2,0,0,2
f69cec3580402b9b4b575fcd02fff5c7,therig.local,50081,combined-random,128x256x2,completed,lava-shield revision 1 seed 50081 [complete]: ,300,2,150,8,25,6,0,2,5,50,7,125,6,0.989578,0.619094,682,0.625,0.71875,6,5,False,0,2,0,0,2
88217eb3636c3d11d1fbd92dc06b4d80,therig.local,50082,combined-random,256x128x2,completed,lava-shield revision 1 seed 50082 [complete]: ,250,0,150,7,50,6,275,2,4,150,8,275,5,0.945367,0.580185,522,0.625,0.6875,0,0,False,0,2,0,0,2
4116f318e838f8c44e97ea2ce4ceef3a,therig.local,50083,combined-random,256x256x2,completed,lava-shield revision 1 seed 50083 [complete]: ,225,0,250,8,75,6,175,2,4,225,8,175,7,0.988038,0.610598,791,0.625,0.71875,0,0,False,0,2,0,0,2
45e5efdd34d39600b395cd6b3088971e,therig.local,50084,combined-random,256x256x4,completed,lava-shield revision 1 seed 50084 [complete]: ,125,3,75,8,50,6,225,4,8,25,8,125,8,0.938121,0.563091,638,0.625,0.71875,24,21,False,0,2,0,0,2
a078d8913840e171fafd0961cc92b914,therig.local,50085,combined-random,256x256x8,completed,lava-shield revision 1 seed 50085 [complete]: ,200,0,50,8,75,8,275,8,5,100,8,250,5,0.898485,0.524518,548,0.625,0.71875,0,0,False,0,2,0,0,2
47b6518bd57f334cdd6bae0f1e968e2d,therig.local,50086,combined-random,256x512x2,completed,lava-shield revision 1 seed 50086 [complete]: ,125,0,300,9,75,10,250,2,8,150,8,200,4,0.979398,0.621657,968,0.625,0.71875,0,0,False,0,2,0,0,2
2fd67b63469e0fa99bcfe34a9e956579,therig.local,50087,combined-random,256x512x4,completed,lava-shield revision 1 seed 50087 [complete]: ,0,1,275,9,75,12,275,4,3,275,8,25,8,0.95778,0.596549,888,0.625,0.71875,3,3,False,0,2,0,0,2
e55a28a27e4fe8089affe1823365b64d,therig.local,50088,combined-random,256x512x8,completed,lava-shield revision 1 seed 50088 [complete]: ,75,1,0,9,25,6,275,8,4,250,8,300,6,0.926433,0.552951,608,0.625,0.6875,4,4,False,0,2,0,0,2
038e33ab126864c69196d008ee36a82d,therig.local,50089,combined-random,512x256x2,completed,lava-shield revision 1 seed 50089 [complete]: ,100,0,250,8,25,6,75,2,5,125,9,125,2,0.977021,0.537958,405,0.416667,0.65625,0,0,False,0,2,0,0,2
a527d8f60c6a375f2ee4ee912fa60913,therig.local,50090,combined-random,512x256x4,completed,lava-shield revision 1 seed 50090 [complete]: ,200,2,25,8,25,8,25,4,9,275,9,300,8,0.945365,0.572491,649,0.625,0.71875,18,16,False,0,2,0,0,2
43669f2d97ec69603da1306172939f01,pharaoh-dev-1.local,50091,combined-random,512x256x8,completed,lava-shield revision 1 seed 50091 [complete]: ,275,3,100,8,50,8,25,8,3,25,9,100,3,0.924361,0.533841,976,0.541667,0.65625,9,4,False,0,2,0,0,2
a00142c1d3581a4a8703aec745c87a8e,pharaoh-dev-1.local,50092,combined-random,512x512x2,completed,lava-shield revision 1 seed 50092 [complete]: ,25,0,225,9,50,12,0,2,7,0,9,75,8,0.996627,0.582442,1243,0.583333,0.71875,0,0,False,0,2,0,0,2
5677532764a852b18fcd78e6a1815737,pharaoh-dev-1.local,50093,combined-random,512x512x4,completed,lava-shield revision 1 seed 50093 [complete]: ,250,1,225,9,50,8,250,4,3,150,9,125,6,0.982652,0.622051,890,0.625,0.65625,3,3,False,0,2,0,0,2
d2c47894daf24ff70f423f3f255530c1,pharaoh-dev-1.local,50094,combined-random,512x512x8,completed,lava-shield revision 1 seed 50094 [complete]: ,200,1,25,9,25,6,75,8,6,0,9,300,4,0.856322,0.467643,881,0.333333,0.625,6,5,False,0,2,0,0,2
2a2fc8fed3b82f07639f6337f01e1526,pharaoh-dev-1.local,50095,combined-random,512x512x12,completed,lava-shield revision 1 seed 50095 [complete]: ,25,1,100,9,25,6,300,12,5,75,9,100,3,0.909592,0.53723,855,0.583333,0.65625,5,5,False,0,2,0,0,2
ef206d8e7c06135b2ae17027a9b6f89f,pharaoh-dev-3.local,50096,combined-random,128x128x2,completed,lava-shield revision 1 seed 50096 [complete]: ,275,0,25,7,75,8,50,2,3,125,7,50,3,0.986198,0.618469,534,0.625,0.65625,0,0,False,0,2,0,0,2
b69d2cdac92082e8b8b9e0db09861d24,pharaoh-dev-3.local,50097,combined-random,128x256x2,completed,lava-shield revision 1 seed 50097 [complete]: ,300,1,50,8,25,6,50,2,5,125,7,0,1,0.978195,0.572151,531,0.583333,0.5625,4,4,False,0,2,0,0,2
31d87f48fec2aa1041942ccc3e1f4978,pharaoh-dev-3.local,50098,combined-random,256x128x2,completed,lava-shield revision 1 seed 50098 [complete]: ,0,1,150,7,75,6,250,2,4,50,8,25,2,0.971459,0.594399,750,0.583333,0.71875,4,2,False,0,2,0,0,2
f90d1d9d790bbae101acb9aa2df2e112,pharaoh-dev-3.local,50099,combined-random,256x256x2,completed,lava-shield revision 1 seed 50099 [complete]: ,175,0,25,8,25,12,0,2,7,50,8,50,5,0.987869,0.616563,859,0.625,0.71875,0,0,False,0,2,0,0,2
0b66a4bc17cea65557d2d6bcdadbbee6,pharaoh-dev-3.local,50100,combined-random,256x256x4,completed,lava-shield revision 1 seed 50100 [complete]: ,250,3,25,8,50,10,150,4,9,25,8,150,7,0.909174,0.534618,692,0.625,0.6875,27,21,True,0,2,0,0,2
0bfd88d4e7189cb88969ce203af88ccf,pharaoh-dev-3.local,50101,combined-random,256x256x8,completed,lava-shield revision 1 seed 50101 [complete]: ,300,3,250,8,75,6,225,8,4,150,8,100,2,0.909734,0.529421,538,0.583333,0.6875,12,8,False,0,2,0,0,2
a6f061f94bf1dc040036a3f718cee098,pharaoh-dev-2.local,50102,combined-random,256x512x2,completed,lava-shield revision 1 seed 50102 [complete]: ,200,1,225,9,75,12,275,2,9,100,8,225,7,0.994419,0.640997,968,0.625,0.71875,9,5,False,0,2,0,0,2
bea318e77d4aef9feed416b4259b3fb4,pharaoh-dev-2.local,50103,combined-random,256x512x4,completed,lava-shield revision 1 seed 50103 [complete]: ,0,3,100,9,75,8,275,4,9,250,8,300,7,0.959683,0.588813,840,0.625,0.71875,27,22,True,0,2,0,0,2
c9d1266e02e250fb5909bbe975b147b7,pharaoh-dev-2.local,50104,combined-random,256x512x8,completed,lava-shield revision 1 seed 50104 [complete]: ,0,1,100,9,50,8,0,8,3,0,8,50,1,0.857275,0.424367,877,0.375,0.5625,3,1,False,0,2,0,0,2
31e9226e408eeb2acb6d6d780781cc10,pharaoh-dev-2.local,50105,combined-random,512x256x2,completed,lava-shield revision 1 seed 50105 [complete]: ,200,2,25,8,50,10,125,2,4,225,9,125,6,0.998829,0.626452,938,0.625,0.71875,8,7,False,0,2,0,0,2
49cba9f1838013e3f95ad59bd1818b0e,pharaoh-dev-2.local,50106,combined-random,512x256x4,completed,lava-shield revision 1 seed 50106 [complete]: ,275,3,300,8,50,10,125,4,9,150,9,275,5,0.971861,0.601167,863,0.625,0.71875,27,23,False,0,2,0,0,2
eacaaabe3758c2c47bfb43765cc52b08,pharaoh-dev-2.local,50107,combined-random,512x256x8,completed,lava-shield revision 1 seed 50107 [complete]: ,250,1,25,8,75,6,125,8,4,25,9,225,7,0.933552,0.554966,1003,0.541667,0.71875,4,4,False,0,2,0,0,2
f86dd2719f5f0702bcb4362b6af44aae,pharaoh-dev-2.local,50108,combined-random,512x512x2,completed,lava-shield revision 1 seed 50108 [complete]: ,0,3,25,9,25,10,250,2,4,100,9,50,3,0.990471,0.594685,768,0.625,0.625,12,10,False,0,2,0,0,2
388539f93c8a931e7e34cc3be9baa1c7,pharaoh-dev-1.local,50109,combined-random,512x512x4,completed,lava-shield revision 1 seed 50109 [complete]: ,0,0,200,9,50,8,150,4,4,200,9,50,3,0.958764,0.585674,858,0.583333,0.71875,0,0,False,0,2,0,0,2
0d83ace43bcfeb8d32e05a14cf5c18f7,pharaoh-dev-1.local,50110,combined-random,512x512x8,completed,lava-shield revision 1 seed 50110 [complete]: ,125,3,0,9,50,12,225,8,5,250,9,25,1,0.885565,0.478726,643,0.458333,0.625,15,12,False,0,2,0,0,2
c3ca67292bccb8726f84ec07c7b06a62,pharaoh-dev-1.local,50111,combined-random,512x512x12,completed,lava-shield revision 1 seed 50111 [complete]: ,75,1,300,9,50,12,125,12,3,250,9,50,8,0.948625,0.576651,742,0.625,0.65625,3,1,False,0,2,0,0,2
d2ecca5f95c428857cbf05b3feb4e7e4,pharaoh-dev-1.local,50112,combined-random,128x128x2,completed,lava-shield revision 1 seed 50112 [complete]: ,275,1,0,7,75,8,125,2,3,75,7,300,8,0.966526,0.611187,585,0.625,0.71875,2,0,False,0,2,0,0,2
f60eb892338ccf857b00aa4b67fca631,pharaoh-dev-1.local,50113,combined-random,128x256x2,completed,lava-shield revision 1 seed 50113 [complete]: ,50,3,175,8,75,8,75,2,3,250,7,250,3,0.984205,0.589238,473,0.625,0.71875,6,0,False,0,2,0,0,2
5f87af58dcf4ff433b5acc89dbc4c3b0,pharaoh-dev-1.local,50114,combined-random,256x128x2,completed,lava-shield revision 1 seed 50114 [complete]: ,250,1,300,7,75,8,250,2,3,250,8,300,4,0.993175,0.629469,647,0.625,0.71875,3,1,False,0,2,0,0,2
eb655449d79d5315f8041c0f9108404f,pharaoh-dev-1.local,50115,combined-random,256x256x2,completed,lava-shield revision 1 seed 50115 [complete]: ,50,2,25,8,50,8,275,2,3,275,8,300,6,0.998767,0.640987,881,0.625,0.71875,6,5,False,0,2,0,0,2
658b4088c06201975c8ed6a9c935d920,pharaoh-dev-1.local,50116,combined-random,256x256x4,completed,lava-shield revision 1 seed 50116 [complete]: ,25,3,225,8,25,10,225,4,8,150,8,225,8,0.967962,0.597305,589,0.583333,0.71875,24,18,False,0,2,0,0,2
0510ac62a2b1da01bb1cfb216fd5880d,pharaoh-dev-1.local,50117,combined-random,256x256x8,generation_failed,"lava-shield revision 1 seed 50117 [lava scored settlements]: A coastal town's renewable starter field is too small. Use fewer tongues or colonies, a larger map, or another seed.",225,2,225,8,50,6,300,8,5,175,8,0,1,,,,,,10,7,False,,,0,0,2
4cebe4b3b35abd57056462e61526c682,pharaoh-dev-1.local,50118,combined-random,256x512x2,completed,lava-shield revision 1 seed 50118 [complete]: ,75,1,50,9,50,6,125,2,9,250,8,100,5,0.939592,0.56338,841,0.625,0.71875,9,5,False,0,2,0,0,2
27c9e289afc340401a4b444d3e0548a6,pharaoh-dev-1.local,50119,combined-random,256x512x4,completed,lava-shield revision 1 seed 50119 [complete]: ,25,1,275,9,50,8,125,4,5,225,8,50,8,0.948978,0.581255,573,0.625,0.71875,5,5,False,0,2,0,0,2
db2cff52ae7617aaa0b6bdc9ad35865d,pharaoh-dev-3.local,50120,combined-random,256x512x8,completed,lava-shield revision 1 seed 50120 [complete]: ,300,3,75,9,75,6,250,8,4,100,8,300,4,0.947318,0.574994,592,0.541667,0.71875,12,8,False,0,2,0,0,2
f4d15cb784546eead8d4ea7788b8952f,pharaoh-dev-3.local,50121,combined-random,512x256x2,completed,lava-shield revision 1 seed 50121 [complete]: ,75,0,100,8,50,6,25,2,8,100,9,100,1,0.976034,0.567244,576,0.583333,0.59375,0,0,False,0,2,0,0,2
5b9db4177a81752fa926ae92a77249ca,pharaoh-dev-3.local,50122,combined-random,512x256x4,completed,lava-shield revision 1 seed 50122 [complete]: ,300,3,125,8,75,10,100,4,5,0,9,275,1,0.890013,0.433926,574,0.375,0.5625,15,11,False,0,2,0,0,2
69424984bdf5ea778d7ba6a830f9cdbf,pharaoh-dev-3.local,50123,combined-random,512x256x8,completed,lava-shield revision 1 seed 50123 [complete]: ,300,1,25,8,25,8,75,8,3,50,9,200,2,0.927083,0.558491,853,0.583333,0.6875,3,3,False,0,2,0,0,2
0001f7de1383471f6aae47e2104d071e,pharaoh-dev-3.local,50124,combined-random,512x512x2,completed,lava-shield revision 1 seed 50124 [complete]: ,75,2,300,9,75,6,275,2,7,300,9,150,3,0.992652,0.591087,906,0.541667,0.65625,14,12,False,0,2,0,0,2
74269f40969f513fa818459996fa14b5,pharaoh-dev-3.local,50125,combined-random,512x512x4,completed,lava-shield revision 1 seed 50125 [complete]: ,0,2,225,9,25,6,100,4,8,175,9,300,1,0.950075,0.552618,497,0.625,0.65625,16,15,False,0,2,0,0,2
1dd53db7141eaaec45c905f7f3e9efce,pharaoh-dev-2.local,50126,combined-random,512x512x8,completed,lava-shield revision 1 seed 50126 [complete]: ,300,3,25,9,25,10,275,8,8,125,9,300,4,0.951307,0.586641,740,0.625,0.71875,24,20,False,0,2,0,0,2
20496c2dfa7714cb49feb7202b46d376,therig.local,50127,combined-random,512x512x12,completed,lava-shield revision 1 seed 50127 [complete]: ,175,3,225,9,75,10,150,12,3,125,9,175,3,0.86548,0.480525,589,0.541667,0.625,9,8,False,0,2,0,0,2
687ef862ebcc3ec230ea85dd80ea3450,therig.local,50128,combined-random,128x128x2,completed,lava-shield revision 1 seed 50128 [complete]: ,300,3,25,7,25,8,0,2,3,75,7,275,1,0.955603,0.565369,532,0.583333,0.71875,9,6,False,0,2,0,0,2
4c13b940d0fb8159e4e64b9125488e06,therig.local,50129,combined-random,128x256x2,completed,lava-shield revision 1 seed 50129 [complete]: ,200,3,200,8,25,8,50,2,4,275,7,75,2,0.984596,0.602767,640,0.625,0.71875,9,5,False,0,2,0,0,2
c6ff3713c7dee10c47aa9dfd6371c417,therig.local,50130,combined-random,256x128x2,completed,lava-shield revision 1 seed 50130 [complete]: ,200,0,225,7,75,6,275,2,4,275,8,25,2,0.985697,0.579644,495,0.583333,0.71875,0,0,False,0,2,0,0,2
e7be70471db2313a54143b1dbd72026b,therig.local,50131,combined-random,256x256x2,completed,lava-shield revision 1 seed 50131 [complete]: ,225,1,125,8,50,10,250,2,6,250,8,75,7,0.991373,0.611548,804,0.625,0.71875,6,4,False,0,2,0,0,2
062e61447fc60aafdf40aa1f127d7f51,therig.local,50132,combined-random,256x256x4,completed,lava-shield revision 1 seed 50132 [complete]: ,50,2,175,8,75,10,150,4,8,0,8,50,5,0.956181,0.545682,758,0.625,0.71875,16,9,True,0,2,0,0,2
83f8e766bccb828fa964a1058fc45dde,therig.local,50133,combined-random,256x256x8,completed,lava-shield revision 1 seed 50133 [complete]: ,150,2,175,8,50,6,125,8,5,250,8,225,7,0.88903,0.497196,445,0.625,0.6875,10,10,True,0,2,0,0,2
ad099349955aac1c9a9c8b3159549a8a,therig.local,50134,combined-random,256x512x2,completed,lava-shield revision 1 seed 50134 [complete]: ,100,0,125,9,50,12,100,2,3,125,8,275,5,0.971316,0.593056,1102,0.541667,0.71875,0,0,False,0,2,0,0,2
1806244cb874e8956004a77a4fb6716d,therig.local,50135,combined-random,256x512x4,completed,lava-shield revision 1 seed 50135 [complete]: ,150,2,125,9,75,6,275,4,5,300,8,200,2,0.9338,0.547204,776,0.625,0.6875,10,9,False,0,2,0,0,2
8555bada869cf72a71a400312c77441a,therig.local,50136,combined-random,256x512x8,completed,lava-shield revision 1 seed 50136 [complete]: ,175,1,0,9,75,8,175,8,5,275,8,50,6,0.928608,0.545532,754,0.625,0.65625,5,4,False,0,2,0,0,2
583ae241b06eacb51d08045237c347f0,therig.local,50137,combined-random,512x256x2,completed,lava-shield revision 1 seed 50137 [complete]: ,175,1,25,8,50,10,75,2,9,0,9,225,2,0.919653,0.537442,976,0.583333,0.6875,9,8,False,0,2,0,0,2
4c2e95490447df9327ec19333eb4a016,therig.local,50138,combined-random,512x256x4,completed,lava-shield revision 1 seed 50138 [complete]: ,150,1,175,8,25,6,150,4,3,100,9,75,2,0.975948,0.601604,813,0.625,0.65625,3,3,False,0,2,0,0,2
f452d0610cbd26747fe424aed2237e7c,therig.local,50139,combined-random,512x256x8,completed,lava-shield revision 1 seed 50139 [complete]: ,25,3,75,8,50,8,100,8,4,150,9,150,4,0.925819,0.558213,880,0.625,0.71875,12,11,False,0,2,0,0,2
33a36a6bc9fb561dc0c8efa54368ca0f,therig.local,50140,combined-random,512x512x2,completed,lava-shield revision 1 seed 50140 [complete]: ,0,1,300,9,75,6,0,2,8,300,9,275,6,0.988976,0.615307,888,0.625,0.71875,8,7,False,0,2,0,0,2
a0732313f3abe2481a11d3f9b37b0770,therig.local,50141,combined-random,512x512x4,completed,lava-shield revision 1 seed 50141 [complete]: ,300,1,200,9,75,6,0,4,7,225,9,175,3,0.956135,0.574249,715,0.625,0.59375,7,7,False,0,2,0,0,2
f6074298a592695d4ebca7dbc21d6b8b,therig.local,50142,combined-random,512x512x8,completed,lava-shield revision 1 seed 50142 [complete]: ,175,1,150,9,50,8,100,8,5,25,9,125,1,0.86981,0.451668,487,0.5,0.53125,5,5,False,0,2,0,0,2
4162e2d09bdbd408b13ae51211d9349b,therig.local,50143,combined-random,512x512x12,completed,lava-shield revision 1 seed 50143 [complete]: ,75,2,50,9,75,6,150,12,6,150,9,225,1,0.842513,0.457173,511,0.458333,0.5625,12,9,False,0,2,0,0,2
0ed82395957d6ca8ee28a3dded354431,therig.local,50144,combined-random,128x128x2,completed,lava-shield revision 1 seed 50144 [complete]: ,25,3,300,7,50,8,175,2,4,250,7,100,4,0.973717,0.599444,477,0.625,0.71875,9,4,False,0,2,0,0,2
4cd9b0817c6ce0eece75f1cdd2750f4e,pharaoh-dev-1.local,50145,combined-random,128x256x2,completed,lava-shield revision 1 seed 50145 [complete]: ,50,2,25,8,50,6,100,2,3,50,7,25,4,0.971107,0.606281,633,0.625,0.6875,6,3,False,0,2,0,0,2
df2ccc881cc1a8a0a55a753a727eb331,pharaoh-dev-3.local,50146,combined-random,256x128x2,completed,lava-shield revision 1 seed 50146 [complete]: ,250,0,225,7,25,6,75,2,3,250,8,275,8,0.971235,0.609927,809,0.625,0.71875,0,0,False,0,2,0,0,2
8bf5beb05aad7866a99befc1dc6ef530,pharaoh-dev-3.local,50147,combined-random,256x256x2,completed,lava-shield revision 1 seed 50147 [complete]: ,300,2,175,8,25,8,0,2,5,100,8,0,5,0.994782,0.643226,991,0.625,0.71875,10,9,False,0,2,0,0,2
f7edd18da6283bddc72e5c77ed8198f6,pharaoh-dev-3.local,50148,combined-random,256x256x4,completed,lava-shield revision 1 seed 50148 [complete]: ,100,1,275,8,25,8,275,4,6,0,8,250,5,0.957753,0.575068,734,0.625,0.6875,6,6,False,0,2,0,0,2
67e4ca5256b0a83e3a499f48b8f57c37,pharaoh-dev-3.local,50149,combined-random,256x256x8,completed,lava-shield revision 1 seed 50149 [complete]: ,0,0,200,8,75,8,225,8,4,50,8,200,1,0.824096,0.42519,485,0.583333,0.5625,0,0,False,0,2,0,0,2
e67619a097b9912bddd49909a31ca175,pharaoh-dev-3.local,50150,combined-random,256x512x2,completed,lava-shield revision 1 seed 50150 [complete]: ,250,3,300,9,75,10,225,2,9,275,8,275,2,0.989534,0.59049,794,0.625,0.6875,27,23,False,0,2,0,0,2
3a2c29f8c528de2fb52186d47cb68ca2,pharaoh-dev-3.local,50151,combined-random,256x512x4,completed,lava-shield revision 1 seed 50151 [complete]: ,300,1,0,9,25,10,125,4,7,200,8,250,1,0.900796,0.499725,681,0.541667,0.59375,7,6,False,0,2,0,0,2
5f911db1af6f9aed25476b02317c67fc,pharaoh-dev-2.local,50152,combined-random,256x512x8,completed,lava-shield revision 1 seed 50152 [complete]: ,150,2,100,9,25,6,25,8,3,200,8,50,1,0.899337,0.504389,539,0.458333,0.625,6,4,False,0,2,0,0,2
6b3133066659c355d11795b0afe986f3,pharaoh-dev-2.local,50153,combined-random,512x256x2,completed,lava-shield revision 1 seed 50153 [complete]: ,125,2,175,8,50,6,125,2,8,25,9,150,1,0.971594,0.573403,764,0.625,0.71875,16,13,False,0,2,0,0,2
5a0738ac959f8139677abb0dcdd085a1,pharaoh-dev-2.local,50154,combined-random,512x256x4,completed,lava-shield revision 1 seed 50154 [complete]: ,300,0,125,8,50,8,200,4,4,175,9,200,3,0.980578,0.620366,888,0.625,0.6875,0,0,False,0,2,0,0,2
29d50a794166516140036b2b566955c9,pharaoh-dev-2.local,50155,combined-random,512x256x8,completed,lava-shield revision 1 seed 50155 [complete]: ,75,3,300,8,75,6,300,8,3,100,9,50,8,0.943771,0.567033,858,0.583333,0.71875,9,9,False,0,2,0,0,2
a1a004e49059c88b6eb712117593369d,pharaoh-dev-2.local,50156,combined-random,512x512x2,completed,lava-shield revision 1 seed 50156 [complete]: ,150,3,50,9,25,8,200,2,4,25,9,175,4,0.993723,0.621754,1112,0.625,0.71875,12,8,False,0,2,0,0,2
c7a29b4360f85538e1226696fd1ed225,pharaoh-dev-2.local,50157,combined-random,512x512x4,completed,lava-shield revision 1 seed 50157 [complete]: ,150,2,100,9,75,12,75,4,4,100,9,0,2,0.901779,0.515111,925,0.583333,0.59375,8,7,False,0,2,0,0,2
2b3c1df379c6ed86ed312f24d46a725d,pharaoh-dev-2.local,50158,combined-random,512x512x8,completed,lava-shield revision 1 seed 50158 [complete]: ,300,2,175,9,75,6,50,8,6,175,9,300,3,0.892541,0.510783,533,0.541667,0.59375,12,9,True,0,2,0,0,2
d652afd82dd3e1c0cad9c59cceb282fd,pharaoh-dev-2.local,50159,combined-random,512x512x12,completed,lava-shield revision 1 seed 50159 [complete]: ,250,2,100,9,50,8,100,12,9,125,9,125,6,0.904054,0.528758,670,0.625,0.6875,18,14,False,0,2,0,0,2
01555c640d48cdc31669c627e6aef916,pharaoh-dev-2.local,50160,combined-random,128x128x2,completed,lava-shield revision 1 seed 50160 [complete]: ,125,0,175,7,25,8,250,2,3,0,7,300,8,0.993821,0.620804,566,0.583333,0.71875,0,0,False,0,2,0,0,2
43770605a4d939f3881780c6725e624d,pharaoh-dev-2.local,50161,combined-random,128x256x2,completed,lava-shield revision 1 seed 50161 [complete]: ,25,3,250,8,75,8,50,2,3,75,7,125,8,0.971441,0.613165,976,0.625,0.71875,9,5,False,0,2,0,0,2
0a4df72ffe439fa51a46d655c7a0f91f,pharaoh-dev-2.local,50162,combined-random,256x128x2,completed,lava-shield revision 1 seed 50162 [complete]: ,250,1,75,7,25,8,225,2,5,50,8,250,2,0.980745,0.603592,614,0.625,0.65625,5,3,False,0,2,0,0,2
8e8ffe950afba5cb7e8c5294235bd22f,pharaoh-dev-1.local,50163,combined-random,256x256x2,completed,lava-shield revision 1 seed 50163 [complete]: ,100,0,125,8,50,8,250,2,3,150,8,125,8,0.988951,0.636064,916,0.625,0.71875,0,0,False,0,2,0,0,2
4d2085aa2974ecdbd851407e90bd4e42,pharaoh-dev-1.local,50164,combined-random,256x256x4,completed,lava-shield revision 1 seed 50164 [complete]: ,50,2,0,8,50,12,200,4,5,175,8,200,5,0.936477,0.567714,827,0.541667,0.71875,10,9,False,0,2,0,0,2
760dfe95a44d67d1a6911de4387a3d2f,pharaoh-dev-1.local,50165,combined-random,256x256x8,completed,lava-shield revision 1 seed 50165 [complete]: ,300,2,100,8,75,8,50,8,4,125,8,225,3,0.89734,0.508108,367,0.458333,0.6875,8,7,False,0,2,0,0,2
6be5dddc221ba6b9b440c1f5ed5481cc,pharaoh-dev-1.local,50166,combined-random,256x512x2,completed,lava-shield revision 1 seed 50166 [complete]: ,125,1,150,9,50,12,25,2,6,100,8,300,5,0.994994,0.62976,834,0.625,0.71875,6,6,False,0,2,0,0,2
a53e7f6d58b66899eb9bb58cf9b4a688,pharaoh-dev-1.local,50167,combined-random,256x512x4,completed,lava-shield revision 1 seed 50167 [complete]: ,150,3,225,9,50,6,200,4,8,200,8,275,1,0.916055,0.522501,648,0.458333,0.6875,24,21,False,0,2,0,0,2
4ad44fce7bb7e14d3697fcd720ffe814,pharaoh-dev-1.local,50168,combined-random,256x512x8,completed,lava-shield revision 1 seed 50168 [complete]: ,250,1,250,9,75,8,275,8,5,50,8,50,5,0.947842,0.536198,959,0.541667,0.65625,5,5,False,0,2,0,0,2
121cd43a34e09e2c15d400b380267046,pharaoh-dev-3.local,50169,combined-random,512x256x2,completed,lava-shield revision 1 seed 50169 [complete]: ,0,3,300,8,50,12,125,2,3,250,9,225,7,0.989728,0.616134,818,0.625,0.71875,9,5,False,0,2,0,0,2
c71d6a20133d3f6796da21e67a1a3622,pharaoh-dev-3.local,50170,combined-random,512x256x4,completed,lava-shield revision 1 seed 50170 [complete]: ,225,1,75,8,50,12,125,4,3,100,9,150,5,0.974852,0.610734,900,0.625,0.71875,3,3,False,0,2,0,0,2
e15dabc9d8a7de9d653a004b2f3772d4,pharaoh-dev-3.local,50171,combined-random,512x256x8,completed,lava-shield revision 1 seed 50171 [complete]: ,100,1,0,8,75,6,150,8,4,0,9,25,6,0.944981,0.520731,785,0.541667,0.65625,4,3,False,0,2,0,0,2
019fad7cf82297d2a7f7fc14c25390aa,pharaoh-dev-3.local,50172,combined-random,512x512x2,completed,lava-shield revision 1 seed 50172 [complete]: ,75,3,100,9,50,12,50,2,5,0,9,0,5,0.982099,0.559549,880,0.625,0.6875,15,14,False,0,2,0,0,2
5b6bf6962f13de736ef39f5e289beaa5,pharaoh-dev-3.local,50173,combined-random,512x512x4,completed,lava-shield revision 1 seed 50173 [complete]: ,25,3,0,9,75,6,100,4,3,100,9,200,1,0.960527,0.565926,661,0.5,0.65625,9,8,False,0,2,0,0,2
5aa80ddd9025e7e05c8f1aef040218d2,pharaoh-dev-3.local,50174,combined-random,512x512x8,completed,lava-shield revision 1 seed 50174 [complete]: ,275,1,100,9,50,6,100,8,5,25,9,175,2,0.904066,0.506333,914,0.458333,0.65625,5,5,False,0,2,0,0,2
b77b2db7c3f8acba3e33fe80b1bf7d59,pharaoh-dev-3.local,50175,combined-random,512x512x12,completed,lava-shield revision 1 seed 50175 [complete]: ,0,3,300,9,50,10,275,12,7,100,9,125,2,0.810336,0.424307,730,0.5,0.59375,21,17,False,0,2,0,0,2
9a9681058bb75c8b81dc96a0241ce85c,pharaoh-dev-2.local,50176,combined-random,128x128x2,completed,lava-shield revision 1 seed 50176 [complete]: ,150,1,175,7,25,8,250,2,5,225,7,250,4,0.983218,0.577091,383,0.625,0.71875,4,3,False,0,2,0,0,2
b517a34a62afd2b2ddf76b3fc0d493f9,pharaoh-dev-2.local,50177,combined-random,128x256x2,completed,lava-shield revision 1 seed 50177 [complete]: ,200,2,300,8,25,6,100,2,4,25,7,75,1,0.982534,0.567145,737,0.583333,0.65625,8,7,False,0,2,0,0,2
d1cea5d6c627469f896f24ad0dbb4f9a,pharaoh-dev-2.local,50178,combined-random,256x128x2,completed,lava-shield revision 1 seed 50178 [complete]: ,275,3,125,7,25,8,100,2,3,200,8,125,8,0.999933,0.627556,644,0.625,0.71875,6,3,False,0,2,0,0,2
2e528638c0474ac0240dc00af165926b,pharaoh-dev-2.local,50179,combined-random,256x256x2,completed,lava-shield revision 1 seed 50179 [complete]: ,225,1,300,8,25,8,0,2,7,50,8,175,8,0.999168,0.613912,945,0.625,0.71875,7,6,False,0,2,0,0,2
10b617da93efde677555975d7d6f5656,pharaoh-dev-2.local,50180,combined-random,256x256x4,completed,lava-shield revision 1 seed 50180 [complete]: ,150,0,175,8,25,8,150,4,5,250,8,0,4,0.964252,0.610256,822,0.625,0.71875,0,0,False,0,2,0,0,2
5bfee7a13754045b3a692d1e9573bf06,pharaoh-dev-1.local,50181,combined-random,256x256x8,completed,lava-shield revision 1 seed 50181 [complete]: ,175,3,50,8,75,6,100,8,4,300,8,275,8,0.886553,0.499363,544,0.625,0.71875,12,7,False,0,2,0,0,2
cc7aafff543cc7adce324075d5d24435,pharaoh-dev-1.local,50182,combined-random,256x512x2,completed,lava-shield revision 1 seed 50182 [complete]: ,200,0,100,9,25,6,150,2,3,0,8,125,5,0.987944,0.581768,1352,0.625,0.71875,0,0,False,0,2,0,0,2
156d0d49dc9dc29bc423be005187f514,pharaoh-dev-1.local,50183,combined-random,256x512x4,completed,lava-shield revision 1 seed 50183 [complete]: ,200,0,100,9,25,10,50,4,7,150,8,175,3,0.954633,0.586276,720,0.625,0.71875,0,0,False,0,2,0,0,2
4522b0c5e40238a5826bbbcac9a33359,pharaoh-dev-1.local,50184,combined-random,256x512x8,completed,lava-shield revision 1 seed 50184 [complete]: ,75,3,300,9,75,6,200,8,4,200,8,150,8,0.958784,0.593657,897,0.625,0.71875,12,10,False,0,2,0,0,2
45579779a1850882e1a1a035f8b1fc76,pharaoh-dev-1.local,50185,combined-random,512x256x2,completed,lava-shield revision 1 seed 50185 [complete]: ,125,0,50,8,50,6,225,2,7,150,9,100,3,0.967433,0.602454,762,0.625,0.71875,0,0,False,0,2,0,0,2
e28f65d928ebc82b62029f3cff9423c5,pharaoh-dev-1.local,50186,combined-random,512x256x4,completed,lava-shield revision 1 seed 50186 [complete]: ,25,3,0,8,50,10,25,4,7,100,9,0,4,0.957563,0.577184,892,0.583333,0.625,21,16,False,0,2,0,0,2
5544e25614b0d5f1fde27cfee9ec25f4,therig.local,50187,combined-random,512x256x8,completed,lava-shield revision 1 seed 50187 [complete]: ,250,0,125,8,25,8,50,8,5,300,9,175,6,0.937066,0.552294,790,0.625,0.71875,0,0,False,0,2,0,0,2
fea17bb3cfde055ddb9dc1e9680b8d6d,therig.local,50188,combined-random,512x512x2,completed,lava-shield revision 1 seed 50188 [complete]: ,250,0,225,9,75,8,100,2,6,225,9,200,5,0.975211,0.604414,898,0.625,0.71875,0,0,False,0,2,0,0,2
ecc105e737bb8304e2ab3876beb05126,therig.local,50189,combined-random,512x512x4,completed,lava-shield revision 1 seed 50189 [complete]: ,150,2,150,9,25,12,50,4,3,150,9,275,2,0.94159,0.57235,867,0.625,0.65625,6,6,False,0,2,0,0,2
40d666e0f5c06258c222c157ca23107e,therig.local,50190,combined-random,512x512x8,completed,lava-shield revision 1 seed 50190 [complete]: ,50,0,25,9,75,12,275,8,4,125,9,250,6,0.94336,0.571218,733,0.583333,0.6875,0,0,False,0,2,0,0,2
1466d289cc53945c152b9d438f0f1728,therig.local,50191,combined-random,512x512x12,completed,lava-shield revision 1 seed 50191 [complete]: ,25,0,300,9,50,10,50,12,9,25,9,200,5,0.914171,0.528619,738,0.625,0.71875,0,0,False,0,2,0,0,2
