tick,event,kind,building,unit,live_choice,fresh_choice,live_resource,fresh_resource,live_score,fresh_score,changed,harm_cost,live_age,pending,live_reason,fresh_reason,building_identity,unit_identity,live_identity,fresh_identity
512,1,hiring_candidate,2,0,-1,-1,0,0,0,0,0,0,292,0,0,0,1,1,0,0
512,1,hiring_candidate,2,1,-1,-1,0,0,0,0,0,0,292,0,0,0,1,1,0,0
512,1,hiring_candidate,2,2,-1,-1,0,0,0,0,0,0,292,0,0,0,1,1,0,0
512,1,hiring,2,-1,-1,-1,-1,-1,-1,-1,0,0,292,0,-1,-1,1,0,0,0
512,2,hiring_candidate,1,3,-1,-1,0,0,0,0,0,0,301,0,0,0,1,1,0,0
512,2,hiring_candidate,1,1,-1,-1,0,0,0,0,0,0,301,0,0,0,1,1,0,0
512,2,hiring_candidate,1,2,-1,-1,0,0,0,0,0,0,301,0,0,0,1,1,0,0
512,2,hiring_candidate,1,3,-1,-1,0,0,0,0,0,0,301,0,0,0,1,1,0,0
512,2,hiring,1,-1,-1,-1,-1,-1,-1,-1,0,0,301,0,-1,-1,1,0,0,0
512,3,hiring_candidate,0,0,-1,-1,1,1,0,0,0,0,307,0,0,0,1,1,0,0
512,3,hiring_candidate,0,3,-1,-1,1,1,0,0,0,0,307,0,0,0,1,1,0,0
512,3,hiring,0,-1,-1,-1,-1,-1,-1,-1,0,0,307,0,-1,-1,1,0,0,0
513,4,hiring_candidate,2,0,-1,-1,0,0,0,0,0,0,293,0,0,0,1,1,0,0
513,4,hiring_candidate,2,1,-1,-1,0,0,0,0,0,0,293,0,0,0,1,1,0,0
513,4,hiring_candidate,2,2,-1,-1,0,0,0,0,0,0,293,0,0,0,1,1,0,0
513,4,hiring,2,-1,-1,-1,-1,-1,-1,-1,0,0,293,0,-1,-1,1,0,0,0
513,5,hiring_candidate,1,3,-1,-1,0,0,0,0,0,0,302,0,0,0,1,1,0,0
513,5,hiring_candidate,1,1,-1,-1,0,0,0,0,0,0,302,0,0,0,1,1,0,0
513,5,hiring_candidate,1,2,-1,-1,0,0,0,0,0,0,302,0,0,0,1,1,0,0
513,5,hiring_candidate,1,3,-1,-1,0,0,0,0,0,0,302,0,0,0,1,1,0,0
513,5,hiring,1,-1,-1,-1,-1,-1,-1,-1,0,0,302,0,-1,-1,1,0,0,0
513,6,hiring_candidate,0,0,-1,-1,1,1,0,0,0,0,308,0,0,0,1,1,0,0
513,6,hiring_candidate,0,3,-1,-1,1,1,0,0,0,0,308,0,0,0,1,1,0,0
513,6,hiring,0,-1,-1,-1,-1,-1,-1,-1,0,0,308,0,-1,-1,1,0,0,0
514,7,hiring_candidate,2,0,-1,-1,0,0,0,0,0,0,294,0,0,0,1,1,0,0
514,7,hiring_candidate,2,1,-1,-1,0,0,0,0,0,0,294,0,0,0,1,1,0,0
514,7,hiring_candidate,2,2,-1,-1,0,0,0,0,0,0,294,0,0,0,1,1,0,0
514,7,hiring,2,-1,-1,-1,-1,-1,-1,-1,0,0,294,0,-1,-1,1,0,0,0
514,8,hiring_candidate,1,3,-1,-1,0,0,0,0,0,0,303,0,0,0,1,1,0,0
514,8,hiring_candidate,1,1,-1,-1,0,0,0,0,0,0,303,0,0,0,1,1,0,0
514,8,hiring_candidate,1,2,-1,-1,0,0,0,0,0,0,303,0,0,0,1,1,0,0
514,8,hiring_candidate,1,3,-1,-1,0,0,0,0,0,0,303,0,0,0,1,1,0,0
514,8,hiring,1,-1,-1,-1,-1,-1,-1,-1,0,0,303,0,-1,-1,1,0,0,0
514,9,hiring_candidate,0,0,-1,-1,1,1,0,0,0,0,309,0,0,0,1,1,0,0
514,9,hiring_candidate,0,3,-1,-1,1,1,0,0,0,0,309,0,0,0,1,1,0,0
514,9,hiring,0,-1,-1,-1,-1,-1,-1,-1,0,0,309,0,-1,-1,1,0,0,0
515,10,hiring_candidate,2,0,-1,-1,0,0,0,0,0,0,295,0,0,0,1,1,0,0
515,10,hiring_candidate,2,1,-1,-1,0,0,0,0,0,0,295,0,0,0,1,1,0,0
515,10,hiring_candidate,2,2,-1,-1,0,0,0,0,0,0,295,0,0,0,1,1,0,0
515,10,hiring,2,-1,-1,-1,-1,-1,-1,-1,0,0,295,0,-1,-1,1,0,0,0
515,11,hiring_candidate,1,3,-1,-1,0,0,0,0,0,0,304,0,0,0,1,1,0,0
515,11,hiring_candidate,1,1,-1,-1,0,0,0,0,0,0,304,0,0,0,1,1,0,0
515,11,hiring_candidate,1,2,-1,-1,0,0,0,0,0,0,304,0,0,0,1,1,0,0
515,11,hiring_candidate,1,3,-1,-1,0,0,0,0,0,0,304,0,0,0,1,1,0,0
515,11,hiring,1,-1,-1,-1,-1,-1,-1,-1,0,0,304,0,-1,-1,1,0,0,0
515,12,hiring_candidate,0,0,-1,-1,1,1,0,0,0,0,310,0,0,0,1,1,0,0
515,12,hiring_candidate,0,3,-1,-1,1,1,0,0,0,0,310,0,0,0,1,1,0,0
515,12,hiring,0,-1,-1,-1,-1,-1,-1,-1,0,0,310,0,-1,-1,1,0,0,0
516,13,hiring_candidate,2,0,-1,-1,0,0,0,0,0,0,296,0,0,0,1,1,0,0
516,13,hiring_candidate,2,1,-1,-1,0,0,0,0,0,0,296,0,0,0,1,1,0,0
516,13,hiring_candidate,2,2,-1,-1,0,0,0,0,0,0,296,0,0,0,1,1,0,0
516,13,hiring,2,-1,-1,-1,-1,-1,-1,-1,0,0,296,0,-1,-1,1,0,0,0
516,14,hiring_candidate,1,3,-1,-1,0,0,0,0,0,0,305,0,0,0,1,1,0,0
516,14,hiring_candidate,1,1,-1,-1,0,0,0,0,0,0,305,0,0,0,1,1,0,0
516,14,hiring_candidate,1,2,-1,-1,0,0,0,0,0,0,305,0,0,0,1,1,0,0
516,14,hiring_candidate,1,3,-1,-1,0,0,0,0,0,0,305,0,0,0,1,1,0,0
516,14,hiring,1,-1,-1,-1,-1,-1,-1,-1,0,0,305,0,-1,-1,1,0,0,0
516,15,hiring_candidate,0,0,-1,-1,1,1,0,0,0,0,311,0,0,0,1,1,0,0
516,15,hiring_candidate,0,3,-1,-1,1,1,0,0,0,0,311,0,0,0,1,1,0,0
516,15,hiring,0,-1,-1,-1,-1,-1,-1,-1,0,0,311,0,-1,-1,1,0,0,0
517,16,hiring_candidate,2,0,-1,-1,0,0,0,0,0,0,297,0,0,0,1,1,0,0
517,16,hiring_candidate,2,1,-1,-1,0,0,0,0,0,0,297,0,0,0,1,1,0,0
517,16,hiring_candidate,2,2,-1,-1,0,0,0,0,0,0,297,0,0,0,1,1,0,0
517,16,hiring,2,-1,-1,-1,-1,-1,-1,-1,0,0,297,0,-1,-1,1,0,0,0
517,17,hiring_candidate,1,3,-1,-1,0,0,0,0,0,0,306,0,0,0,1,1,0,0
517,17,hiring_candidate,1,1,-1,-1,0,0,0,0,0,0,306,0,0,0,1,1,0,0
517,17,hiring_candidate,1,2,-1,-1,0,0,0,0,0,0,306,0,0,0,1,1,0,0
517,17,hiring_candidate,1,3,-1,-1,0,0,0,0,0,0,306,0,0,0,1,1,0,0
517,17,hiring,1,-1,-1,-1,-1,-1,-1,-1,0,0,306,0,-1,-1,1,0,0,0
517,18,hiring_candidate,0,0,-1,-1,1,1,0,0,0,0,312,0,0,0,1,1,0,0
517,18,hiring_candidate,0,3,-1,-1,1,1,0,0,0,0,312,0,0,0,1,1,0,0
517,18,hiring,0,-1,-1,-1,-1,-1,-1,-1,0,0,312,0,-1,-1,1,0,0,0
518,19,hiring_candidate,2,0,-1,-1,0,0,0,0,0,0,298,0,0,0,1,1,0,0
518,19,hiring_candidate,2,1,-1,-1,0,0,0,0,0,0,298,0,0,0,1,1,0,0
518,19,hiring_candidate,2,2,-1,-1,0,0,0,0,0,0,298,0,0,0,1,1,0,0
518,19,hiring,2,-1,-1,-1,-1,-1,-1,-1,0,0,298,0,-1,-1,1,0,0,0
518,20,hiring_candidate,1,3,-1,-1,0,0,0,0,0,0,307,0,0,0,1,1,0,0
518,20,hiring_candidate,1,1,-1,-1,0,0,0,0,0,0,307,0,0,0,1,1,0,0
518,20,hiring_candidate,1,2,-1,-1,0,0,0,0,0,0,307,0,0,0,1,1,0,0
518,20,hiring_candidate,1,3,-1,-1,0,0,0,0,0,0,307,0,0,0,1,1,0,0
518,20,hiring,1,-1,-1,-1,-1,-1,-1,-1,0,0,307,0,-1,-1,1,0,0,0
518,21,hiring_candidate,0,0,-1,-1,1,1,0,0,0,0,313,0,0,0,1,1,0,0
518,21,hiring_candidate,0,3,-1,-1,1,1,0,0,0,0,313,0,0,0,1,1,0,0
518,21,hiring,0,-1,-1,-1,-1,-1,-1,-1,0,0,313,0,-1,-1,1,0,0,0
518,22,movement,1025,1024,0,0,-1,-1,34,34,0,0,262,0,-1,-1,1,1,0,0
518,23,movement,1024,1027,2,2,1,1,86,86,0,0,307,0,-1,-1,1,1,0,0
519,24,hiring_candidate,2,0,-1,-1,0,0,0,0,0,0,299,0,0,0,1,1,0,0
519,24,hiring_candidate,2,1,-1,-1,0,0,0,0,0,0,299,0,0,0,1,1,0,0
519,24,hiring_candidate,2,2,-1,-1,0,0,0,0,0,0,299,0,0,0,1,1,0,0
519,24,hiring,2,-1,-1,-1,-1,-1,-1,-1,0,0,299,0,-1,-1,1,0,0,0
519,25,hiring_candidate,1,3,-1,-1,0,0,0,0,0,0,308,0,0,0,1,1,0,0
519,25,hiring_candidate,1,1,-1,-1,0,0,0,0,0,0,308,0,0,0,1,1,0,0
519,25,hiring_candidate,1,2,-1,-1,0,0,0,0,0,0,308,0,0,0,1,1,0,0
519,25,hiring_candidate,1,3,-1,-1,0,0,0,0,0,0,308,0,0,0,1,1,0,0
519,25,hiring,1,-1,-1,-1,-1,-1,-1,-1,0,0,308,0,-1,-1,1,0,0,0
519,26,hiring_candidate,0,0,-1,-1,1,1,0,0,0,0,314,0,0,0,1,1,0,0
519,26,hiring_candidate,0,3,-1,-1,1,1,0,0,0,0,314,0,0,0,1,1,0,0
519,26,hiring,0,-1,-1,-1,-1,-1,-1,-1,0,0,314,0,-1,-1,1,0,0,0
520,27,hiring_candidate,2,0,-1,-1,0,0,0,0,0,0,300,0,0,0,1,1,0,0
520,27,hiring_candidate,2,1,-1,-1,0,0,0,0,0,0,300,0,0,0,1,1,0,0
520,27,hiring_candidate,2,2,-1,-1,0,0,0,0,0,0,300,0,0,0,1,1,0,0
520,27,hiring,2,-1,-1,-1,-1,-1,-1,-1,0,0,300,0,-1,-1,1,0,0,0
520,28,hiring_candidate,1,3,-1,-1,0,0,0,0,0,0,309,0,0,0,1,1,0,0
520,28,hiring_candidate,1,1,-1,-1,0,0,0,0,0,0,309,0,0,0,1,1,0,0
520,28,hiring_candidate,1,2,-1,-1,0,0,0,0,0,0,309,0,0,0,1,1,0,0
520,28,hiring_candidate,1,3,-1,-1,0,0,0,0,0,0,309,0,0,0,1,1,0,0
520,28,hiring,1,-1,-1,-1,-1,-1,-1,-1,0,0,309,0,-1,-1,1,0,0,0
520,29,hiring_candidate,0,0,-1,-1,1,1,0,0,0,0,315,0,0,0,1,1,0,0
520,29,hiring_candidate,0,3,-1,-1,1,1,0,0,0,0,315,0,0,0,1,1,0,0
520,29,hiring,0,-1,-1,-1,-1,-1,-1,-1,0,0,315,0,-1,-1,1,0,0,0
521,30,hiring_candidate,2,0,-1,-1,0,0,0,0,0,0,301,0,0,0,1,1,0,0
521,30,hiring_candidate,2,1,-1,-1,0,0,0,0,0,0,301,0,0,0,1,1,0,0
521,30,hiring_candidate,2,2,-1,-1,0,0,0,0,0,0,301,0,0,0,1,1,0,0
521,30,hiring,2,-1,-1,-1,-1,-1,-1,-1,0,0,301,0,-1,-1,1,0,0,0
521,31,hiring_candidate,1,3,-1,-1,0,0,0,0,0,0,310,0,0,0,1,1,0,0
521,31,hiring_candidate,1,1,-1,-1,0,0,0,0,0,0,310,0,0,0,1,1,0,0
521,31,hiring_candidate,1,2,-1,-1,0,0,0,0,0,0,310,0,0,0,1,1,0,0
521,31,hiring_candidate,1,3,-1,-1,0,0,0,0,0,0,310,0,0,0,1,1,0,0
521,31,hiring,1,-1,-1,-1,-1,-1,-1,-1,0,0,310,0,-1,-1,1,0,0,0
521,32,hiring_candidate,0,0,-1,-1,1,1,0,0,0,0,316,0,0,0,1,1,0,0
521,32,hiring_candidate,0,3,-1,-1,1,1,0,0,0,0,316,0,0,0,1,1,0,0
521,32,hiring,0,-1,-1,-1,-1,-1,-1,-1,0,0,316,0,-1,-1,1,0,0,0
522,33,movement,0,1,5,5,1,1,92,92,0,0,317,0,-1,-1,1,1,0,0
522,34,movement,0,2,-1,-1,-1,-1,-1,-1,0,0,317,0,-1,-1,1,1,0,0
522,35,hiring_candidate,0,2,2,2,1,1,7,7,0,0,317,0,-1,-1,1,1,1,1
522,35,hiring,0,-1,2,2,1,1,-111,-111,0,0,317,0,-1,-1,1,0,1,1
522,36,hiring_candidate,2,0,-1,-1,0,0,0,0,0,0,302,0,0,0,1,1,0,0
522,36,hiring_candidate,2,1,-1,-1,0,0,0,0,0,0,302,0,0,0,1,1,0,0
522,36,hiring_candidate,2,2,-1,-1,0,0,0,0,0,0,302,0,0,0,1,1,0,0
522,36,hiring,2,-1,-1,-1,-1,-1,-1,-1,0,0,302,0,-1,-1,1,0,0,0
522,37,hiring_candidate,1,3,-1,-1,0,0,0,0,0,0,311,0,0,0,1,1,0,0
522,37,hiring_candidate,1,1,-1,-1,0,0,0,0,0,0,311,0,0,0,1,1,0,0
522,37,hiring_candidate,1,2,-1,-1,0,0,0,0,0,0,311,0,0,0,1,1,0,0
522,37,hiring_candidate,1,3,-1,-1,0,0,0,0,0,0,311,0,0,0,1,1,0,0
522,37,hiring,1,-1,-1,-1,-1,-1,-1,-1,0,0,311,0,-1,-1,1,0,0,0
522,38,hiring_candidate,0,0,-1,-1,1,1,0,0,0,0,317,0,0,0,1,1,0,0
522,38,hiring_candidate,0,3,-1,-1,1,1,0,0,0,0,317,0,0,0,1,1,0,0
522,38,hiring,0,-1,-1,-1,-1,-1,-1,-1,0,0,317,0,-1,-1,1,0,0,0
523,39,hiring_candidate,2,0,-1,-1,0,0,0,0,0,0,303,0,0,0,1,1,0,0
523,39,hiring_candidate,2,1,-1,-1,0,0,0,0,0,0,303,0,0,0,1,1,0,0
523,39,hiring_candidate,2,2,-1,-1,0,0,0,0,0,0,303,0,0,0,1,1,0,0
523,39,hiring,2,-1,-1,-1,-1,-1,-1,-1,0,0,303,0,-1,-1,1,0,0,0
523,40,hiring_candidate,1,3,-1,-1,0,0,0,0,0,0,312,0,0,0,1,1,0,0
523,40,hiring_candidate,1,1,-1,-1,0,0,0,0,0,0,312,0,0,0,1,1,0,0
523,40,hiring_candidate,1,2,-1,-1,0,0,0,0,0,0,312,0,0,0,1,1,0,0
523,40,hiring_candidate,1,3,-1,-1,0,0,0,0,0,0,312,0,0,0,1,1,0,0
523,40,hiring,1,-1,-1,-1,-1,-1,-1,-1,0,0,312,0,-1,-1,1,0,0,0
523,41,hiring_candidate,0,0,-1,-1,1,1,0,0,0,0,318,1,0,0,1,1,0,0
523,41,hiring_candidate,0,3,-1,-1,1,1,0,0,0,0,318,1,0,0,1,1,0,0
523,41,hiring,0,-1,-1,-1,-1,-1,-1,-1,0,0,318,1,-1,-1,1,0,0,0
524,42,movement,1,0,6,6,0,0,212,212,0,0,313,0,-1,-1,1,1,0,0
524,43,hiring_candidate,2,0,-1,-1,0,0,0,0,0,0,304,0,0,0,1,1,0,0
524,43,hiring_candidate,2,1,-1,-1,0,0,0,0,0,0,304,0,0,0,1,1,0,0
524,43,hiring_candidate,2,2,-1,-1,0,0,0,0,0,0,304,0,0,0,1,1,0,0
524,43,hiring,2,-1,-1,-1,-1,-1,-1,-1,0,0,304,0,-1,-1,1,0,0,0
524,44,hiring_candidate,1,3,-1,-1,0,0,0,0,0,0,313,0,0,0,1,1,0,0
524,44,hiring_candidate,1,1,-1,-1,0,0,0,0,0,0,313,0,0,0,1,1,0,0
524,44,hiring_candidate,1,2,-1,-1,0,0,0,0,0,0,313,0,0,0,1,1,0,0
524,44,hiring_candidate,1,3,-1,-1,0,0,0,0,0,0,313,0,0,0,1,1,0,0
524,44,hiring,1,-1,-1,-1,-1,-1,-1,-1,0,0,313,0,-1,-1,1,0,0,0
524,45,hiring_candidate,0,0,-1,-1,1,1,0,0,0,0,319,1,0,0,1,1,0,0
524,45,hiring_candidate,0,3,-1,-1,1,1,0,0,0,0,319,1,0,0,1,1,0,0
524,45,hiring,0,-1,-1,-1,-1,-1,-1,-1,0,0,319,1,-1,-1,1,0,0,0
525,46,hiring_candidate,2,0,-1,-1,0,0,0,0,0,0,305,0,0,0,1,1,0,0
525,46,hiring_candidate,2,1,-1,-1,0,0,0,0,0,0,305,0,0,0,1,1,0,0
525,46,hiring_candidate,2,2,-1,-1,0,0,0,0,0,0,305,0,0,0,1,1,0,0
525,46,hiring,2,-1,-1,-1,-1,-1,-1,-1,0,0,305,0,-1,-1,1,0,0,0
525,47,hiring_candidate,1,3,-1,-1,0,0,0,0,0,0,314,0,0,0,1,1,0,0
525,47,hiring_candidate,1,1,-1,-1,0,0,0,0,0,0,314,0,0,0,1,1,0,0
525,47,hiring_candidate,1,2,-1,-1,0,0,0,0,0,0,314,0,0,0,1,1,0,0
525,47,hiring_candidate,1,3,-1,-1,0,0,0,0,0,0,314,0,0,0,1,1,0,0
525,47,hiring,1,-1,-1,-1,-1,-1,-1,-1,0,0,314,0,-1,-1,1,0,0,0
525,48,hiring_candidate,0,0,-1,-1,1,1,0,0,0,0,320,1,0,0,1,1,0,0
525,48,hiring_candidate,0,3,-1,-1,1,1,0,0,0,0,320,1,0,0,1,1,0,0
525,48,hiring,0,-1,-1,-1,-1,-1,-1,-1,0,0,320,1,-1,-1,1,0,0,0
526,49,hiring_candidate,2,0,-1,-1,0,0,0,0,0,0,306,0,0,0,1,1,0,0
526,49,hiring_candidate,2,1,-1,-1,0,0,0,0,0,0,306,0,0,0,1,1,0,0
526,49,hiring_candidate,2,2,-1,-1,0,0,0,0,0,0,306,0,0,0,1,1,0,0
526,49,hiring,2,-1,-1,-1,-1,-1,-1,-1,0,0,306,0,-1,-1,1,0,0,0
526,50,hiring_candidate,1,3,-1,-1,0,0,0,0,0,0,315,0,0,0,1,1,0,0
526,50,hiring_candidate,1,1,-1,-1,0,0,0,0,0,0,315,0,0,0,1,1,0,0
526,50,hiring_candidate,1,2,-1,-1,0,0,0,0,0,0,315,0,0,0,1,1,0,0
526,50,hiring_candidate,1,3,-1,-1,0,0,0,0,0,0,315,0,0,0,1,1,0,0
526,50,hiring,1,-1,-1,-1,-1,-1,-1,-1,0,0,315,0,-1,-1,1,0,0,0
526,51,hiring_candidate,0,0,-1,-1,1,1,0,0,0,0,4,0,0,0,1,1,0,0
526,51,hiring_candidate,0,3,-1,-1,1,1,0,0,0,0,4,0,0,0,1,1,0,0
526,51,hiring,0,-1,-1,-1,-1,-1,-1,-1,0,0,4,0,-1,-1,1,0,0,0
527,52,movement,2,3,1,1,-1,-1,38,38,0,0,307,0,-1,-1,1,1,0,0
527,53,hiring_candidate,2,0,-1,-1,0,0,0,0,0,0,307,0,0,0,1,1,0,0
527,53,hiring_candidate,2,1,-1,-1,0,0,0,0,0,0,307,0,0,0,1,1,0,0
527,53,hiring_candidate,2,2,-1,-1,0,0,0,0,0,0,307,0,0,0,1,1,0,0
527,53,hiring,2,-1,-1,-1,-1,-1,-1,-1,0,0,307,0,-1,-1,1,0,0,0
527,54,hiring_candidate,1,3,-1,-1,0,0,0,0,0,0,316,0,0,0,1,1,0,0
527,54,hiring_candidate,1,1,-1,-1,0,0,0,0,0,0,316,0,0,0,1,1,0,0
527,54,hiring_candidate,1,2,-1,-1,0,0,0,0,0,0,316,0,0,0,1,1,0,0
527,54,hiring_candidate,1,3,-1,-1,0,0,0,0,0,0,316,0,0,0,1,1,0,0
527,54,hiring,1,-1,-1,-1,-1,-1,-1,-1,0,0,316,0,-1,-1,1,0,0,0
527,55,hiring_candidate,0,0,-1,-1,1,1,0,0,0,0,5,0,0,0,1,1,0,0
527,55,hiring_candidate,0,3,-1,-1,1,1,0,0,0,0,5,0,0,0,1,1,0,0
527,55,hiring,0,-1,-1,-1,-1,-1,-1,-1,0,0,5,0,-1,-1,1,0,0,0
528,56,hiring_candidate,2,0,-1,-1,0,0,0,0,0,0,308,0,0,0,1,1,0,0
528,56,hiring_candidate,2,1,-1,-1,0,0,0,0,0,0,308,0,0,0,1,1,0,0
528,56,hiring_candidate,2,2,-1,-1,0,0,0,0,0,0,308,0,0,0,1,1,0,0
528,56,hiring,2,-1,-1,-1,-1,-1,-1,-1,0,0,308,0,-1,-1,1,0,0,0
528,57,hiring_candidate,1,3,-1,-1,0,0,0,0,0,0,317,0,0,0,1,1,0,0
528,57,hiring_candidate,1,1,-1,-1,0,0,0,0,0,0,317,0,0,0,1,1,0,0
528,57,hiring_candidate,1,2,-1,-1,0,0,0,0,0,0,317,0,0,0,1,1,0,0
528,57,hiring_candidate,1,3,-1,-1,0,0,0,0,0,0,317,0,0,0,1,1,0,0
528,57,hiring,1,-1,-1,-1,-1,-1,-1,-1,0,0,317,0,-1,-1,1,0,0,0
528,58,hiring_candidate,0,0,-1,-1,1,1,0,0,0,0,6,0,0,0,1,1,0,0
528,58,hiring_candidate,0,3,-1,-1,1,1,0,0,0,0,6,0,0,0,1,1,0,0
528,58,hiring,0,-1,-1,-1,-1,-1,-1,-1,0,0,6,0,-1,-1,1,0,0,0
529,59,hiring_candidate,2,0,-1,-1,0,0,0,0,0,0,309,0,0,0,1,1,0,0
529,59,hiring_candidate,2,1,-1,-1,0,0,0,0,0,0,309,0,0,0,1,1,0,0
529,59,hiring_candidate,2,2,-1,-1,0,0,0,0,0,0,309,0,0,0,1,1,0,0
529,59,hiring,2,-1,-1,-1,-1,-1,-1,-1,0,0,309,0,-1,-1,1,0,0,0
529,60,hiring_candidate,1,3,-1,-1,0,0,0,0,0,0,318,0,0,0,1,1,0,0
529,60,hiring_candidate,1,1,-1,-1,0,0,0,0,0,0,318,0,0,0,1,1,0,0
529,60,hiring_candidate,1,2,-1,-1,0,0,0,0,0,0,318,0,0,0,1,1,0,0
529,60,hiring_candidate,1,3,-1,-1,0,0,0,0,0,0,318,0,0,0,1,1,0,0
529,60,hiring,1,-1,-1,-1,-1,-1,-1,-1,0,0,318,0,-1,-1,1,0,0,0
529,61,hiring_candidate,0,0,-1,-1,1,1,0,0,0,0,7,0,0,0,1,1,0,0
529,61,hiring_candidate,0,3,-1,-1,1,1,0,0,0,0,7,0,0,0,1,1,0,0
529,61,hiring,0,-1,-1,-1,-1,-1,-1,-1,0,0,7,0,-1,-1,1,0,0,0
530,62,hiring_candidate,2,0,-1,-1,0,0,0,0,0,0,310,0,0,0,1,1,0,0
530,62,hiring_candidate,2,1,-1,-1,0,0,0,0,0,0,310,0,0,0,1,1,0,0
530,62,hiring_candidate,2,2,-1,-1,0,0,0,0,0,0,310,0,0,0,1,1,0,0
530,62,hiring,2,-1,-1,-1,-1,-1,-1,-1,0,0,310,0,-1,-1,1,0,0,0
530,63,hiring_candidate,1,3,-1,-1,0,0,0,0,0,0,319,0,0,0,1,1,0,0
530,63,hiring_candidate,1,1,-1,-1,0,0,0,0,0,0,319,0,0,0,1,1,0,0
530,63,hiring_candidate,1,2,-1,-1,0,0,0,0,0,0,319,0,0,0,1,1,0,0
530,63,hiring_candidate,1,3,-1,-1,0,0,0,0,0,0,319,0,0,0,1,1,0,0
530,63,hiring,1,-1,-1,-1,-1,-1,-1,-1,0,0,319,0,-1,-1,1,0,0,0
530,64,hiring_candidate,0,0,-1,-1,1,1,0,0,0,0,8,0,0,0,1,1,0,0
530,64,hiring_candidate,0,3,-1,-1,1,1,0,0,0,0,8,0,0,0,1,1,0,0
530,64,hiring,0,-1,-1,-1,-1,-1,-1,-1,0,0,8,0,-1,-1,1,0,0,0
531,65,hiring_candidate,2,0,-1,-1,0,0,0,0,0,0,311,0,0,0,1,1,0,0
531,65,hiring_candidate,2,1,-1,-1,0,0,0,0,0,0,311,0,0,0,1,1,0,0
531,65,hiring_candidate,2,2,-1,-1,0,0,0,0,0,0,311,0,0,0,1,1,0,0
531,65,hiring,2,-1,-1,-1,-1,-1,-1,-1,0,0,311,0,-1,-1,1,0,0,0
531,66,hiring_candidate,1,3,-1,-1,0,0,0,0,0,0,320,0,0,0,1,1,0,0
531,66,hiring_candidate,1,1,-1,-1,0,0,0,0,0,0,320,0,0,0,1,1,0,0
531,66,hiring_candidate,1,2,-1,-1,0,0,0,0,0,0,320,0,0,0,1,1,0,0
531,66,hiring_candidate,1,3,-1,-1,0,0,0,0,0,0,320,0,0,0,1,1,0,0
531,66,hiring,1,-1,-1,-1,-1,-1,-1,-1,0,0,320,0,-1,-1,1,0,0,0
531,67,hiring_candidate,0,0,-1,-1,1,1,0,0,0,0,9,0,0,0,1,1,0,0
531,67,hiring_candidate,0,3,-1,-1,1,1,0,0,0,0,9,0,0,0,1,1,0,0
531,67,hiring,0,-1,-1,-1,-1,-1,-1,-1,0,0,9,0,-1,-1,1,0,0,0
532,68,hiring_candidate,2,0,-1,-1,0,0,0,0,0,0,312,0,0,0,1,1,0,0
532,68,hiring_candidate,2,1,-1,-1,0,0,0,0,0,0,312,0,0,0,1,1,0,0
532,68,hiring_candidate,2,2,-1,-1,0,0,0,0,0,0,312,0,0,0,1,1,0,0
532,68,hiring,2,-1,-1,-1,-1,-1,-1,-1,0,0,312,0,-1,-1,1,0,0,0
532,69,hiring_candidate,1,3,-1,-1,0,0,0,0,0,0,321,0,0,0,1,1,0,0
532,69,hiring_candidate,1,1,-1,-1,0,0,0,0,0,0,321,0,0,0,1,1,0,0
532,69,hiring_candidate,1,2,-1,-1,0,0,0,0,0,0,321,0,0,0,1,1,0,0
532,69,hiring_candidate,1,3,-1,-1,0,0,0,0,0,0,321,0,0,0,1,1,0,0
532,69,hiring,1,-1,-1,-1,-1,-1,-1,-1,0,0,321,0,-1,-1,1,0,0,0
532,70,hiring_candidate,0,0,-1,-1,1,1,0,0,0,0,10,0,0,0,1,1,0,0
532,70,hiring_candidate,0,3,-1,-1,1,1,0,0,0,0,10,0,0,0,1,1,0,0
532,70,hiring,0,-1,-1,-1,-1,-1,-1,-1,0,0,10,0,-1,-1,1,0,0,0
533,71,hiring_candidate,2,0,-1,-1,0,0,0,0,0,0,313,0,0,0,1,1,0,0
533,71,hiring_candidate,2,1,-1,-1,0,0,0,0,0,0,313,0,0,0,1,1,0,0
533,71,hiring_candidate,2,2,-1,-1,0,0,0,0,0,0,313,0,0,0,1,1,0,0
533,71,hiring,2,-1,-1,-1,-1,-1,-1,-1,0,0,313,0,-1,-1,1,0,0,0
533,72,hiring_candidate,1,3,-1,-1,0,0,0,0,0,0,322,0,0,0,1,1,0,0
533,72,hiring_candidate,1,1,-1,-1,0,0,0,0,0,0,322,0,0,0,1,1,0,0
533,72,hiring_candidate,1,2,-1,-1,0,0,0,0,0,0,322,0,0,0,1,1,0,0
533,72,hiring_candidate,1,3,-1,-1,0,0,0,0,0,0,322,0,0,0,1,1,0,0
533,72,hiring,1,-1,-1,-1,-1,-1,-1,-1,0,0,322,0,-1,-1,1,0,0,0
533,73,hiring_candidate,0,0,-1,-1,1,1,0,0,0,0,11,0,0,0,1,1,0,0
533,73,hiring_candidate,0,3,-1,-1,1,1,0,0,0,0,11,0,0,0,1,1,0,0
533,73,hiring,0,-1,-1,-1,-1,-1,-1,-1,0,0,11,0,-1,-1,1,0,0,0
534,74,hiring_candidate,2,0,-1,-1,0,0,0,0,0,0,314,0,0,0,1,1,0,0
534,74,hiring_candidate,2,1,-1,-1,0,0,0,0,0,0,314,0,0,0,1,1,0,0
534,74,hiring_candidate,2,2,-1,-1,0,0,0,0,0,0,314,0,0,0,1,1,0,0
534,74,hiring,2,-1,-1,-1,-1,-1,-1,-1,0,0,314,0,-1,-1,1,0,0,0
534,75,hiring_candidate,1,3,-1,-1,0,0,0,0,0,0,323,0,0,0,1,1,0,0
534,75,hiring_candidate,1,1,-1,-1,0,0,0,0,0,0,323,0,0,0,1,1,0,0
534,75,hiring_candidate,1,2,-1,-1,0,0,0,0,0,0,323,0,0,0,1,1,0,0
534,75,hiring_candidate,1,3,-1,-1,0,0,0,0,0,0,323,0,0,0,1,1,0,0
534,75,hiring,1,-1,-1,-1,-1,-1,-1,-1,0,0,323,0,-1,-1,1,0,0,0
534,76,hiring_candidate,0,0,-1,-1,1,1,0,0,0,0,12,0,0,0,1,1,0,0
534,76,hiring_candidate,0,3,-1,-1,1,1,0,0,0,0,12,0,0,0,1,1,0,0
534,76,hiring,0,-1,-1,-1,-1,-1,-1,-1,0,0,12,0,-1,-1,1,0,0,0
535,77,hiring_candidate,2,0,-1,-1,0,0,0,0,0,0,315,0,0,0,1,1,0,0
535,77,hiring_candidate,2,1,-1,-1,0,0,0,0,0,0,315,0,0,0,1,1,0,0
535,77,hiring_candidate,2,2,-1,-1,0,0,0,0,0,0,315,0,0,0,1,1,0,0
535,77,hiring,2,-1,-1,-1,-1,-1,-1,-1,0,0,315,0,-1,-1,1,0,0,0
535,78,hiring_candidate,1,3,-1,-1,0,0,0,0,0,0,324,0,0,0,1,1,0,0
535,78,hiring_candidate,1,1,-1,-1,0,0,0,0,0,0,324,0,0,0,1,1,0,0
535,78,hiring_candidate,1,2,-1,-1,0,0,0,0,0,0,324,0,0,0,1,1,0,0
535,78,hiring_candidate,1,3,-1,-1,0,0,0,0,0,0,324,0,0,0,1,1,0,0
535,78,hiring,1,-1,-1,-1,-1,-1,-1,-1,0,0,324,0,-1,-1,1,0,0,0
535,79,hiring_candidate,0,0,-1,-1,1,1,0,0,0,0,13,0,0,0,1,1,0,0
535,79,hiring_candidate,0,3,-1,-1,1,1,0,0,0,0,13,0,0,0,1,1,0,0
535,79,hiring,0,-1,-1,-1,-1,-1,-1,-1,0,0,13,0,-1,-1,1,0,0,0
536,80,hiring_candidate,2,0,-1,-1,0,0,0,0,0,0,316,0,0,0,1,1,0,0
536,80,hiring_candidate,2,1,-1,-1,0,0,0,0,0,0,316,0,0,0,1,1,0,0
536,80,hiring_candidate,2,2,-1,-1,0,0,0,0,0,0,316,0,0,0,1,1,0,0
536,80,hiring,2,-1,-1,-1,-1,-1,-1,-1,0,0,316,0,-1,-1,1,0,0,0
536,81,hiring_candidate,1,3,-1,-1,0,0,0,0,0,0,325,0,0,0,1,1,0,0
536,81,hiring_candidate,1,1,-1,-1,0,0,0,0,0,0,325,0,0,0,1,1,0,0
536,81,hiring_candidate,1,2,-1,-1,0,0,0,0,0,0,325,0,0,0,1,1,0,0
536,81,hiring_candidate,1,3,-1,-1,0,0,0,0,0,0,325,0,0,0,1,1,0,0
536,81,hiring,1,-1,-1,-1,-1,-1,-1,-1,0,0,325,0,-1,-1,1,0,0,0
536,82,hiring_candidate,0,0,-1,-1,1,1,0,0,0,0,14,0,0,0,1,1,0,0
536,82,hiring_candidate,0,3,-1,-1,1,1,0,0,0,0,14,0,0,0,1,1,0,0
536,82,hiring,0,-1,-1,-1,-1,-1,-1,-1,0,0,14,0,-1,-1,1,0,0,0
537,83,hiring_candidate,2,0,-1,-1,0,0,0,0,0,0,317,0,0,0,1,1,0,0
537,83,hiring_candidate,2,1,-1,-1,0,0,0,0,0,0,317,0,0,0,1,1,0,0
537,83,hiring_candidate,2,2,-1,-1,0,0,0,0,0,0,317,0,0,0,1,1,0,0
537,83,hiring,2,-1,-1,-1,-1,-1,-1,-1,0,0,317,0,-1,-1,1,0,0,0
537,84,hiring_candidate,1,3,-1,-1,0,0,0,0,0,0,326,0,0,0,1,1,0,0
537,84,hiring_candidate,1,1,-1,-1,0,0,0,0,0,0,326,0,0,0,1,1,0,0
537,84,hiring_candidate,1,2,-1,-1,0,0,0,0,0,0,326,0,0,0,1,1,0,0
537,84,hiring_candidate,1,3,-1,-1,0,0,0,0,0,0,326,0,0,0,1,1,0,0
537,84,hiring,1,-1,-1,-1,-1,-1,-1,-1,0,0,326,0,-1,-1,1,0,0,0
537,85,hiring_candidate,0,0,-1,-1,1,1,0,0,0,0,15,0,0,0,1,1,0,0
537,85,hiring_candidate,0,3,-1,-1,1,1,0,0,0,0,15,0,0,0,1,1,0,0
537,85,hiring,0,-1,-1,-1,-1,-1,-1,-1,0,0,15,0,-1,-1,1,0,0,0
538,86,movement,0,1,6,6,1,1,82,82,0,0,16,0,-1,-1,1,1,0,0
538,87,hiring_candidate,2,0,-1,-1,0,0,0,0,0,0,318,0,0,0,1,1,0,0
538,87,hiring_candidate,2,1,-1,-1,0,0,0,0,0,0,318,0,0,0,1,1,0,0
538,87,hiring_candidate,2,2,-1,-1,0,0,0,0,0,0,318,0,0,0,1,1,0,0
538,87,hiring,2,-1,-1,-1,-1,-1,-1,-1,0,0,318,0,-1,-1,1,0,0,0
538,88,hiring_candidate,1,3,-1,-1,0,0,0,0,0,0,327,0,0,0,1,1,0,0
538,88,hiring_candidate,1,1,-1,-1,0,0,0,0,0,0,327,0,0,0,1,1,0,0
538,88,hiring_candidate,1,2,-1,-1,0,0,0,0,0,0,327,0,0,0,1,1,0,0
538,88,hiring_candidate,1,3,-1,-1,0,0,0,0,0,0,327,0,0,0,1,1,0,0
538,88,hiring,1,-1,-1,-1,-1,-1,-1,-1,0,0,327,0,-1,-1,1,0,0,0
538,89,hiring_candidate,0,0,-1,-1,1,1,0,0,0,0,16,0,0,0,1,1,0,0
538,89,hiring_candidate,0,3,-1,-1,1,1,0,0,0,0,16,0,0,0,1,1,0,0
538,89,hiring,0,-1,-1,-1,-1,-1,-1,-1,0,0,16,0,-1,-1,1,0,0,0
539,90,hiring_candidate,2,0,-1,-1,0,0,0,0,0,0,319,0,0,0,1,1,0,0
539,90,hiring_candidate,2,1,-1,-1,0,0,0,0,0,0,319,0,0,0,1,1,0,0
539,90,hiring_candidate,2,2,-1,-1,0,0,0,0,0,0,319,0,0,0,1,1,0,0
539,90,hiring,2,-1,-1,-1,-1,-1,-1,-1,0,0,319,0,-1,-1,1,0,0,0
539,91,hiring_candidate,1,3,-1,-1,0,0,0,0,0,0,328,0,0,0,1,1,0,0
539,91,hiring_candidate,1,1,-1,-1,0,0,0,0,0,0,328,0,0,0,1,1,0,0
539,91,hiring_candidate,1,2,-1,-1,0,0,0,0,0,0,328,0,0,0,1,1,0,0
539,91,hiring_candidate,1,3,-1,-1,0,0,0,0,0,0,328,0,0,0,1,1,0,0
539,91,hiring,1,-1,-1,-1,-1,-1,-1,-1,0,0,328,0,-1,-1,1,0,0,0
539,92,hiring_candidate,0,0,-1,-1,1,1,0,0,0,0,17,0,0,0,1,1,0,0
539,92,hiring_candidate,0,3,-1,-1,1,1,0,0,0,0,17,0,0,0,1,1,0,0
539,92,hiring,0,-1,-1,-1,-1,-1,-1,-1,0,0,17,0,-1,-1,1,0,0,0
540,93,hiring_candidate,2,0,-1,-1,0,0,0,0,0,0,320,0,0,0,1,1,0,0
540,93,hiring_candidate,2,1,-1,-1,0,0,0,0,0,0,320,0,0,0,1,1,0,0
540,93,hiring_candidate,2,2,-1,-1,0,0,0,0,0,0,320,0,0,0,1,1,0,0
540,93,hiring,2,-1,-1,-1,-1,-1,-1,-1,0,0,320,0,-1,-1,1,0,0,0
540,94,hiring_candidate,1,3,-1,-1,0,0,0,0,0,0,329,0,0,0,1,1,0,0
540,94,hiring_candidate,1,1,-1,-1,0,0,0,0,0,0,329,0,0,0,1,1,0,0
540,94,hiring_candidate,1,2,-1,-1,0,0,0,0,0,0,329,0,0,0,1,1,0,0
540,94,hiring_candidate,1,3,-1,-1,0,0,0,0,0,0,329,0,0,0,1,1,0,0
540,94,hiring,1,-1,-1,-1,-1,-1,-1,-1,0,0,329,0,-1,-1,1,0,0,0
540,95,hiring_candidate,0,0,-1,-1,1,1,0,0,0,0,18,0,0,0,1,1,0,0
540,95,hiring_candidate,0,3,-1,-1,1,1,0,0,0,0,18,0,0,0,1,1,0,0
540,95,hiring,0,-1,-1,-1,-1,-1,-1,-1,0,0,18,0,-1,-1,1,0,0,0
541,96,hiring_candidate,2,0,-1,-1,0,0,0,0,0,0,321,0,0,0,1,1,0,0
541,96,hiring_candidate,2,1,-1,-1,0,0,0,0,0,0,321,0,0,0,1,1,0,0
541,96,hiring_candidate,2,2,-1,-1,0,0,0,0,0,0,321,0,0,0,1,1,0,0
541,96,hiring,2,-1,-1,-1,-1,-1,-1,-1,0,0,321,0,-1,-1,1,0,0,0
541,97,hiring_candidate,1,3,-1,-1,0,0,0,0,0,0,330,0,0,0,1,1,0,0
541,97,hiring_candidate,1,1,-1,-1,0,0,0,0,0,0,330,0,0,0,1,1,0,0
541,97,hiring_candidate,1,2,-1,-1,0,0,0,0,0,0,330,0,0,0,1,1,0,0
541,97,hiring_candidate,1,3,-1,-1,0,0,0,0,0,0,330,0,0,0,1,1,0,0
541,97,hiring,1,-1,-1,-1,-1,-1,-1,-1,0,0,330,0,-1,-1,1,0,0,0
541,98,hiring_candidate,0,0,-1,-1,1,1,0,0,0,0,19,0,0,0,1,1,0,0
541,98,hiring_candidate,0,3,-1,-1,1,1,0,0,0,0,19,0,0,0,1,1,0,0
541,98,hiring,0,-1,-1,-1,-1,-1,-1,-1,0,0,19,0,-1,-1,1,0,0,0
541,99,movement,1025,1024,0,0,-1,-1,24,24,0,0,285,0,-1,-1,1,1,0,0
541,100,movement,1024,1027,3,3,1,1,72,72,0,0,330,0,-1,-1,1,1,0,0
542,101,hiring_candidate,2,0,-1,-1,0,0,0,0,0,0,322,0,0,0,1,1,0,0
542,101,hiring_candidate,2,1,-1,-1,0,0,0,0,0,0,322,0,0,0,1,1,0,0
542,101,hiring_candidate,2,2,-1,-1,0,0,0,0,0,0,322,0,0,0,1,1,0,0
542,101,hiring,2,-1,-1,-1,-1,-1,-1,-1,0,0,322,0,-1,-1,1,0,0,0
542,102,hiring_candidate,1,3,-1,-1,0,0,0,0,0,0,331,0,0,0,1,1,0,0
542,102,hiring_candidate,1,1,-1,-1,0,0,0,0,0,0,331,0,0,0,1,1,0,0
542,102,hiring_candidate,1,2,-1,-1,0,0,0,0,0,0,331,0,0,0,1,1,0,0
542,102,hiring_candidate,1,3,-1,-1,0,0,0,0,0,0,331,0,0,0,1,1,0,0
542,102,hiring,1,-1,-1,-1,-1,-1,-1,-1,0,0,331,0,-1,-1,1,0,0,0
542,103,hiring_candidate,0,0,-1,-1,1,1,0,0,0,0,20,0,0,0,1,1,0,0
542,103,hiring_candidate,0,3,-1,-1,1,1,0,0,0,0,20,0,0,0,1,1,0,0
542,103,hiring,0,-1,-1,-1,-1,-1,-1,-1,0,0,20,0,-1,-1,1,0,0,0
543,104,movement,2,3,2,2,-1,-1,28,28,0,0,323,0,-1,-1,1,1,0,0
543,105,hiring_candidate,2,0,-1,-1,0,0,0,0,0,0,323,0,0,0,1,1,0,0
543,105,hiring_candidate,2,1,-1,-1,0,0,0,0,0,0,323,0,0,0,1,1,0,0
543,105,hiring_candidate,2,2,-1,-1,0,0,0,0,0,0,323,0,0,0,1,1,0,0
543,105,hiring,2,-1,-1,-1,-1,-1,-1,-1,0,0,323,0,-1,-1,1,0,0,0
543,106,hiring_candidate,1,3,-1,-1,0,0,0,0,0,0,332,0,0,0,1,1,0,0
543,106,hiring_candidate,1,1,-1,-1,0,0,0,0,0,0,332,0,0,0,1,1,0,0
543,106,hiring_candidate,1,2,-1,-1,0,0,0,0,0,0,332,0,0,0,1,1,0,0
543,106,hiring_candidate,1,3,-1,-1,0,0,0,0,0,0,332,0,0,0,1,1,0,0
543,106,hiring,1,-1,-1,-1,-1,-1,-1,-1,0,0,332,0,-1,-1,1,0,0,0
543,107,hiring_candidate,0,0,-1,-1,1,1,0,0,0,0,21,0,0,0,1,1,0,0
543,107,hiring_candidate,0,3,-1,-1,1,1,0,0,0,0,21,0,0,0,1,1,0,0
543,107,hiring,0,-1,-1,-1,-1,-1,-1,-1,0,0,21,0,-1,-1,1,0,0,0
