id,label,mean,minimum,p5,valid,body,end,bulb,shaft,depth,extension,midsection,socket,collar,fairing,waist_depth,waist_width,waist_height,attachment,support_inner,support_outer,anchor_inner,anchor_middle,swing,clearance,curl,curl_response
trial-000,baseline,0.7783071646228652,0.6661350345560871,0.6943271294398554,True,2.8,5.4,2.0,1.5,0.85,1.4,0.8,0.5,0.3,24,0.08,0.1,1.1,0.78,0.5,1.3,2.7,4.4,0.6,60.0,0.08,0.5
trial-001,coordinate-1-body--1,0.7743450834267045,0.6650943396226415,0.693771818871743,,2.55,5.4,2.0,1.5,0.85,1.4,0.8,0.5,0.3,24,0.08,0.1,1.1,0.78,0.5,1.3,2.7,4.4,0.6,60.0,0.08,0.5
trial-002,coordinate-1-body-1,0.7755984045602322,0.6621392190152802,0.6906540509815543,,3.05,5.4,2.0,1.5,0.85,1.4,0.8,0.5,0.3,24,0.08,0.1,1.1,0.78,0.5,1.3,2.7,4.4,0.6,60.0,0.08,0.5
trial-003,coordinate-1-end--1,0.7660096461625466,0.6548881036513545,0.6831792268206824,,2.8,5.0,2.0,1.5,0.85,1.4,0.8,0.5,0.3,24,0.08,0.1,1.1,0.78,0.5,1.3,2.7,4.4,0.6,60.0,0.08,0.5
trial-004,coordinate-1-end-1,0.7670690553809951,0.6502057613168725,0.6837249283401421,,2.8,5.8,2.0,1.5,0.85,1.4,0.8,0.5,0.3,24,0.08,0.1,1.1,0.78,0.5,1.3,2.7,4.4,0.6,60.0,0.08,0.5
trial-005,coordinate-1-bulb--1,0.7664800682680659,0.6591533809785597,0.6833355897019338,,2.8,5.4,1.8,1.5,0.85,1.4,0.8,0.5,0.3,24,0.08,0.1,1.1,0.78,0.5,1.3,2.7,4.4,0.6,60.0,0.08,0.5
trial-006,coordinate-1-bulb-1,0.7751526001479355,0.6661546338965694,0.6928829178051038,,2.8,5.4,2.2,1.5,0.85,1.4,0.8,0.5,0.3,24,0.08,0.1,1.1,0.78,0.5,1.3,2.7,4.4,0.6,60.0,0.08,0.5
trial-007,coordinate-1-shaft--1,0.7749932505840107,0.6608187134502924,0.6897365401624452,,2.8,5.4,2.0,1.3,0.85,1.4,0.8,0.5,0.3,24,0.08,0.1,1.1,0.78,0.5,1.3,2.7,4.4,0.6,60.0,0.08,0.5
trial-008,coordinate-1-shaft-1,0.7801242055280863,0.6716259298618491,0.6987759719687973,True,2.8,5.4,2.0,1.7,0.85,1.4,0.8,0.5,0.3,24,0.08,0.1,1.1,0.78,0.5,1.3,2.7,4.4,0.6,60.0,0.08,0.5
trial-009,coordinate-1-depth--1,0.7748985512163054,0.6809290953545232,0.7067423576163255,,2.8,5.4,2.0,1.7,0.7,1.4,0.8,0.5,0.3,24,0.08,0.1,1.1,0.78,0.5,1.3,2.7,4.4,0.6,60.0,0.08,0.5
trial-010,coordinate-1-depth-1,0.768275454064707,0.6578411405295316,0.6898239391310182,,2.8,5.4,2.0,1.7,1.0,1.4,0.8,0.5,0.3,24,0.08,0.1,1.1,0.78,0.5,1.3,2.7,4.4,0.6,60.0,0.08,0.5
trial-011,coordinate-1-extension--1,0.7874688067038605,0.6848739495798319,0.7187183383493971,True,2.8,5.4,2.0,1.7,0.85,1.1,0.8,0.5,0.3,24,0.08,0.1,1.1,0.78,0.5,1.3,2.7,4.4,0.6,60.0,0.08,0.5
trial-012,coordinate-1-extension-1,0.759172131854346,0.6261398176291794,0.6657556340640652,,2.8,5.4,2.0,1.7,0.85,1.7,0.8,0.5,0.3,24,0.08,0.1,1.1,0.78,0.5,1.3,2.7,4.4,0.6,60.0,0.08,0.5
trial-013,coordinate-1-midsection--1,0.7873077410003085,0.6850629874025195,0.7181520226793426,,2.8,5.4,2.0,1.7,0.85,1.1,0.5,0.5,0.3,24,0.08,0.1,1.1,0.78,0.5,1.3,2.7,4.4,0.6,60.0,0.08,0.5
trial-014,coordinate-1-midsection-1,0.7876785619839339,0.6846846846846847,0.7201147381036216,True,2.8,5.4,2.0,1.7,0.85,1.1,1.1,0.5,0.3,24,0.08,0.1,1.1,0.78,0.5,1.3,2.7,4.4,0.6,60.0,0.08,0.5
trial-015,coordinate-1-socket--1,0.7904110409711637,0.6912912912912913,0.7233132634051331,False,2.8,5.4,2.0,1.7,0.85,1.1,1.1,0.38,0.3,24,0.08,0.1,1.1,0.78,0.5,1.3,2.7,4.4,0.6,60.0,0.08,0.5
trial-016,coordinate-1-socket-1,0.784705490807471,0.6823104693140795,0.7137799618894796,,2.8,5.4,2.0,1.7,0.85,1.1,1.1,0.62,0.3,24,0.08,0.1,1.1,0.78,0.5,1.3,2.7,4.4,0.6,60.0,0.08,0.5
trial-017,coordinate-1-collar--1,0.7905157455465326,0.6904619076184763,0.7232896135098297,True,2.8,5.4,2.0,1.7,0.85,1.1,1.1,0.5,0.15,24,0.08,0.1,1.1,0.78,0.5,1.3,2.7,4.4,0.6,60.0,0.08,0.5
trial-018,coordinate-1-collar-1,0.7853672146211965,0.6815171583383504,0.7160552762140593,,2.8,5.4,2.0,1.7,0.85,1.1,1.1,0.5,0.45,24,0.08,0.1,1.1,0.78,0.5,1.3,2.7,4.4,0.6,60.0,0.08,0.5
trial-019,coordinate-1-fairing--1,0.789828085765234,0.6901323706377858,0.7222322653860942,,2.8,5.4,2.0,1.7,0.85,1.1,1.1,0.5,0.15,12,0.08,0.1,1.1,0.78,0.5,1.3,2.7,4.4,0.6,60.0,0.08,0.5
trial-020,coordinate-1-fairing-1,0.7913021182081326,0.6926303175554224,0.7222142977401975,True,2.8,5.4,2.0,1.7,0.85,1.1,1.1,0.5,0.15,36,0.08,0.1,1.1,0.78,0.5,1.3,2.7,4.4,0.6,60.0,0.08,0.5
trial-021,coordinate-1-waist_depth--1,0.7903279436272943,0.6919856459330144,0.7213301771485796,,2.8,5.4,2.0,1.7,0.85,1.1,1.1,0.5,0.15,36,0.02,0.1,1.1,0.78,0.5,1.3,2.7,4.4,0.6,60.0,0.08,0.5
trial-022,coordinate-1-waist_depth-1,0.7922465557700463,0.6936936936936937,0.7238815622321307,True,2.8,5.4,2.0,1.7,0.85,1.1,1.1,0.5,0.15,36,0.14,0.1,1.1,0.78,0.5,1.3,2.7,4.4,0.6,60.0,0.08,0.5
trial-023,coordinate-1-waist_width--1,0.7927053355617806,0.6942446043165468,0.724087399087399,True,2.8,5.4,2.0,1.7,0.85,1.1,1.1,0.5,0.15,36,0.14,0.03,1.1,0.78,0.5,1.3,2.7,4.4,0.6,60.0,0.08,0.5
trial-024,coordinate-1-waist_width-1,0.7917108734643763,0.6921226698737222,0.7231306758731676,,2.8,5.4,2.0,1.7,0.85,1.1,1.1,0.5,0.15,36,0.14,0.17,1.1,0.78,0.5,1.3,2.7,4.4,0.6,60.0,0.08,0.5
trial-025,coordinate-1-waist_height--1,0.7920040238175772,0.6944278010784901,0.7237408735869406,,2.8,5.4,2.0,1.7,0.85,1.1,1.1,0.5,0.15,36,0.14,0.03,0.75,0.78,0.5,1.3,2.7,4.4,0.6,60.0,0.08,0.5
trial-026,coordinate-1-waist_height-1,0.7931881244427775,0.6946610677864428,0.7251332066165519,True,2.8,5.4,2.0,1.7,0.85,1.1,1.1,0.5,0.15,36,0.14,0.03,1.45,0.78,0.5,1.3,2.7,4.4,0.6,60.0,0.08,0.5
trial-027,coordinate-1-attachment--1,0.7928299873345076,0.6936450839328537,0.7249882340698766,,2.8,5.4,2.0,1.7,0.85,1.1,1.1,0.5,0.15,36,0.14,0.03,1.45,0.7,0.5,1.3,2.7,4.4,0.6,60.0,0.08,0.5
trial-028,coordinate-1-attachment-1,0.7936508363450467,0.6952609478104379,0.7258260595590091,False,2.8,5.4,2.0,1.7,0.85,1.1,1.1,0.5,0.15,36,0.14,0.03,1.45,0.86,0.5,1.3,2.7,4.4,0.6,60.0,0.08,0.5
trial-029,coordinate-1-support_inner--1,0.7926560522378209,0.6942446043165468,0.7245581287888982,,2.8,5.4,2.0,1.7,0.85,1.1,1.1,0.5,0.15,36,0.14,0.03,1.45,0.78,0.35,1.3,2.7,4.4,0.6,60.0,0.08,0.5
trial-030,coordinate-1-support_inner-1,0.7939703848976922,0.695078031212485,0.7260725763846085,False,2.8,5.4,2.0,1.7,0.85,1.1,1.1,0.5,0.15,36,0.14,0.03,1.45,0.78,0.65,1.3,2.7,4.4,0.6,60.0,0.08,0.5
trial-031,coordinate-1-support_outer--1,0.7917293491459696,0.6938286399041342,0.7226618328997276,,2.8,5.4,2.0,1.7,0.85,1.1,1.1,0.5,0.15,36,0.14,0.03,1.45,0.78,0.5,1.15,2.7,4.4,0.6,60.0,0.08,0.5
trial-032,coordinate-1-support_outer-1,0.794442772675058,0.6952609478104379,0.726713319567599,True,2.8,5.4,2.0,1.7,0.85,1.1,1.1,0.5,0.15,36,0.14,0.03,1.45,0.78,0.5,1.45,2.7,4.4,0.6,60.0,0.08,0.5
trial-033,coordinate-1-anchor_inner--1,0.795981263316464,0.6952609478104379,0.7282067245615563,True,2.8,5.4,2.0,1.7,0.85,1.1,1.1,0.5,0.15,36,0.14,0.03,1.45,0.78,0.5,1.45,2.4,4.4,0.6,60.0,0.08,0.5
trial-034,coordinate-1-anchor_inner-1,0.7927005526861284,0.6944777911164466,0.724488391786042,,2.8,5.4,2.0,1.7,0.85,1.1,1.1,0.5,0.15,36,0.14,0.03,1.45,0.78,0.5,1.45,3.0,4.4,0.6,60.0,0.08,0.5
trial-035,coordinate-1-anchor_middle--1,0.796217703451326,0.6946610677864428,0.725722531712115,True,2.8,5.4,2.0,1.7,0.85,1.1,1.1,0.5,0.15,36,0.14,0.03,1.45,0.78,0.5,1.45,2.4,4.05,0.6,60.0,0.08,0.5
trial-036,coordinate-1-anchor_middle-1,0.7958369802272749,0.6948441247002398,0.7284768528349969,,2.8,5.4,2.0,1.7,0.85,1.1,1.1,0.5,0.15,36,0.14,0.03,1.45,0.78,0.5,1.45,2.4,4.6,0.6,60.0,0.08,0.5
trial-037,coordinate-1-swing--1,0.760123259250841,0.6017997750281214,0.6356154499801515,,2.8,5.4,2.0,1.7,0.85,1.1,1.1,0.5,0.15,36,0.14,0.03,1.45,0.78,0.5,1.45,2.4,4.05,0.45,60.0,0.08,0.5
trial-038,coordinate-1-swing-1,0.8066984138284623,0.7416769420468557,0.7572472858284612,True,2.8,5.4,2.0,1.7,0.85,1.1,1.1,0.5,0.15,36,0.14,0.03,1.45,0.78,0.5,1.45,2.4,4.05,0.75,60.0,0.08,0.5
trial-039,coordinate-1-clearance--1,0.8306438124731159,0.7584541062801933,0.7730742296634149,False,2.8,5.4,2.0,1.7,0.85,1.1,1.1,0.5,0.15,36,0.14,0.03,1.45,0.78,0.5,1.45,2.4,4.05,0.75,50.0,0.08,0.5
trial-040,coordinate-1-clearance-1,0.7641062443458315,0.6668711656441718,0.6930753120685792,,2.8,5.4,2.0,1.7,0.85,1.1,1.1,0.5,0.15,36,0.14,0.03,1.45,0.78,0.5,1.45,2.4,4.05,0.75,70.0,0.08,0.5
trial-041,coordinate-1-curl--1,0.7958554239538582,0.7156076495990129,0.7324095911949685,,2.8,5.4,2.0,1.7,0.85,1.1,1.1,0.5,0.15,36,0.14,0.03,1.45,0.78,0.5,1.45,2.4,4.05,0.75,60.0,0.04,0.5
trial-042,coordinate-1-curl-1,0.8115012806269792,0.7644141351518909,0.7723680091038191,True,2.8,5.4,2.0,1.7,0.85,1.1,1.1,0.5,0.15,36,0.14,0.03,1.45,0.78,0.5,1.45,2.4,4.05,0.75,60.0,0.12,0.5
trial-043,coordinate-1-curl_response--1,0.8085603556664578,0.7469560614081525,0.7680784330016824,,2.8,5.4,2.0,1.7,0.85,1.1,1.1,0.5,0.15,36,0.14,0.03,1.45,0.78,0.5,1.45,2.4,4.05,0.75,60.0,0.12,0.25
trial-044,coordinate-1-curl_response-1,0.8097854324625262,0.7542640555906507,0.7658393561389628,,2.8,5.4,2.0,1.7,0.85,1.1,1.1,0.5,0.15,36,0.14,0.03,1.45,0.78,0.5,1.45,2.4,4.05,0.75,60.0,0.12,0.75
trial-045,coordinate-2-body--1,0.8113105912608922,0.7644508670520231,0.7704687621957339,,2.675,5.4,2.0,1.7,0.85,1.1,1.1,0.5,0.15,36,0.14,0.03,1.45,0.78,0.5,1.45,2.4,4.05,0.75,60.0,0.12,0.5
trial-046,coordinate-2-body-1,0.8101043515633641,0.758364312267658,0.7711262407272529,,2.925,5.4,2.0,1.7,0.85,1.1,1.1,0.5,0.15,36,0.14,0.03,1.45,0.78,0.5,1.45,2.4,4.05,0.75,60.0,0.12,0.5
trial-047,coordinate-2-end--1,0.7987162766076632,0.7481005260081823,0.7610238656908235,,2.8,5.2,2.0,1.7,0.85,1.1,1.1,0.5,0.15,36,0.14,0.03,1.45,0.78,0.5,1.45,2.4,4.05,0.75,60.0,0.12,0.5
trial-048,coordinate-2-end-1,0.8175112815651067,0.7693898655635988,0.7790412969757534,True,2.8,5.6,2.0,1.7,0.85,1.1,1.1,0.5,0.15,36,0.14,0.03,1.45,0.78,0.5,1.45,2.4,4.05,0.75,60.0,0.12,0.5
trial-049,coordinate-2-bulb--1,0.8124836491197679,0.7695147679324894,0.77670827975613,,2.8,5.6,1.9,1.7,0.85,1.1,1.1,0.5,0.15,36,0.14,0.03,1.45,0.78,0.5,1.45,2.4,4.05,0.75,60.0,0.12,0.5
trial-050,coordinate-2-bulb-1,0.8175828348424878,0.7697768762677485,0.7782339103669114,True,2.8,5.6,2.1,1.7,0.85,1.1,1.1,0.5,0.15,36,0.14,0.03,1.45,0.78,0.5,1.45,2.4,4.05,0.75,60.0,0.12,0.5
trial-051,coordinate-2-shaft--1,0.817551073606442,0.7676664972038637,0.7771614145009434,,2.8,5.6,2.1,1.6,0.85,1.1,1.1,0.5,0.15,36,0.14,0.03,1.45,0.78,0.5,1.45,2.4,4.05,0.75,60.0,0.12,0.5
trial-052,coordinate-2-shaft-1,0.8165560766693195,0.7676579925650557,0.7768280448916343,,2.8,5.6,2.1,1.8,0.85,1.1,1.1,0.5,0.15,36,0.14,0.03,1.45,0.78,0.5,1.45,2.4,4.05,0.75,60.0,0.12,0.5
trial-053,coordinate-2-depth--1,0.8187529600754869,0.7648261758691206,0.7816629421892985,True,2.8,5.6,2.1,1.7,0.775,1.1,1.1,0.5,0.15,36,0.14,0.03,1.45,0.78,0.5,1.45,2.4,4.05,0.75,60.0,0.12,0.5
trial-054,coordinate-2-depth-1,0.8096370299491098,0.7533333333333333,0.7716026714817151,,2.8,5.6,2.1,1.7,0.925,1.1,1.1,0.5,0.15,36,0.14,0.03,1.45,0.78,0.5,1.45,2.4,4.05,0.75,60.0,0.12,0.5
trial-055,coordinate-2-extension--1,0.8145649216503613,0.768595041322314,0.779610503075766,False,2.8,5.6,2.1,1.7,0.775,0.95,1.1,0.5,0.15,36,0.14,0.03,1.45,0.78,0.5,1.45,2.4,4.05,0.75,60.0,0.12,0.5
trial-056,coordinate-2-extension-1,0.8176440133532339,0.7593340060544904,0.7781894635592008,,2.8,5.6,2.1,1.7,0.775,1.25,1.1,0.5,0.15,36,0.14,0.03,1.45,0.78,0.5,1.45,2.4,4.05,0.75,60.0,0.12,0.5
trial-057,coordinate-2-midsection--1,0.8185405752186639,0.7653374233128835,0.7808453741216982,,2.8,5.6,2.1,1.7,0.775,1.1,0.95,0.5,0.15,36,0.14,0.03,1.45,0.78,0.5,1.45,2.4,4.05,0.75,60.0,0.12,0.5
trial-058,coordinate-2-midsection-1,0.8187950046328667,0.7638036809815951,0.7807884801578993,True,2.8,5.6,2.1,1.7,0.775,1.1,1.25,0.5,0.15,36,0.14,0.03,1.45,0.78,0.5,1.45,2.4,4.05,0.75,60.0,0.12,0.5
trial-059,coordinate-2-socket--1,0.819959950225607,0.7658486707566462,0.781885988842174,True,2.8,5.6,2.1,1.7,0.775,1.1,1.25,0.44,0.15,36,0.14,0.03,1.45,0.78,0.5,1.45,2.4,4.05,0.75,60.0,0.12,0.5
trial-060,coordinate-2-socket-1,0.8175266015536904,0.7626598465473146,0.7801570808804272,,2.8,5.6,2.1,1.7,0.775,1.1,1.25,0.56,0.15,36,0.14,0.03,1.45,0.78,0.5,1.45,2.4,4.05,0.75,60.0,0.12,0.5
trial-061,coordinate-2-collar-1,0.8181713110051605,0.7641943734015345,0.7796328047255523,,2.8,5.6,2.1,1.7,0.775,1.1,1.25,0.44,0.225,36,0.14,0.03,1.45,0.78,0.5,1.45,2.4,4.05,0.75,60.0,0.12,0.5
trial-062,coordinate-2-fairing--1,0.8198068075762887,0.7672988211173757,0.7799742066938523,,2.8,5.6,2.1,1.7,0.775,1.1,1.25,0.44,0.15,30,0.14,0.03,1.45,0.78,0.5,1.45,2.4,4.05,0.75,60.0,0.12,0.5
trial-063,coordinate-2-fairing-1,0.8201249914506329,0.7678936605316974,0.7828310990736738,True,2.8,5.6,2.1,1.7,0.775,1.1,1.25,0.44,0.15,40,0.14,0.03,1.45,0.78,0.5,1.45,2.4,4.05,0.75,60.0,0.12,0.5
trial-064,coordinate-2-waist_depth--1,0.8196466911481817,0.7671092951991828,0.7825033286120563,,2.8,5.6,2.1,1.7,0.775,1.1,1.25,0.44,0.15,40,0.11,0.03,1.45,0.78,0.5,1.45,2.4,4.05,0.75,60.0,0.12,0.5
trial-065,coordinate-2-waist_depth-1,0.8205347762313149,0.7682864450127878,0.7821907859871984,True,2.8,5.6,2.1,1.7,0.775,1.1,1.25,0.44,0.15,40,0.17,0.03,1.45,0.78,0.5,1.45,2.4,4.05,0.75,60.0,0.12,0.5
trial-066,coordinate-2-waist_width--1,0.8209664882333736,0.7681307456588355,0.7831609508966417,False,2.8,5.6,2.1,1.7,0.775,1.1,1.25,0.44,0.15,40,0.17,0.0,1.45,0.78,0.5,1.45,2.4,4.05,0.75,60.0,0.12,0.5
trial-067,coordinate-2-waist_width-1,0.8199045006267879,0.7692307692307693,0.7819069658229205,,2.8,5.6,2.1,1.7,0.775,1.1,1.25,0.44,0.15,40,0.17,0.065,1.45,0.78,0.5,1.45,2.4,4.05,0.75,60.0,0.12,0.5
trial-068,coordinate-2-waist_height--1,0.8207421933418082,0.7677386421643696,0.7837271228420574,False,2.8,5.6,2.1,1.7,0.775,1.1,1.25,0.44,0.15,40,0.17,0.0,1.275,0.78,0.5,1.45,2.4,4.05,0.75,60.0,0.12,0.5
trial-069,coordinate-2-waist_height-1,0.8210891328164746,0.768012263668881,0.7823726857922064,False,2.8,5.6,2.1,1.7,0.775,1.1,1.25,0.44,0.15,40,0.17,0.0,1.625,0.78,0.5,1.45,2.4,4.05,0.75,60.0,0.12,0.5
trial-070,coordinate-2-attachment--1,0.82092106360281,0.768012263668881,0.781885988842174,False,2.8,5.6,2.1,1.7,0.775,1.1,1.25,0.44,0.15,40,0.17,0.0,1.625,0.74,0.5,1.45,2.4,4.05,0.75,60.0,0.12,0.5
trial-071,coordinate-2-attachment-1,0.821195598859756,0.7676200204290092,0.7819854773106517,False,2.8,5.6,2.1,1.7,0.775,1.1,1.25,0.44,0.15,40,0.17,0.0,1.625,0.82,0.5,1.45,2.4,4.05,0.75,60.0,0.12,0.5
trial-072,coordinate-2-support_inner--1,0.8209957862594557,0.768012263668881,0.781885988842174,False,2.8,5.6,2.1,1.7,0.775,1.1,1.25,0.44,0.15,40,0.17,0.0,1.625,0.82,0.425,1.45,2.4,4.05,0.75,60.0,0.12,0.5
trial-073,coordinate-2-support_inner-1,0.8214430916488807,0.7677386421643696,0.7821004726436205,False,2.8,5.6,2.1,1.7,0.775,1.1,1.25,0.44,0.15,40,0.17,0.0,1.625,0.82,0.575,1.45,2.4,4.05,0.75,60.0,0.12,0.5
trial-074,coordinate-2-support_outer--1,0.8209701910401392,0.7676200204290092,0.7822690217391305,False,2.8,5.6,2.1,1.7,0.775,1.1,1.25,0.44,0.15,40,0.17,0.0,1.625,0.82,0.575,1.375,2.4,4.05,0.75,60.0,0.12,0.5
trial-075,coordinate-2-support_outer-1,0.8217079528721721,0.7682491066870852,0.7827057453416149,False,2.8,5.6,2.1,1.7,0.775,1.1,1.25,0.44,0.15,40,0.17,0.0,1.625,0.82,0.575,1.5,2.4,4.05,0.75,60.0,0.12,0.5
trial-076,coordinate-2-anchor_inner--1,0.821837910055663,0.7673469387755102,0.7814707657213629,False,2.8,5.6,2.1,1.7,0.775,1.1,1.25,0.44,0.15,40,0.17,0.0,1.625,0.82,0.575,1.5,2.25,4.05,0.75,60.0,0.12,0.5
trial-077,coordinate-2-anchor_inner-1,0.821445073931093,0.7687595712098009,0.7827053438617005,False,2.8,5.6,2.1,1.7,0.775,1.1,1.25,0.44,0.15,40,0.17,0.0,1.625,0.82,0.575,1.5,2.55,4.05,0.75,60.0,0.12,0.5
trial-078,coordinate-2-anchor_middle--1,0.8221206044130175,0.7677386421643696,0.7816718044907827,False,2.8,5.6,2.1,1.7,0.775,1.1,1.25,0.44,0.15,40,0.17,0.0,1.625,0.82,0.575,1.5,2.25,3.875,0.75,60.0,0.12,0.5
trial-079,coordinate-2-anchor_middle-1,0.8216553967183187,0.7663265306122449,0.7819448096514358,False,2.8,5.6,2.1,1.7,0.775,1.1,1.25,0.44,0.15,40,0.17,0.0,1.625,0.82,0.575,1.5,2.25,4.225,0.75,60.0,0.12,0.5
trial-080,coordinate-2-swing--1,0.8210680028772244,0.7677386421643696,0.7783988518462348,False,2.8,5.6,2.1,1.7,0.775,1.1,1.25,0.44,0.15,40,0.17,0.0,1.625,0.82,0.575,1.5,2.25,3.875,0.675,60.0,0.12,0.5
trial-081,coordinate-2-swing-1,0.8221206044130175,0.7677386421643696,0.7816718044907827,False,2.8,5.6,2.1,1.7,0.775,1.1,1.25,0.44,0.15,40,0.17,0.0,1.625,0.82,0.575,1.5,2.25,3.875,0.825,60.0,0.12,0.5
trial-082,coordinate-2-clearance--1,0.8405273200888224,0.7809973045822103,0.7995656165621694,False,2.8,5.6,2.1,1.7,0.775,1.1,1.25,0.44,0.15,40,0.17,0.0,1.625,0.82,0.575,1.5,2.25,3.875,0.75,55.0,0.12,0.5
trial-083,coordinate-2-clearance-1,0.7992942780150867,0.7346059113300493,0.7541706081836661,False,2.8,5.6,2.1,1.7,0.775,1.1,1.25,0.44,0.15,40,0.17,0.0,1.625,0.82,0.575,1.5,2.25,3.875,0.75,65.0,0.12,0.5
trial-084,coordinate-2-curl--1,0.8219168814996959,0.771078180889116,0.7851177166773142,False,2.8,5.6,2.1,1.7,0.775,1.1,1.25,0.44,0.15,40,0.17,0.0,1.625,0.82,0.575,1.5,2.25,3.875,0.75,60.0,0.1,0.5
trial-085,coordinate-2-curl-1,0.8205635254874882,0.7620988283239939,0.7771549576482312,False,2.8,5.6,2.1,1.7,0.775,1.1,1.25,0.44,0.15,40,0.17,0.0,1.625,0.82,0.575,1.5,2.25,3.875,0.75,60.0,0.14,0.5
trial-086,coordinate-2-curl_response--1,0.8207467945473614,0.7599186164801628,0.7759854838023073,False,2.8,5.6,2.1,1.7,0.775,1.1,1.25,0.44,0.15,40,0.17,0.0,1.625,0.82,0.575,1.5,2.25,3.875,0.75,60.0,0.12,0.375
trial-087,coordinate-2-curl_response-1,0.8223368141688869,0.7715891670924885,0.7862096946281967,False,2.8,5.6,2.1,1.7,0.775,1.1,1.25,0.44,0.15,40,0.17,0.0,1.625,0.82,0.575,1.5,2.25,3.875,0.75,60.0,0.12,0.625
trial-088,coupled-0,0.8219696516332444,0.7736604907361042,0.7829149607784942,False,2.8,5.6,2.1,1.76382,0.775,1.1,1.25,0.44,0.15,40,0.17,0.0,1.625,0.82,0.575,1.5,2.25,3.875,0.71219,60.0,0.12,0.625
trial-089,coupled-1,0.822656230336644,0.7711950970377937,0.7861410643736928,False,2.8,5.6,2.1,1.7,0.775,1.1,1.25,0.44,0.15,40,0.17,0.0,1.625,0.83385,0.68156,1.5,2.25,3.875,0.75,60.0,0.12,0.625
trial-090,coupled-2,0.8160870920000272,0.7757731958762887,0.7848145811840453,False,2.8,5.6,2.1,1.7,0.775,0.89587,1.25,0.44,0.15,40,0.17,0.0,1.625,0.83385,0.68156,1.41258,2.25,3.875,0.75,60.0,0.11124,0.625
trial-091,coupled-3,0.8218709532193255,0.7660110943015633,0.7833607443885429,,2.8,5.6,2.1,1.7,0.775,1.21894,1.25,0.44,0.15,40,0.17,0.0,1.625,0.86567,0.68156,1.5,2.25,3.875,0.75,60.0,0.12,0.625
trial-092,coupled-4,0.8134628794847255,0.753030303030303,0.7742308939863453,False,2.8,5.73477,2.1,1.7,0.69558,1.1,1.25,0.43063,0.15,40,0.17,0.0,1.7,0.83385,0.68156,1.5,2.25,3.875,0.84987,60.0,0.12,0.625
trial-093,coupled-5,0.8216927282395471,0.7756246812850587,0.7858801771056413,False,2.8,5.6,2.12095,1.7,0.775,1.1,1.25,0.44,0.15,40,0.17294,0.0,1.625,0.83385,0.65103,1.5,2.25,3.875,0.75,60.0,0.12,0.78479
trial-094,coupled-6,0.819945541036448,0.7709611451942741,0.7802884989134349,,2.66756,5.6,2.1,1.7,0.775,1.12254,1.25,0.44,0.15,40,0.12608,0.0,1.625,0.83385,0.68156,1.5,2.25,3.875,0.75,60.0,0.12,0.625
trial-095,coupled-7,0.8226234138775144,0.772100153295861,0.7860211050338229,False,2.8,5.6,2.1,1.7,0.775,1.1,1.25,0.44,0.15,40,0.17,0.0,1.625,0.85438,0.68156,1.5,2.25,3.95539,0.75,60.0,0.12,0.625
trial-096,coupled-8,0.8225764884843214,0.772100153295861,0.7860211050338229,False,2.8,5.6,2.1,1.7,0.775,1.1,1.25,0.44,0.15,40,0.17,0.0,1.625,0.83385,0.7,1.5,2.25,3.99707,0.75,60.0,0.12,0.625
trial-097,coupled-9,0.821597272083854,0.7685232498722534,0.7855367376866151,False,2.79832,5.6,2.1,1.7,0.775,1.1,1.21999,0.50461,0.15,40,0.17,0.0,1.50989,0.83385,0.68156,1.5,2.25,3.875,0.75,60.0,0.12,0.625
trial-098,coupled-10,0.8204542346581897,0.7713554987212277,0.7825959959845695,,2.73696,5.6,2.1,1.7,0.775,1.14426,1.25,0.44,0.15,40,0.18,0.03477,1.625,0.83385,0.68156,1.4033,2.25,3.875,0.75,60.0,0.12,0.625
trial-099,coupled-11,0.8222433746455471,0.7711646998460749,0.7855802733851515,False,2.8,5.45537,2.1,1.7,0.80161,1.1,1.25,0.44,0.15,40,0.17,0.0,1.7,0.83385,0.68156,1.5,2.25,3.875,0.75,60.0,0.12,0.625
trial-100,coupled-12,0.8223210897306377,0.7699024139702105,0.7841417889688782,False,2.8,5.6,2.04911,1.58826,0.81869,1.1,1.25,0.44,0.15,40,0.17,0.0,1.625,0.83385,0.62352,1.5,2.25,3.875,0.75,60.0,0.12,0.625
trial-101,coupled-13,0.8179379281206325,0.7678113787801127,0.7771353637085582,,2.62534,5.6,2.1,1.7,0.775,1.11644,1.25,0.44,0.1831,40,0.17,0.0,1.625,0.83385,0.68156,1.44829,2.28717,3.875,0.75,60.0,0.12,0.625
trial-102,coupled-14,0.8194767318481155,0.753700414446418,0.7774795460077478,False,2.8,5.6,2.1,1.7,0.775,1.1,1.25,0.44,0.15,40,0.18,0.0,1.36956,0.83385,0.68156,1.5,2.25,3.875,0.6535,60.0,0.12,0.625
trial-103,coupled-15,0.8227256651970307,0.7706843718079673,0.7864423076923077,False,2.8,5.6,2.1,1.7,0.775,1.1,1.3731,0.44,0.15,40,0.17,0.0,1.7,0.83385,0.68156,1.5,2.20755,3.875,0.75,60.0,0.12,0.61949
trial-104,coupled-16,0.7949525567018509,0.741751269035533,0.7562563550033116,False,2.70435,5.43247,2.1,1.7,0.775,0.98486,1.3731,0.44,0.19703,40,0.17,0.0,1.7,0.83385,0.68156,1.5,2.20755,3.875,0.75,63.80469,0.12,0.61949
trial-105,coupled-17,0.8222255581808275,0.7687595712098009,0.7816253846360872,False,2.8,5.6,2.1,1.7,0.775,1.1,1.3731,0.44,0.15,40,0.17,0.0,1.7,0.83385,0.68156,1.45648,2.20755,3.875,0.75,60.0,0.14,0.61949
trial-106,coupled-18,0.821114303387742,0.7684426229508197,0.7840921424395094,False,2.8,5.6,2.1,1.7,0.775,1.1,1.4,0.52079,0.15,33,0.17,0.0,1.7,0.83385,0.68156,1.5,2.20755,3.82324,0.75,60.0,0.12,0.61949
trial-107,coupled-19,0.8214025254528492,0.7717223650385604,0.7849475799405905,False,2.8,5.6,2.1,1.56113,0.775,1.1,1.3731,0.44,0.15,40,0.17,0.0,1.7,0.83385,0.68156,1.5,2.20755,3.875,0.75,60.0,0.12,0.61949
trial-108,coupled-20,0.8157809616297708,0.7691542288557214,0.7789763429959415,False,2.74251,5.6,2.24319,1.7,0.775,1.1,1.2553,0.49954,0.15,40,0.17,0.0,1.7,0.83385,0.68156,1.5,2.21251,3.875,0.75,60.0,0.12,0.61949
trial-109,coupled-21,0.8226510659939166,0.7714723926380368,0.7856436514356839,False,2.8,5.6,2.1,1.7,0.775,1.1,1.4,0.44,0.15,40,0.18,0.0,1.7,0.77492,0.68156,1.5,2.20755,3.875,0.75,60.0,0.12,0.61949
trial-110,coupled-22,0.8233749413485132,0.7707590422822211,0.7854933805418719,False,2.89559,5.6,2.1,1.7,0.775,1.1,1.3731,0.44,0.15,40,0.17,0.0,1.56676,0.83385,0.68156,1.5,2.20755,3.875,0.75,60.0,0.12,0.61949
trial-111,coupled-23,0.8274604053319217,0.7778450363196125,0.7890734818494454,False,2.8,5.6,2.1,1.7,0.775,1.1,1.3731,0.44,0.15,33,0.17,0.0,1.7,0.79388,0.68156,1.5,2.20755,3.76587,0.68613,58.47985,0.12,0.61949
trial-112,coupled-24,0.8222028820400702,0.7686414708886619,0.7807733109542528,False,2.8,5.6,2.1,1.7,0.77192,1.1,1.3731,0.44,0.15,40,0.17,0.0,1.7,0.83385,0.68156,1.5,2.2,3.875,0.75,60.0,0.14,0.61949
trial-113,coupled-25,0.8149685349127948,0.7666057282145033,0.7778701439393774,,2.8,5.6,2.24228,1.7,0.80852,1.1,1.3731,0.44,0.15,40,0.17,0.02866,1.7,0.83385,0.60489,1.5,2.20755,3.875,0.73079,60.0,0.12,0.61949
trial-114,coupled-26,0.8218370764670635,0.7697335344394168,0.7855025343470722,False,2.8,5.6,2.1657,1.7,0.775,1.1,1.3731,0.44,0.15,40,0.17,0.0,1.7,0.83385,0.68156,1.5,2.20755,3.875,0.75,60.0,0.12,0.61949
trial-115,coupled-27,0.8221397708412577,0.7699814126394052,0.7815102926485173,,2.86392,5.49944,2.1,1.7,0.775,1.29607,1.3731,0.44,0.15,40,0.17,0.0,1.7,0.83385,0.68156,1.5,2.20755,3.875,0.75,60.0,0.12,0.61949
trial-116,coupled-28,0.8205401035135822,0.7654573326520184,0.7790647266249818,False,2.76056,5.6,2.1,1.7,0.775,1.1,1.3731,0.50921,0.15,40,0.17,0.0,1.7,0.83385,0.68156,1.5,2.20755,3.875,0.75,60.0,0.12,0.5139
trial-117,coupled-29,0.8218539576854648,0.7712820512820513,0.7863050324066401,False,2.8,5.6,2.1,1.60963,0.775,1.1,1.3731,0.44,0.15,40,0.17,0.0,1.7,0.83385,0.68156,1.5,2.20755,4.01667,0.75,60.0,0.12,0.61949
trial-118,coupled-30,0.821166318415914,0.7719118400820092,0.7833554465404823,False,2.8,5.6,2.1,1.7,0.74407,1.1,1.3731,0.41116,0.15,40,0.13551,0.0,1.7,0.86667,0.68156,1.5,2.20755,3.875,0.75,60.0,0.12,0.61949
trial-119,coupled-31,0.8229860695964953,0.7734414597060314,0.7853674265987022,False,2.96742,5.6,2.11093,1.7,0.775,1.1,1.3731,0.44,0.15,40,0.15265,0.0,1.7,0.83385,0.65338,1.5,2.20755,3.875,0.75,60.0,0.12,0.61949
trial-120,fine-body--1,0.821737389301671,0.7712384851586489,0.7852876143395211,False,2.7375,5.6,2.1,1.7,0.775,1.1,1.3731,0.44,0.15,40,0.17,0.0,1.7,0.83385,0.68156,1.5,2.20755,3.875,0.75,60.0,0.12,0.61949
trial-121,fine-body-1,0.823276041779721,0.7705252422233554,0.786751508082007,False,2.8625,5.6,2.1,1.7,0.775,1.1,1.3731,0.44,0.15,40,0.17,0.0,1.7,0.83385,0.68156,1.5,2.20755,3.875,0.75,60.0,0.12,0.61949
trial-122,fine-end--1,0.8220289563340551,0.7740607308286156,0.7878218389036713,False,2.8,5.5,2.1,1.7,0.775,1.1,1.3731,0.44,0.15,40,0.17,0.0,1.7,0.83385,0.68156,1.5,2.20755,3.875,0.75,60.0,0.12,0.61949
trial-123,fine-end-1,0.8211990291866439,0.7686075949367088,0.784104409097029,False,2.8,5.7,2.1,1.7,0.775,1.1,1.3731,0.44,0.15,40,0.17,0.0,1.7,0.83385,0.68156,1.5,2.20755,3.875,0.75,60.0,0.12,0.61949
trial-124,fine-bulb--1,0.8219297612130119,0.7728446050593701,0.788707306769579,False,2.8,5.6,2.05,1.7,0.775,1.1,1.3731,0.44,0.15,40,0.17,0.0,1.7,0.83385,0.68156,1.5,2.20755,3.875,0.75,60.0,0.12,0.61949
trial-125,fine-bulb-1,0.8222693926473432,0.7722672064777328,0.7863294201184312,False,2.8,5.6,2.15,1.7,0.775,1.1,1.3731,0.44,0.15,40,0.17,0.0,1.7,0.83385,0.68156,1.5,2.20755,3.875,0.75,60.0,0.12,0.61949
trial-126,fine-shaft--1,0.8225757705598798,0.77021494370522,0.7862840329260345,False,2.8,5.6,2.1,1.65,0.775,1.1,1.3731,0.44,0.15,40,0.17,0.0,1.7,0.83385,0.68156,1.5,2.20755,3.875,0.75,60.0,0.12,0.61949
trial-127,fine-shaft-1,0.8227192281887589,0.7739348370927318,0.7859147329304816,False,2.8,5.6,2.1,1.75,0.775,1.1,1.3731,0.44,0.15,40,0.17,0.0,1.7,0.83385,0.68156,1.5,2.20755,3.875,0.75,60.0,0.12,0.61949
trial-128,fine-depth--1,0.8203921082634229,0.769811320754717,0.7824028674195164,False,2.8,5.6,2.1,1.7,0.7375,1.1,1.3731,0.44,0.15,40,0.17,0.0,1.7,0.83385,0.68156,1.5,2.20755,3.875,0.75,60.0,0.12,0.61949
trial-129,fine-depth-1,0.8235364914997838,0.7719654647028948,0.7865178581692359,False,2.8,5.6,2.1,1.7,0.8125,1.1,1.3731,0.44,0.15,40,0.17,0.0,1.7,0.83385,0.68156,1.5,2.20755,3.875,0.75,60.0,0.12,0.61949
trial-130,fine-extension--1,0.8225650982705192,0.774885145482389,0.7868459771681506,False,2.8,5.6,2.1,1.7,0.8125,1.025,1.3731,0.44,0.15,40,0.17,0.0,1.7,0.83385,0.68156,1.5,2.20755,3.875,0.75,60.0,0.12,0.61949
trial-131,fine-extension-1,0.8228671433001842,0.7710965133906014,0.7838031391436726,,2.8,5.6,2.1,1.7,0.8125,1.175,1.3731,0.44,0.15,40,0.17,0.0,1.7,0.83385,0.68156,1.5,2.20755,3.875,0.75,60.0,0.12,0.61949
trial-132,fine-midsection--1,0.8234540715356398,0.7719654647028948,0.7857312584770898,False,2.8,5.6,2.1,1.7,0.8125,1.1,1.2981,0.44,0.15,40,0.17,0.0,1.7,0.83385,0.68156,1.5,2.20755,3.875,0.75,60.0,0.12,0.61949
trial-133,fine-midsection-1,0.8235276350119467,0.7719654647028948,0.7865891476327097,False,2.8,5.6,2.1,1.7,0.8125,1.1,1.4,0.44,0.15,40,0.17,0.0,1.7,0.83385,0.68156,1.5,2.20755,3.875,0.75,60.0,0.12,0.61949
trial-134,fine-socket--1,0.8240184038356198,0.7724733367191468,0.7868351323700153,False,2.8,5.6,2.1,1.7,0.8125,1.1,1.3731,0.41,0.15,40,0.17,0.0,1.7,0.83385,0.68156,1.5,2.20755,3.875,0.75,60.0,0.12,0.61949
trial-135,fine-socket-1,0.8230342357024932,0.771849593495935,0.7853075080568586,False,2.8,5.6,2.1,1.7,0.8125,1.1,1.3731,0.47,0.15,40,0.17,0.0,1.7,0.83385,0.68156,1.5,2.20755,3.875,0.75,60.0,0.12,0.61949
trial-136,fine-collar-1,0.8232662032525251,0.7723577235772358,0.7850307805173679,False,2.8,5.6,2.1,1.7,0.8125,1.1,1.3731,0.41,0.1875,40,0.17,0.0,1.7,0.83385,0.68156,1.5,2.20755,3.875,0.75,60.0,0.12,0.61949
trial-137,fine-fairing--1,0.8240792495628086,0.7727503812913066,0.7876469155945138,False,2.8,5.6,2.1,1.7,0.8125,1.1,1.3731,0.41,0.15,37,0.17,0.0,1.7,0.83385,0.68156,1.5,2.20755,3.875,0.75,60.0,0.12,0.61949
trial-138,fine-waist_depth--1,0.8237762601405232,0.7723577235772358,0.7865866528614063,False,2.8,5.6,2.1,1.7,0.8125,1.1,1.3731,0.41,0.15,37,0.155,0.0,1.7,0.83385,0.68156,1.5,2.20755,3.875,0.75,60.0,0.12,0.61949
trial-139,fine-waist_depth-1,0.8242921422808789,0.7727503812913066,0.7883851083101552,False,2.8,5.6,2.1,1.7,0.8125,1.1,1.3731,0.41,0.15,37,0.18,0.0,1.7,0.83385,0.68156,1.5,2.20755,3.875,0.75,60.0,0.12,0.61949
trial-140,fine-waist_width-1,0.8241211181828871,0.7734215885947047,0.787493777927257,True,2.8,5.6,2.1,1.7,0.8125,1.1,1.3731,0.41,0.15,37,0.18,0.0175,1.7,0.83385,0.68156,1.5,2.20755,3.875,0.75,60.0,0.12,0.61949
trial-141,fine-waist_height--1,0.8242535868987465,0.7727503812913066,0.7876469155945138,False,2.8,5.6,2.1,1.7,0.8125,1.1,1.3731,0.41,0.15,37,0.18,0.0,1.6125,0.83385,0.68156,1.5,2.20755,3.875,0.75,60.0,0.12,0.61949
trial-142,fine-attachment--1,0.8242275347530119,0.7727503812913066,0.7878733314126573,False,2.8,5.6,2.1,1.7,0.8125,1.1,1.3731,0.41,0.15,37,0.18,0.0,1.7,0.81385,0.68156,1.5,2.20755,3.875,0.75,60.0,0.12,0.61949
trial-143,fine-attachment-1,0.8243488414705848,0.7727503812913066,0.788087283087283,False,2.8,5.6,2.1,1.7,0.8125,1.1,1.3731,0.41,0.15,37,0.18,0.0,1.7,0.85385,0.68156,1.5,2.20755,3.875,0.75,60.0,0.12,0.61949
trial-144,fine-support_inner--1,0.8241747653856247,0.7727503812913066,0.787472186519618,False,2.8,5.6,2.1,1.7,0.8125,1.1,1.3731,0.41,0.15,37,0.18,0.0,1.7,0.85385,0.64406,1.5,2.20755,3.875,0.75,60.0,0.12,0.61949
trial-145,fine-support_inner-1,0.8244108277957087,0.7727503812913066,0.788087283087283,False,2.8,5.6,2.1,1.7,0.8125,1.1,1.3731,0.41,0.15,37,0.18,0.0,1.7,0.85385,0.7,1.5,2.20755,3.875,0.75,60.0,0.12,0.61949
trial-146,fine-support_outer--1,0.8241867318844425,0.7727503812913066,0.7875932008066839,False,2.8,5.6,2.1,1.7,0.8125,1.1,1.3731,0.41,0.15,37,0.18,0.0,1.7,0.85385,0.7,1.4625,2.20755,3.875,0.75,60.0,0.12,0.61949
trial-147,fine-anchor_inner--1,0.8244334192661843,0.7727503812913066,0.7879910815326219,False,2.8,5.6,2.1,1.7,0.8125,1.1,1.3731,0.41,0.15,37,0.18,0.0,1.7,0.85385,0.7,1.5,2.2,3.875,0.75,60.0,0.12,0.61949
trial-148,fine-anchor_inner-1,0.8242139754899485,0.7726347914547305,0.787293218329025,False,2.8,5.6,2.1,1.7,0.8125,1.1,1.3731,0.41,0.15,37,0.18,0.0,1.7,0.85385,0.7,1.5,2.28255,3.875,0.75,60.0,0.12,0.61949
trial-149,fine-anchor_middle--1,0.8245241181811371,0.7723577235772358,0.7884083427201047,False,2.8,5.6,2.1,1.7,0.8125,1.1,1.3731,0.41,0.15,37,0.18,0.0,1.7,0.85385,0.7,1.5,2.2,3.7875,0.75,60.0,0.12,0.61949
trial-150,fine-anchor_middle-1,0.8242507172055384,0.7727503812913066,0.7874393546528378,False,2.8,5.6,2.1,1.7,0.8125,1.1,1.3731,0.41,0.15,37,0.18,0.0,1.7,0.85385,0.7,1.5,2.2,3.9625,0.75,60.0,0.12,0.61949
trial-151,fine-swing--1,0.824143582745936,0.7723577235772358,0.7846289799316177,False,2.8,5.6,2.1,1.7,0.8125,1.1,1.3731,0.41,0.15,37,0.18,0.0,1.7,0.85385,0.7,1.5,2.2,3.7875,0.7125,60.0,0.12,0.61949
trial-152,fine-swing-1,0.8245182852794004,0.7723577235772358,0.7884204487334787,False,2.8,5.6,2.1,1.7,0.8125,1.1,1.3731,0.41,0.15,37,0.18,0.0,1.7,0.85385,0.7,1.5,2.2,3.7875,0.7875,60.0,0.12,0.61949
trial-153,fine-clearance--1,0.8342262489930814,0.7830769230769231,0.7979408372786709,False,2.8,5.6,2.1,1.7,0.8125,1.1,1.3731,0.41,0.15,37,0.18,0.0,1.7,0.85385,0.7,1.5,2.2,3.7875,0.75,57.5,0.12,0.61949
trial-154,fine-clearance-1,0.8132426822309682,0.7582349285270354,0.770156574216704,False,2.8,5.6,2.1,1.7,0.8125,1.1,1.3731,0.41,0.15,37,0.18,0.0,1.7,0.85385,0.7,1.5,2.2,3.7875,0.75,62.5,0.12,0.61949
trial-155,fine-curl--1,0.8240333348988975,0.7752293577981652,0.7859458079735566,False,2.8,5.6,2.1,1.7,0.8125,1.1,1.3731,0.41,0.15,37,0.18,0.0,1.7,0.85385,0.7,1.5,2.2,3.7875,0.75,60.0,0.11,0.61949
trial-156,fine-curl-1,0.8246701194214148,0.7710659898477157,0.7888040029349295,False,2.8,5.6,2.1,1.7,0.8125,1.1,1.3731,0.41,0.15,37,0.18,0.0,1.7,0.85385,0.7,1.5,2.2,3.7875,0.75,60.0,0.13,0.61949
trial-157,fine-curl_response--1,0.82444403286835,0.7700507614213198,0.7868530996731249,False,2.8,5.6,2.1,1.7,0.8125,1.1,1.3731,0.41,0.15,37,0.18,0.0,1.7,0.85385,0.7,1.5,2.2,3.7875,0.75,60.0,0.13,0.55699
trial-158,fine-curl_response-1,0.8246998243489672,0.7727503812913066,0.7885343340706688,False,2.8,5.6,2.1,1.7,0.8125,1.1,1.3731,0.41,0.15,37,0.18,0.0,1.7,0.85385,0.7,1.5,2.2,3.7875,0.75,60.0,0.13,0.68199
trial-159,tall-torso-repair-1.15,0.8246107363112609,0.7733265720081136,0.7852694517046993,True,2.8,5.6,2.1,1.7,0.8125,1.15,1.3731,0.41,0.15,37,0.18,0.0,1.7,0.85385,0.7,1.5,2.2,3.7875,0.75,60.0,0.13,0.68199
trial-160,tall-torso-repair-1.2,0.8238111603756588,0.7705496722138174,0.7838319395065184,,2.8,5.6,2.1,1.7,0.8125,1.2,1.3731,0.41,0.15,37,0.18,0.0,1.7,0.85385,0.7,1.5,2.2,3.7875,0.75,60.0,0.13,0.68199
trial-161,tall-torso-repair-1.25,0.8225019288954953,0.7678034102306921,0.7832329483435985,,2.8,5.6,2.1,1.7,0.8125,1.25,1.3731,0.41,0.15,37,0.18,0.0,1.7,0.85385,0.7,1.5,2.2,3.7875,0.75,60.0,0.13,0.68199
trial-162,tall-torso-repair-1.3,0.8205849645481036,0.7665330661322646,0.7797451211292363,,2.8,5.6,2.1,1.7,0.8125,1.3,1.3731,0.41,0.15,37,0.18,0.0,1.7,0.85385,0.7,1.5,2.2,3.7875,0.75,60.0,0.13,0.68199
trial-163,clearance-terminal-50.0-1.7-0.75,0.8106620904969929,0.7497243660418964,0.7738728512234427,,2.8,5.6,1.7,1.7,0.8125,1.15,1.3731,0.41,0.15,37,0.18,0.0,1.7,0.85385,0.7,1.5,2.2,3.7875,0.75,50.0,0.13,0.68199
trial-164,clearance-terminal-50.0-1.7-0.9,0.8106382123883964,0.7497243660418964,0.7738728512234427,,2.8,5.6,1.7,1.7,0.8125,1.15,1.3731,0.41,0.15,37,0.18,0.0,1.7,0.85385,0.7,1.5,2.2,3.7875,0.9,50.0,0.13,0.68199
trial-165,clearance-terminal-50.0-1.9-0.75,0.8436197853666011,0.7949965253648367,0.8032354650077582,False,2.8,5.6,1.9,1.7,0.8125,1.15,1.3731,0.41,0.15,37,0.18,0.0,1.7,0.85385,0.7,1.5,2.2,3.7875,0.75,50.0,0.13,0.68199
trial-166,clearance-terminal-50.0-1.9-0.9,0.8436180875763041,0.7949965253648367,0.8032354650077582,False,2.8,5.6,1.9,1.7,0.8125,1.15,1.3731,0.41,0.15,37,0.18,0.0,1.7,0.85385,0.7,1.5,2.2,3.7875,0.9,50.0,0.13,0.68199
trial-167,clearance-terminal-50.0-2.1-0.75,0.8532623724368524,0.8006734006734006,0.8155356368877824,False,2.8,5.6,2.1,1.7,0.8125,1.15,1.3731,0.41,0.15,37,0.18,0.0,1.7,0.85385,0.7,1.5,2.2,3.7875,0.75,50.0,0.13,0.68199
trial-168,clearance-terminal-50.0-2.1-0.9,0.853276384829746,0.8006734006734006,0.8155356368877824,False,2.8,5.6,2.1,1.7,0.8125,1.15,1.3731,0.41,0.15,37,0.18,0.0,1.7,0.85385,0.7,1.5,2.2,3.7875,0.9,50.0,0.13,0.68199
trial-169,clearance-terminal-55.0-1.7-0.75,0.8072138041277435,0.7390374331550802,0.7713210712953068,,2.8,5.6,1.7,1.7,0.8125,1.15,1.3731,0.41,0.15,37,0.18,0.0,1.7,0.85385,0.7,1.5,2.2,3.7875,0.75,55.0,0.13,0.68199
trial-170,clearance-terminal-55.0-1.7-0.9,0.8072247303111133,0.7390374331550802,0.7713210712953068,,2.8,5.6,1.7,1.7,0.8125,1.15,1.3731,0.41,0.15,37,0.18,0.0,1.7,0.85385,0.7,1.5,2.2,3.7875,0.9,55.0,0.13,0.68199
trial-171,clearance-terminal-55.0-1.9-0.75,0.8341443706131334,0.7903743315508022,0.7983245212508959,False,2.8,5.6,1.9,1.7,0.8125,1.15,1.3731,0.41,0.15,37,0.18,0.0,1.7,0.85385,0.7,1.5,2.2,3.7875,0.75,55.0,0.13,0.68199
trial-172,clearance-terminal-55.0-1.9-0.9,0.8341654810833482,0.7903743315508022,0.7983245212508959,False,2.8,5.6,1.9,1.7,0.8125,1.15,1.3731,0.41,0.15,37,0.18,0.0,1.7,0.85385,0.7,1.5,2.2,3.7875,0.9,55.0,0.13,0.68199
trial-173,clearance-terminal-55.0-2.1-0.75,0.842430246551259,0.7941327843540916,0.8052328738395629,False,2.8,5.6,2.1,1.7,0.8125,1.15,1.3731,0.41,0.15,37,0.18,0.0,1.7,0.85385,0.7,1.5,2.2,3.7875,0.75,55.0,0.13,0.68199
trial-174,clearance-terminal-55.0-2.1-0.9,0.842451838883397,0.7941327843540916,0.8052328738395629,False,2.8,5.6,2.1,1.7,0.8125,1.15,1.3731,0.41,0.15,37,0.18,0.0,1.7,0.85385,0.7,1.5,2.2,3.7875,0.9,55.0,0.13,0.68199
trial-175,constrained-fine-body--1,0.8242955176285556,0.7736520854526958,0.7855320195915234,,2.7375,5.6,2.1,1.7,0.8125,1.15,1.3731,0.41,0.15,37,0.18,0.0,1.7,0.85385,0.7,1.5,2.2,3.7875,0.75,60.0,0.13,0.68199
trial-176,constrained-fine-body-1,0.8245671061454598,0.7735562310030395,0.7850633601987872,,2.8625,5.6,2.1,1.7,0.8125,1.15,1.3731,0.41,0.15,37,0.18,0.0,1.7,0.85385,0.7,1.5,2.2,3.7875,0.75,60.0,0.13,0.68199
trial-177,constrained-fine-end--1,0.824942033320521,0.774604793472718,0.7863982289527721,False,2.8,5.5,2.1,1.7,0.8125,1.15,1.3731,0.41,0.15,37,0.18,0.0,1.7,0.85385,0.7,1.5,2.2,3.7875,0.75,60.0,0.13,0.68199
trial-178,constrained-fine-end-1,0.8217094353697976,0.7701433514582303,0.7822491509852605,,2.8,5.7,2.1,1.7,0.8125,1.15,1.3731,0.41,0.15,37,0.18,0.0,1.7,0.85385,0.7,1.5,2.2,3.7875,0.75,60.0,0.13,0.68199
trial-179,constrained-fine-bulb--1,0.8246650283692443,0.7726111394992335,0.7870757972112403,True,2.8,5.6,2.05,1.7,0.8125,1.15,1.3731,0.41,0.15,37,0.18,0.0,1.7,0.85385,0.7,1.5,2.2,3.7875,0.75,60.0,0.13,0.68199
trial-180,constrained-fine-bulb-1,0.8226302582446506,0.7702297702297702,0.7839688163945889,,2.8,5.6,2.15,1.7,0.8125,1.15,1.3731,0.41,0.15,37,0.18,0.0,1.7,0.85385,0.7,1.5,2.2,3.7875,0.75,60.0,0.13,0.68199
trial-181,constrained-fine-shaft--1,0.8246661635676353,0.7700972862263185,0.7873386575540581,False,2.8,5.6,2.05,1.65,0.8125,1.15,1.3731,0.41,0.15,37,0.18,0.0,1.7,0.85385,0.7,1.5,2.2,3.7875,0.75,60.0,0.13,0.68199
trial-182,constrained-fine-shaft-1,0.8245601025268239,0.7737003058103975,0.7863019940004035,,2.8,5.6,2.05,1.75,0.8125,1.15,1.3731,0.41,0.15,37,0.18,0.0,1.7,0.85385,0.7,1.5,2.2,3.7875,0.75,60.0,0.13,0.68199
trial-183,constrained-fine-depth--1,0.8233561928186589,0.7713707637835103,0.787665387745611,,2.8,5.6,2.05,1.7,0.775,1.15,1.3731,0.41,0.15,37,0.18,0.0,1.7,0.85385,0.7,1.5,2.2,3.7875,0.75,60.0,0.13,0.68199
trial-184,constrained-fine-depth-1,0.8240760543410551,0.7721261444557477,0.7853362819291259,,2.8,5.6,2.05,1.7,0.85,1.15,1.3731,0.41,0.15,37,0.18,0.0,1.7,0.85385,0.7,1.5,2.2,3.7875,0.75,60.0,0.13,0.68199
trial-185,constrained-fine-extension--1,0.8240332005806243,0.7744090441932169,0.7894519947684784,,2.8,5.6,2.05,1.7,0.8125,1.075,1.3731,0.41,0.15,37,0.18,0.0,1.7,0.85385,0.7,1.5,2.2,3.7875,0.75,60.0,0.13,0.68199
trial-186,constrained-fine-extension-1,0.8242042151514224,0.7680203045685279,0.7830781563462685,,2.8,5.6,2.05,1.7,0.8125,1.225,1.3731,0.41,0.15,37,0.18,0.0,1.7,0.85385,0.7,1.5,2.2,3.7875,0.75,60.0,0.13,0.68199
trial-187,constrained-fine-midsection--1,0.8245401207004479,0.7726111394992335,0.7870757972112403,,2.8,5.6,2.05,1.7,0.8125,1.15,1.2981,0.41,0.15,37,0.18,0.0,1.7,0.85385,0.7,1.5,2.2,3.7875,0.75,60.0,0.13,0.68199
trial-188,constrained-fine-midsection-1,0.8247066907794715,0.7726111394992335,0.7871617635634449,True,2.8,5.6,2.05,1.7,0.8125,1.15,1.4,0.41,0.15,37,0.18,0.0,1.7,0.85385,0.7,1.5,2.2,3.7875,0.75,60.0,0.13,0.68199
trial-189,constrained-fine-socket--1,0.8253060346577241,0.7726111394992335,0.787839957701921,False,2.8,5.6,2.05,1.7,0.8125,1.15,1.4,0.38,0.15,37,0.18,0.0,1.7,0.85385,0.7,1.5,2.2,3.7875,0.75,60.0,0.13,0.68199
trial-190,constrained-fine-socket-1,0.8242690418284441,0.7715891670924885,0.7871617635634449,,2.8,5.6,2.05,1.7,0.8125,1.15,1.4,0.44,0.15,37,0.18,0.0,1.7,0.85385,0.7,1.5,2.2,3.7875,0.75,60.0,0.13,0.68199
trial-191,constrained-fine-collar-1,0.8240502900929252,0.7701736465781409,0.7870438390351431,,2.8,5.6,2.05,1.7,0.8125,1.15,1.4,0.41,0.1875,37,0.18,0.0,1.7,0.85385,0.7,1.5,2.2,3.7875,0.75,60.0,0.13,0.68199
trial-192,constrained-fine-fairing--1,0.8247534797159525,0.7726111394992335,0.7873718079573844,True,2.8,5.6,2.05,1.7,0.8125,1.15,1.4,0.41,0.15,34,0.18,0.0,1.7,0.85385,0.7,1.5,2.2,3.7875,0.75,60.0,0.13,0.68199
trial-193,constrained-fine-fairing-1,0.8247200018545555,0.7732379979570991,0.7867524373090169,,2.8,5.6,2.05,1.7,0.8125,1.15,1.4,0.41,0.15,40,0.18,0.0,1.7,0.85385,0.7,1.5,2.2,3.7875,0.75,60.0,0.13,0.68199
trial-194,constrained-fine-waist_depth--1,0.8243839216979405,0.7726111394992335,0.7869622002811685,,2.8,5.6,2.05,1.7,0.8125,1.15,1.4,0.41,0.15,34,0.165,0.0,1.7,0.85385,0.7,1.5,2.2,3.7875,0.75,60.0,0.13,0.68199
trial-195,constrained-fine-waist_width-1,0.8246375024978934,0.7735655737704918,0.7877142220307253,,2.8,5.6,2.05,1.7,0.8125,1.15,1.4,0.41,0.15,34,0.18,0.0175,1.7,0.85385,0.7,1.5,2.2,3.7875,0.75,60.0,0.13,0.68199
trial-196,constrained-fine-waist_height--1,0.8246477186580939,0.7726111394992335,0.7871489260008724,,2.8,5.6,2.05,1.7,0.8125,1.15,1.4,0.41,0.15,34,0.18,0.0,1.6125,0.85385,0.7,1.5,2.2,3.7875,0.75,60.0,0.13,0.68199
trial-197,constrained-fine-attachment--1,0.8246818254080076,0.7734015345268542,0.787164576064721,,2.8,5.6,2.05,1.7,0.8125,1.15,1.4,0.41,0.15,34,0.18,0.0,1.7,0.83385,0.7,1.5,2.2,3.7875,0.75,60.0,0.13,0.68199
trial-198,constrained-fine-attachment-1,0.8248230879762367,0.7726111394992335,0.7871831274729155,True,2.8,5.6,2.05,1.7,0.8125,1.15,1.4,0.41,0.15,34,0.18,0.0,1.7,0.87385,0.7,1.5,2.2,3.7875,0.75,60.0,0.13,0.68199
trial-199,constrained-fine-support_inner--1,0.824707705762363,0.772100153295861,0.7871831274729155,,2.8,5.6,2.05,1.7,0.8125,1.15,1.4,0.41,0.15,34,0.18,0.0,1.7,0.87385,0.6625,1.5,2.2,3.7875,0.75,60.0,0.13,0.68199
trial-200,constrained-fine-support_outer--1,0.8246850353863395,0.7715891670924885,0.7871831274729155,,2.8,5.6,2.05,1.7,0.8125,1.15,1.4,0.41,0.15,34,0.18,0.0,1.7,0.87385,0.7,1.4625,2.2,3.7875,0.75,60.0,0.13,0.68199
trial-201,constrained-fine-anchor_inner-1,0.8245286975418256,0.772100153295861,0.7867596193101919,,2.8,5.6,2.05,1.7,0.8125,1.15,1.4,0.41,0.15,34,0.18,0.0,1.7,0.87385,0.7,1.5,2.275,3.7875,0.75,60.0,0.13,0.68199
trial-202,constrained-fine-anchor_middle--1,0.8249615278180802,0.772100153295861,0.787671376104898,True,2.8,5.6,2.05,1.7,0.8125,1.15,1.4,0.41,0.15,34,0.18,0.0,1.7,0.87385,0.7,1.5,2.2,3.7,0.75,60.0,0.13,0.68199
trial-203,constrained-fine-anchor_middle-1,0.8245791803900526,0.7726111394992335,0.7868731455845585,,2.8,5.6,2.05,1.7,0.8125,1.15,1.4,0.41,0.15,34,0.18,0.0,1.7,0.87385,0.7,1.5,2.2,3.875,0.75,60.0,0.13,0.68199
trial-204,constrained-fine-swing--1,0.8245128060885463,0.772100153295861,0.7858111783544832,,2.8,5.6,2.05,1.7,0.8125,1.15,1.4,0.41,0.15,34,0.18,0.0,1.7,0.87385,0.7,1.5,2.2,3.7,0.7125,60.0,0.13,0.68199
trial-205,constrained-fine-swing-1,0.8249779847509844,0.772100153295861,0.787671376104898,True,2.8,5.6,2.05,1.7,0.8125,1.15,1.4,0.41,0.15,34,0.18,0.0,1.7,0.87385,0.7,1.5,2.2,3.7,0.7875,60.0,0.13,0.68199
trial-206,constrained-fine-clearance--1,0.8343823440444788,0.784020618556701,0.7981551618612686,False,2.8,5.6,2.05,1.7,0.8125,1.15,1.4,0.41,0.15,34,0.18,0.0,1.7,0.87385,0.7,1.5,2.2,3.7,0.7875,57.5,0.13,0.68199
trial-207,constrained-fine-clearance-1,0.8139357282798957,0.7601626016260162,0.7708323590781654,,2.8,5.6,2.05,1.7,0.8125,1.15,1.4,0.41,0.15,34,0.18,0.0,1.7,0.87385,0.7,1.5,2.2,3.7,0.7875,62.5,0.13,0.68199
trial-208,constrained-fine-curl--1,0.8244771705901972,0.7736815156169995,0.7868598729970082,,2.8,5.6,2.05,1.7,0.8125,1.15,1.4,0.41,0.15,34,0.18,0.0,1.7,0.87385,0.7,1.5,2.2,3.7,0.7875,60.0,0.12,0.68199
trial-209,constrained-fine-curl-1,0.8251553218610252,0.7707267144319345,0.787687358338817,True,2.8,5.6,2.05,1.7,0.8125,1.15,1.4,0.41,0.15,34,0.18,0.0,1.7,0.87385,0.7,1.5,2.2,3.7,0.7875,60.0,0.14,0.68199
trial-210,constrained-fine-curl_response--1,0.8250816231417294,0.7685232498722534,0.7853721494122341,,2.8,5.6,2.05,1.7,0.8125,1.15,1.4,0.41,0.15,34,0.18,0.0,1.7,0.87385,0.7,1.5,2.2,3.7,0.7875,60.0,0.14,0.61949
trial-211,constrained-fine-curl_response-1,0.8250304232765537,0.7726111394992335,0.7876732127836169,,2.8,5.6,2.05,1.7,0.8125,1.15,1.4,0.41,0.15,34,0.18,0.0,1.7,0.87385,0.7,1.5,2.2,3.7,0.7875,60.0,0.14,0.74449
trial-212,socket-clearance-50.0-1.1-0.5,0.8406616750472884,0.782133676092545,0.8016965482573727,False,2.8,5.6,2.05,1.1,0.8125,1.15,1.4,0.5,0.15,34,0.18,0.0,1.7,0.87385,0.7,1.5,2.2,3.7,0.7875,50.0,0.14,0.68199
trial-213,socket-clearance-50.0-1.1-0.65,0.8389030537218918,0.7813504823151125,0.7998640862926236,False,2.8,5.6,2.05,1.1,0.8125,1.15,1.4,0.65,0.15,34,0.18,0.0,1.7,0.87385,0.7,1.5,2.2,3.7,0.7875,50.0,0.14,0.68199
trial-214,socket-clearance-50.0-1.3-0.5,0.8465805577830994,0.7856685860524633,0.8057555017353073,False,2.8,5.6,2.05,1.3,0.8125,1.15,1.4,0.5,0.15,34,0.18,0.0,1.7,0.87385,0.7,1.5,2.2,3.7,0.7875,50.0,0.14,0.68199
trial-215,socket-clearance-50.0-1.3-0.65,0.8446250574287915,0.7860345932094811,0.804518933591299,False,2.8,5.6,2.05,1.3,0.8125,1.15,1.4,0.65,0.15,34,0.18,0.0,1.7,0.87385,0.7,1.5,2.2,3.7,0.7875,50.0,0.14,0.68199
trial-216,socket-clearance-50.0-1.5-0.5,0.8512262700076678,0.7932354818123803,0.8104284013900818,False,2.8,5.6,2.05,1.5,0.8125,1.15,1.4,0.5,0.15,34,0.18,0.0,1.7,0.87385,0.7,1.5,2.2,3.7,0.7875,50.0,0.14,0.68199
trial-217,socket-clearance-50.0-1.5-0.65,0.8490424630108191,0.7913209955328654,0.8084308039807441,False,2.8,5.6,2.05,1.5,0.8125,1.15,1.4,0.65,0.15,34,0.18,0.0,1.7,0.87385,0.7,1.5,2.2,3.7,0.7875,50.0,0.14,0.68199
trial-218,socket-clearance-55.0-1.1-0.5,0.828565171118357,0.7764253683536195,0.7902425018312127,False,2.8,5.6,2.05,1.1,0.8125,1.15,1.4,0.5,0.15,34,0.18,0.0,1.7,0.87385,0.7,1.5,2.2,3.7,0.7875,55.0,0.14,0.68199
trial-219,socket-clearance-55.0-1.1-0.65,0.826673292587698,0.775,0.7877975908901508,False,2.8,5.6,2.05,1.1,0.8125,1.15,1.4,0.65,0.15,34,0.18,0.0,1.7,0.87385,0.7,1.5,2.2,3.7,0.7875,55.0,0.14,0.68199
trial-220,socket-clearance-55.0-1.3-0.5,0.8352945817176576,0.7799744897959183,0.794744431883394,False,2.8,5.6,2.05,1.3,0.8125,1.15,1.4,0.5,0.15,34,0.18,0.0,1.7,0.87385,0.7,1.5,2.2,3.7,0.7875,55.0,0.14,0.68199
trial-221,socket-clearance-55.0-1.3-0.65,0.832979452279585,0.7803320561941252,0.7935301585523866,False,2.8,5.6,2.05,1.3,0.8125,1.15,1.4,0.65,0.15,34,0.18,0.0,1.7,0.87385,0.7,1.5,2.2,3.7,0.7875,55.0,0.14,0.68199
trial-222,socket-clearance-55.0-1.5-0.5,0.8401160858689993,0.7863874345549738,0.7970590846228602,False,2.8,5.6,2.05,1.5,0.8125,1.15,1.4,0.5,0.15,34,0.18,0.0,1.7,0.87385,0.7,1.5,2.2,3.7,0.7875,55.0,0.14,0.68199
trial-223,socket-clearance-55.0-1.5-0.65,0.8375863356711166,0.7840670859538784,0.7952607564353127,False,2.8,5.6,2.05,1.5,0.8125,1.15,1.4,0.65,0.15,34,0.18,0.0,1.7,0.87385,0.7,1.5,2.2,3.7,0.7875,55.0,0.14,0.68199
