tick,baseline_ms,recording_ms
1,57.2063,48.5539
2,22.7056,28.745
3,25.3718,29.8083
4,18.7134,18.6197
5,23.9945,22.2056
6,36.5432,23.4101
7,25.4106,35.5578
8,15.8427,71.7215
9,17.9267,31.3803
10,14.7916,21.0811
11,13.8835,32.2524
12,12.9668,21.1059
13,13.9616,21.791
14,15.8572,34.1341
15,11.9656,24.7751
16,22.1297,23.244
17,10.0807,26.4796
18,22.7205,20.2616
19,11.9718,24.6917
20,10.9182,89.4197
21,12.9343,21.9756
22,9.96565,14.8299
23,13.1428,13.6783
24,23.1414,15.8333
25,14.5437,19.8343
26,9.89273,18.9358
27,14.0893,21.172
28,11.8518,26.479
29,15.9561,23.1772
30,9.79708,24.5472
31,10.0339,29.0828
32,11.0326,15.6996
33,13.7857,33.4498
34,12.9493,20.856
35,9.02674,22.5124
36,13.9843,27.5772
37,8.35547,25.5585
38,24.6206,22.2118
39,11.7309,30.7304
40,21.2186,20.8125
41,18.6544,16.9111
42,18.131,24.9278
43,14.2178,22.7433
44,15.9818,31.5932
45,13.5697,16.491
46,21.1816,14.9121
47,15.8075,9.91794
48,15.0516,13.7418
49,14.8016,18.3613
50,17.123,13.4467
51,12.8408,30.4679
52,19.3095,10.4711
53,16.607,25.0532
54,30.931,21.5183
55,11.856,17.9646
56,14.0562,28.4849
57,35.9573,25.6243
58,28.8021,22.7822
59,26.051,16.2948
60,28.8621,23.505
