tick,baseline,recording
1,2017733828,2017733828
2,1421617916,1421617916
3,2960829588,2960829588
4,1213494984,1213494984
5,3153202765,3153202765
6,752280195,752280195
7,1425380380,1425380380
8,2506320360,2506320360
9,548066125,548066125
10,2797606756,2797606756
11,974045821,974045821
12,1043648166,1043648166
13,2641484587,2641484587
14,2386436905,2386436905
15,2547965408,2547965408
16,956025025,956025025
17,3140251527,3140251527
18,2777791922,2777791922
19,435149679,435149679
20,1810272785,1810272785
21,186369698,186369698
22,2505377739,2505377739
23,2537378756,2537378756
24,1653767869,1653767869
25,1364791924,1364791924
26,1509354087,1509354087
27,1459937912,1459937912
28,3511786050,3511786050
29,3683915060,3683915060
30,57698248,57698248
31,1264579550,1264579550
32,3385875939,3385875939
33,456697390,456697390
34,843836592,843836592
35,3055655501,3055655501
36,523126794,523126794
37,4049371367,4049371367
38,1577884262,1577884262
39,1037565525,1037565525
40,3305456003,3305456003
41,1313833374,1313833374
42,4021256611,4021256611
43,769098151,769098151
44,1886256709,1886256709
45,2890792496,2890792496
46,3207462434,3207462434
47,3627287022,3627287022
48,127926745,127926745
49,562037202,562037202
50,2106044899,2106044899
51,4277397991,4277397991
52,3731237266,3731237266
53,3899156910,3899156910
54,2450450859,2450450859
55,2383341971,2383341971
56,2570480006,2570480006
57,2017973863,2017973863
58,2389825053,2389825053
59,2322716163,2322716163
60,2149701159,2149701159
